word,pos,meaning,level,source
a,art.,"第一個字母 A; 一個; 第一的\r；art. [計] 累加器, 加法器, 地址, 振幅, 模擬, 區域, 面積, 彙編, 組件, 異步",1,CEEC-108
a.m.,adv.,"上午, 午前",1,CEEC-108
abandon,v.,遺棄,4,CEEC-108
abbreviate,v.,"vt. 縮寫, 使...簡略, 縮短；vi. 使用縮寫詞",6,CEEC-108
abide,v.,遵守,6,CEEC-108
ability,n.,能力；才能,1,CEEC-108
able,adj.,能；有能力的,1,CEEC-108
abnormal,adj.,反常的,5,CEEC-108
aboard,adv./prep.,在(船、飛機、車)上,3,CEEC-108
abolish,v.,廢除,5,CEEC-108
aboriginal,adj./n.,原住民的,6,CEEC-108
abortion,n.,墮胎,5,CEEC-108
abound,v.,"vi. 大量存在, 富於, 充滿",6,CEEC-108
about,adv./prep.,關於,1,CEEC-108
above,adj./adv./prep.,在…上面；優於，勝過,1,CEEC-108
abroad,adv.,在(到)國外,1,CEEC-108
abrupt,adj.,突然的；魯莽的,5,CEEC-108
absence,n.,缺席；缺少,2,CEEC-108
absent,adj./v.,缺席的,2,CEEC-108
absolute,adj.,完全的；絕對的,4,CEEC-108
absorb,v.,吸收；理解,4,CEEC-108
abstract,adj.,抽象的,4,CEEC-108
abstraction,n.,心不在焉／抽象概念,6,CEEC-108
absurd,adj.,荒唐的,5,CEEC-108
abundance,n.,豐富,6,CEEC-108
abundant,adj.,"a. 豐富的, 充分的, 大量的",5,CEEC-108
abuse,n./v.,"n. 濫用, 虐待, 惡習, 辱罵；vt. 濫用, 辱罵, 虐待",5,CEEC-108
academic,adj.,學院的；學術的,4,CEEC-108
academy,n.,"n. 學院, 院校, 學會",6,CEEC-108
accelerate,v.,"v. 加速, 促進",5,CEEC-108
accent,n.,"n. 重音, 口音, 特點, 注重點；vt. 重讀, 加重音號於, 強調",4,CEEC-108
accept,v.,接受,2,CEEC-108
acceptable,adj.,可以接受的,3,CEEC-108
acceptance,n.,接受,4,CEEC-108
access,n./v.,"n. 通路, 入口, 接近, 進入, 使用權, 發作；vt. 訪問, 存取, 接近, 使用；[計] 訪問, 存取",4,CEEC-108
accessible,adj.,易接近的,5,CEEC-108
accessory,adj./n.,附件,6,CEEC-108
accident,n.,事故,2,CEEC-108
accidental,adj.,偶然的；意外的,4,CEEC-108
acclaim,n./v.,歡呼；歡呼聲,6,CEEC-108
accommodate,v.,"vt. 使適應, 調和, 通融, 容納, 向...提供；vi. 適應",5,CEEC-108
accommodation,n.,n住所,5,CEEC-108
accompany,v.,陪同,4,CEEC-108
accomplish,v.,完成,4,CEEC-108
accomplishment,n.,[C]才藝；[U]完成,4,CEEC-108
accord,n./v.,符合,5,CEEC-108
accordance,n.,"n. 一致, 和諧",6,CEEC-108
accordingly,adv.,因此,6,CEEC-108
account,n./v.,帳戶；描述,2,CEEC-108
accountable,adj.,負有責任的,6,CEEC-108
accountant,n.,會計師,4,CEEC-108
accounting,n.,會計學,5,CEEC-108
accumulate,v.,累積,6,CEEC-108
accumulation,n.,累積,6,CEEC-108
accuracy,n.,正確(性),4,CEEC-108
accurate,adj.,準確的,3,CEEC-108
accusation,n.,控訴,6,CEEC-108
accuse,v.,把…歸咎(於)；指控,4,CEEC-108
accustom,v.,使習慣,6,CEEC-108
ache,n./v.,疼痛,3,CEEC-108
achieve,v.,"vt. 完成, 達到；vi. 如願以償",3,CEEC-108
achievement,n.,"n. 完成, 成就, 功業",3,CEEC-108
acid,adj./n.,"n. 酸, 酸類物質, 尖刻, 迷幻藥；a. 酸的, 酸性的, 尖刻的, 敏銳的；[計] 自動文檔互參與索引生成程式",4,CEEC-108
acknowledge,v.,"vt. 承認, 告知收悉, 答謝, 報償；[經] 承認, 答謝, 收到的通知",5,CEEC-108
acknowledgement,n.,"n. 承認, 確認, 感謝, 收到的通知；[計] 確認; 肯定",5,CEEC-108
acne,n.,"n. 痤瘡, 粉刺；[醫] 痤瘡, 粉刺",6,CEEC-108
acquaint,v.,"vt. 使認識, 介紹",5,CEEC-108
acquaintance,n.,熟人,4,CEEC-108
acquire,v.,取得,4,CEEC-108
acquisition,n.,取得；獲得物,5,CEEC-108
acre,n.,英畝,6,CEEC-108
across,adv./prep.,橫越,1,CEEC-108
act,n./v.,行動；表演,1,CEEC-108
action,n.,行動；作用,1,CEEC-108
active,adj.,活躍的；積極的,2,CEEC-108
activist,n.,n. 激進主義分子,5,CEEC-108
activity,n.,活動；活動力,2,CEEC-108
actor,n.,男演員,1,CEEC-108
actress,n.,女演員,1,CEEC-108
actual,adj.,實際的,2,CEEC-108
acute,adj.,敏銳的,5,CEEC-108
ad,n.,廣告,3,CEEC-108
adapt,v.,使適應,4,CEEC-108
adaptation,n.,適應；改編(本),6,CEEC-108
add,v.,增加,1,CEEC-108
addict,n./v.,對～有癮的人,4,CEEC-108
addiction,n.,耽溺,6,CEEC-108
addition,n.,增加；附加,2,CEEC-108
additional,adj.,附加的,3,CEEC-108
address,n./v.,地址；致詞,2,CEEC-108
adequate,adj.,"a. 適當的, 足夠的；[法] 勝任的, 適當的, 充分的",4,CEEC-108
adjust,v.,"vt. 調整, 使適應於, 校準；vi. 適應於, 被調節, 相互熟悉而適應",4,CEEC-108
adjustment,n.,"n. 調整, 調節, 校正；[化] 調節",4,CEEC-108
administer,v.,"vt. 管理, 料理, 執行；vi. 執行遺產管理人的職責, 給予幫助",6,CEEC-108
administrate,v.,"vt. 管理, 支配",6,CEEC-108
administration,n.,"n. 行政, 管理, 政府機關；[化] 給藥",5,CEEC-108
administrative,adj.,行政的,5,CEEC-108
administrator,n.,行政官員,5,CEEC-108
admirable,adj.,令人欽佩的,4,CEEC-108
admiral,n.,海軍將官,6,CEEC-108
admiration,n.,欽佩,4,CEEC-108
admire,v.,欽佩；欣賞,3,CEEC-108
admission,n.,加入許可；承認,4,CEEC-108
admit,v.,承認,2,CEEC-108
adolescence,n.,青春期,6,CEEC-108
adolescent,adj./n.,青春期的；青少年,5,CEEC-108
adopt,v.,採取；收養,4,CEEC-108
adore,v.,"vt. 崇拜, 愛慕, 喜愛；vi. 崇拜, 愛慕",5,CEEC-108
adult,adj./n.,成年人,2,CEEC-108
advance,n./v.,推進；將…提前,2,CEEC-108
advanced,adj.,先進的；高等的,3,CEEC-108
advantage,n.,有利條件；優勢,3,CEEC-108
adventure,n.,冒險,3,CEEC-108
adverse,adj.,反對的,5,CEEC-108
advertise,v.,"vt. 做廣告, 通知, 公布；vi. 做廣告",3,CEEC-108
advertisement,n.,"n. 廣告, 啟事, 廣告宣傳；[法] 廣告, 公告, 告示",3,CEEC-108
advice,n.,勸告；消息,2,CEEC-108
advise,v.,勸告；忠告；通知,3,CEEC-108
adviser,n.,"n. 顧問, 勸告者, 指導教師；[法] 顧問, 勸告者",3,CEEC-108
advisor,n.,"n. 顧問, 勸告者, 指導教師",3,CEEC-108
advisory,adj.,提供忠告的,6,CEEC-108
advocate,n./v.,提倡者；擁護,5,CEEC-108
aesthetic,adj.,美感的,6,CEEC-108
affair,n.,事情；事件,2,CEEC-108
affect,v.,影響；使感動,2,CEEC-108
affection,n.,愛情,5,CEEC-108
affectionate,adj.,"a. 深情的, 充滿情愛的",6,CEEC-108
affiliate,n.,"vt. 使緊密聯繫, 使附屬, 接納, 收養；vi. 發生聯繫, 參加",6,CEEC-108
affirm,v.,"v. 斷言, 確認",6,CEEC-108
afford,v.,類得起；承擔得起,3,CEEC-108
afraid,adj.,害怕的,1,CEEC-108
after,adv./conj./prep.,在…之後；以後的,1,CEEC-108
afternoon,n.,下午,1,CEEC-108
afterward,adv.,"adv. 然後, 後來",3,CEEC-108
afterwards,adv.,"adv. 然後, 後來",3,CEEC-108
again,adv.,再一次,1,CEEC-108
against,prep.,反對；對著,2,CEEC-108
age,n./v.,年齡；使變老,1,CEEC-108
agency,n.,代理機構；仲介,4,CEEC-108
agenda,n.,議程,5,CEEC-108
agent,n.,代理人；仲介人,4,CEEC-108
aggression,n.,侵略,5,CEEC-108
aggressive,adj.,好鬥的；積極的,4,CEEC-108
ago,adv.,在～以前,1,CEEC-108
agony,n.,痛苦,5,CEEC-108
agree,v.,"vi. 同意, 贊成, 應允, 適合；vt. 承認, 認定, 同意",1,CEEC-108
agreeable,adj.,"a. 令人愉快的, 同意的；[醫] 佳適的",4,CEEC-108
agreement,n.,"n. 同意, 合約, 協議；[經] 契約, 協議, 協定",1,CEEC-108
agricultural,adj.,"a. 農業的；[法] 農業的, 耕作的",5,CEEC-108
agriculture,n.,農業,3,CEEC-108
ahead,adv.,在·前面；領先,2,CEEC-108
aid,n./v.,幫助,2,CEEC-108
aim,n./v.,目標；瞄準,2,CEEC-108
air,n.,空氣；大氣；天空,1,CEEC-108
aircraft,n.,航空器；飛機,2,CEEC-108
airline,n.,航線；航空公司,3,CEEC-108
airplane,n.,飛機,1,CEEC-108
airport,n.,機場；航空站,1,CEEC-108
airtight,adj.,"a. 氣密的, 不透氣的, 無懈可擊的；[機] 氣密, 不透氣",6,CEEC-108
airway,n.,航空公司；航線,6,CEEC-108
aisle,n.,通道,5,CEEC-108
alarm,n./v.,警報；驚恐,2,CEEC-108
album,n.,一套唱片；相簿,2,CEEC-108
alcohol,n.,酒精,4,CEEC-108
alcoholic,adj./n.,酒精飲料；含酒精的,5,CEEC-108
alert,adj./n./v.,警覺的；警戒,4,CEEC-108
algebra,n.,代數,6,CEEC-108
alien,adj./n.,外國的,5,CEEC-108
alienate,v.,使不和,6,CEEC-108
align,v.,"vi. 排列, 排成一行, 結盟；vt. 使結盟, 使成一行, 校正",6,CEEC-108
alike,adj./adv.,相同的,2,CEEC-108
alive,adj.,活著的；有活力的,2,CEEC-108
all,adj./adv./n./pron.,全部的；全體,1,CEEC-108
allege,v.,聲稱,6,CEEC-108
allergic,adj.,"a. 對...過敏的, 極反感的；[醫] 變應性的",5,CEEC-108
allergy,n.,過敏性反應,5,CEEC-108
alley,n.,小巷子；小徑,3,CEEC-108
alliance,n.,聯盟,5,CEEC-108
alligator,n.,n. 短吻鱷；[機] 兩棲裝甲車,6,CEEC-108
allocate,v.,撥給,5,CEEC-108
allow,v.,允許,1,CEEC-108
allowance,n.,"n. 津貼, 零用錢, 限額, 折扣, 允許；vt. 定量供應",4,CEEC-108
ally,n./v.,"n. 同盟者, 同盟國, 助手；vt. 使聯盟, 使聯合, 使有關係；vi. 結盟",5,CEEC-108
almond,n.,n. 杏仁；[化] 杏仁,3,CEEC-108
almost,adv.,幾乎,1,CEEC-108
alone,adj./adv.,單獨的,2,CEEC-108
along,adv./prep.,沿著；一起,1,CEEC-108
alongside,adv./prep.,靠著…旁邊,5,CEEC-108
aloud,adv.,大聲地,2,CEEC-108
alphabet,n.,字母系統,3,CEEC-108
already,adv.,已經；先前,1,CEEC-108
also,adv.,同樣地,1,CEEC-108
alter,v.,v. 改變,5,CEEC-108
alternate,adj./n./v.,輪流的,5,CEEC-108
alternative,adj./n.,替代的；二擇一的,4,CEEC-108
although,conj.,雖然；然而,1,CEEC-108
altitude,n.,高度,6,CEEC-108
altogether,adv.,完全；總而言之,2,CEEC-108
aluminum,n.,鋁,6,CEEC-108
always,adv.,總是；永遠,1,CEEC-108
am,adv.,"be的單數第一人稱；[計] 存取管理程式, 尋址方式, 地址標記, 變址數, 調幅, 輔助存儲器",1,CEEC-108
amateur,adj./n.,業餘從事者；業餘的,4,CEEC-108
amaze,v.,vt. 使吃驚,3,CEEC-108
amazement,n.,"n. 驚愕, 驚異",3,CEEC-108
ambassador,n.,大使；使節,3,CEEC-108
ambiguity,n.,意義含糊,6,CEEC-108
ambiguous,adj.,含糊的,4,CEEC-108
ambition,n.,抱負；志向,3,CEEC-108
ambitious,adj.,野心勃勃的,4,CEEC-108
ambulance,n.,救護車,3,CEEC-108
amend,v.,修改,5,CEEC-108
amid,prep.,在…當中,6,CEEC-108
amidst,prep.,prep. 在...當中,6,CEEC-108
among,prep.,在…之中,2,CEEC-108
amount,n./v.,共計；總數,2,CEEC-108
ample,adj.,"a. 大量的, 充足的, 豐富的",5,CEEC-108
amplify,v.,"vt. 增強, 放大, 擴大, 詳述；vi. 引伸",6,CEEC-108
amuse,v.,"vt. 消遣, 娛樂, 使發笑",4,CEEC-108
amusement,n.,"n. 興味, 娛樂, 消遣；[法] 娛樂, 娛樂活動",4,CEEC-108
an,art.,art. 一,1,CEEC-108
analogy,n.,相似,6,CEEC-108
analysis,n.,分析,4,CEEC-108
analyst,n.,分析家,5,CEEC-108
analytical,adj.,"a. 分析的, 善於分析的, 解析的；[機] 分析的",6,CEEC-108
analyze,v.,"vt. 分析, 細察, 分解；[機] 分析",4,CEEC-108
ancestor,n.,祖先,4,CEEC-108
anchor,n./v.,"n. 錨；vt. 拋錨停泊, 使固定；[計] 錨",6,CEEC-108
ancient,adj.,古代的,2,CEEC-108
and,conj.,"conj. 和, 與；[計] 與",1,CEEC-108
angel,n.,天使,3,CEEC-108
anger,n.,生氣,2,CEEC-108
angle,n.,n角度；立場,2,CEEC-108
angry,adj.,生氣的,1,CEEC-108
animal,n.,動物,1,CEEC-108
animate,adj./v.,"vt. 使有生氣, 賦予生命；a. 有生命的, 有生氣的",6,CEEC-108
ankle,n.,足踝,2,CEEC-108
anniversary,n.,週年紀念,4,CEEC-108
announce,v.,"vt. 宣布, 聲稱, 顯示, 預告；vi. 當報幕員, 宣布參加競選",3,CEEC-108
announcement,n.,"n. 公告, 發表, 告知；[經] 通告, 布告, 公告",3,CEEC-108
annoy,v.,"vt. 使惱怒, 騷擾",4,CEEC-108
annoyance,n.,"n. 煩惱, 打擾, 可厭之事；[法] 使人煩惱的事物, 麻煩事, 討厭物",6,CEEC-108
annual,adj.,一年一度的,4,CEEC-108
anonymous,adj.,不具名的,5,CEEC-108
another,adj./pron.,另一個,1,CEEC-108
answer,n./v.,答案,1,CEEC-108
ant,n.,螞蟻,1,CEEC-108
anthem,n.,聖歌,6,CEEC-108
antibiotic,adj./n.,抗生素,6,CEEC-108
anticipate,v.,"vt. 預期, 佔先, 加速, 提前使用；[醫] 提前出現, 先期發生",5,CEEC-108
anticipation,n.,期盼,6,CEEC-108
antique,adj./n.,年代久遠的,5,CEEC-108
antonym,n.,n. 反義詞,6,CEEC-108
anxiety,n.,焦慮,4,CEEC-108
anxious,adj.,焦慮的,3,CEEC-108
any,adj./adv./pron.,任何的；若干,1,CEEC-108
anybody,pron.,pron. 任何人；n. 重要人物,1,CEEC-108
anyhow,adv.,無論如何,3,CEEC-108
anyone,pron.,pron. 任何人,1,CEEC-108
anyplace,adv.,adv. 在任何地方,2,CEEC-108
anything,pron.,pron. 任何事,1,CEEC-108
anytime,adv.,adv. 任何時候；無例外地,2,CEEC-108
anyway,adv.,無論如何,2,CEEC-108
anywhere,adv.,adv. 無論何處,2,CEEC-108
apart,adv.,分開的,3,CEEC-108
apartment,n.,公寓大樓,1,CEEC-108
ape,n.,大猩猩,2,CEEC-108
apologize,v.,道歉,3,CEEC-108
apology,n.,道歉,4,CEEC-108
apparent,adj.,明顯的,4,CEEC-108
appeal,n./v.,吸引；呼籲,3,CEEC-108
appear,v.,出現；顯露,1,CEEC-108
appearance,n.,外貌；顯露,2,CEEC-108
appetite,n.,胃口；食慾,2,CEEC-108
applaud,v.,鼓掌,6,CEEC-108
applause,n.,掌聲,5,CEEC-108
apple,n.,"n. 蘋果, 傢夥；[醫] 蘋果",1,CEEC-108
appliance,n.,器具；裝備,5,CEEC-108
applicable,adj.,適用的,6,CEEC-108
applicant,n.,申請人,4,CEEC-108
application,n.,應用；申請書,4,CEEC-108
apply,v.,應用；申請,2,CEEC-108
appoint,v.,任命；指派,4,CEEC-108
appointment,n.,約定；指派,4,CEEC-108
appreciate,v.,欣賞；感激,2,CEEC-108
appreciation,n.,欣賞；感謝,4,CEEC-108
apprentice,n.,學徒,6,CEEC-108
approach,n./v.,接近；著手處理,2,CEEC-108
appropriate,adj.,適當的,4,CEEC-108
approval,n.,同意；認可,4,CEEC-108
approve,v.,同意；認可,3,CEEC-108
approximate,adj./v.,"a. 大約的, 接近的, 近似的；vt. 接近, 使接近, 粗略估計；vi. 接近於",6,CEEC-108
apron,n.,圍裙；工作裙,3,CEEC-108
apt,adj.,有…傾向的,5,CEEC-108
aquarium,n.,水族館,4,CEEC-108
arch,n./v.,拱門；拱形,4,CEEC-108
archaeology,n.,考古學,6,CEEC-108
architect,n.,建築師；設計師,5,CEEC-108
architecture,n.,建築學；建築風格,5,CEEC-108
archive,n.,檔案,6,CEEC-108
area,n.,區域；範圍,1,CEEC-108
arena,n.,活動場所(供運動、娛樂的),5,CEEC-108
argue,v.,"vi. 提出理由, 爭論, 辯論；vt. 主張, 辯論, 證明, 說服",2,CEEC-108
argument,n.,"n. 爭論, 論證, 論據, 自變量；[計] 參數",2,CEEC-108
arise,v.,升起；復活,4,CEEC-108
arithmetic,adj./n.,算術的,6,CEEC-108
arm,n./v.,手臂,1,CEEC-108
armed,adj.,武裝的,3,CEEC-108
arms,n.,"n. 武器, 軍事行動；[機] 武器, 軍械, 槍械",4,CEEC-108
army,n.,軍隊；團體,2,CEEC-108
around,adv./prep.,各處；大約,1,CEEC-108
arouse,v.,喚起,5,CEEC-108
arrange,v.,"v. 安排, 排列, 達成協議；[計] 重排",2,CEEC-108
arrangement,n.,"n. 排列, 整齊, 安排；[計] 排列",2,CEEC-108
array,n.,一長列,5,CEEC-108
arrest,n./v.,逮捕；拘留,3,CEEC-108
arrival,n.,到達；到達者,2,CEEC-108
arrive,v.,到達；抵達,1,CEEC-108
arrogant,adj.,傲慢的,5,CEEC-108
arrow,n.,箭,2,CEEC-108
art,n.,藝術；藝術品,1,CEEC-108
article,n.,文章；冠詞,2,CEEC-108
articulate,adj./v.,清楚的表達,5,CEEC-108
artificial,adj.,人造的,4,CEEC-108
artist,n.,藝術家；藝人,2,CEEC-108
artistic,adj.,藝術的,4,CEEC-108
as,adv./conj./prep.,/conj 如同；當…時；雖然,1,CEEC-108
ascend,v.,"vi. 上升, 追溯, 登高；vt. 攀登",6,CEEC-108
ash,n.,灰燼；骨灰,3,CEEC-108
ashamed,adj.,感到羞恥的,4,CEEC-108
aside,adv.,在旁邊；除…之外,3,CEEC-108
ask,v.,詢問；要求,1,CEEC-108
asleep,adj.,睡著的,2,CEEC-108
aspect,n.,方面；觀點,4,CEEC-108
aspire,v.,"vi. 渴望, 立志於",6,CEEC-108
aspirin,n.,阿斯匹靈,4,CEEC-108
ass,n.,驢；蠢人,5,CEEC-108
assassinate,v.,行刺,6,CEEC-108
assault,n./v.,攻擊,5,CEEC-108
assemble,v.,集合,4,CEEC-108
assembly,n.,與會者；議會,4,CEEC-108
assert,v.,"vt. 主張, 堅稱, 斷言；[法] 宣稱, 斷言, 維護",5,CEEC-108
assess,v.,"vt. 估定, 對...徵稅, 評定；[經] 估計, 估價, 確定(稅款罰款等)的金額",5,CEEC-108
assessment,n.,"n. 評估, 估定, 評定的款額；[化] 評估",5,CEEC-108
asset,n.,資產,5,CEEC-108
assign,v.,"vt. 分配, 指派, 賦值；[計] 賦值",4,CEEC-108
assignment,n.,"n. 分配, 功課, 任務, 轉讓, 歸因, 陳述；[計] 賦值",4,CEEC-108
assist,v.,協助,3,CEEC-108
assistance,n.,協助,4,CEEC-108
assistant,n.,助理,3,CEEC-108
associate,adj./n./v.,關聯,4,CEEC-108
association,n.,協會；聯想；合作,4,CEEC-108
assume,v.,假定；假裝,3,CEEC-108
assumption,n.,"n. 假定, 自負, 擔任, 假裝；[經] 假定, 承擔",5,CEEC-108
assurance,n.,保證,4,CEEC-108
assure,v.,保證,4,CEEC-108
asthma,n.,n. 哮喘；[醫] 氣喘,6,CEEC-108
astonish,v.,使驚訝,5,CEEC-108
astonishment,n.,"n. 驚異, 驚愕, 使人驚異的事物",5,CEEC-108
astray,adj./adv.,"adv. 迷途地, 入歧途地；[法] 誤入歧途地, 離開正道地",6,CEEC-108
astronaut,n.,太空人,6,CEEC-108
astronomer,n.,n. 天文學家,6,CEEC-108
astronomy,n.,天文學,6,CEEC-108
at,prep.,"prep. 在, 向, 對；[計] 地址轉換器, 異常傳輸, 自動訂票",1,CEEC-108
athlete,n.,運動員,3,CEEC-108
athletic,adj.,運動的,4,CEEC-108
athletics,n.,n. 體育運動,5,CEEC-108
atmosphere,n.,氣壓；氣氛,4,CEEC-108
atom,n.,"n. 原子, 核能, 微粒, 微量；[計] 原子",4,CEEC-108
atomic,adj.,"a. 原子的, 原子能的；[醫] 原子的",4,CEEC-108
attach,v.,"vt. 附上, 使依附, 使附屬, 使喜愛, 系, 縛；vi. 附屬, 歸屬, 聯繫在一起；[計] 掛接伺服器命令, 關聯, 掛接, 附加",4,CEEC-108
attachment,n.,"n. 連接, 附屬物, 連接物, 愛慕；[計] 附加, 附件",4,CEEC-108
attack,n./v.,攻擊,1,CEEC-108
attain,v.,"vt. 達到, 獲得；vi. 達到",6,CEEC-108
attainment,n.,達到,6,CEEC-108
attempt,n./v.,嘗試,2,CEEC-108
attend,v.,參加,2,CEEC-108
attendance,n.,"n. 出席, 出席的人數, 照料；[法] 管理, 照料, 資助",5,CEEC-108
attendant,n.,服務員,6,CEEC-108
attention,n.,注意力,2,CEEC-108
attic,n.,閣樓,5,CEEC-108
attitude,n.,態度,3,CEEC-108
attorney,n.,"n. 代理人, 律師；[經] 律師, 代理人",5,CEEC-108
attract,v.,吸引；引誘,3,CEEC-108
attraction,n.,吸引力,4,CEEC-108
attractive,adj.,有吸引力的,3,CEEC-108
attribute,v.,"n. 屬性, 標誌, 定語；vt. 把...歸於, 認為...屬於；[計] 屬性",5,CEEC-108
auction,n./v.,拍賣,5,CEEC-108
audience,n.,觀眾；聽眾,3,CEEC-108
audio,adj.,可聽頻率的,4,CEEC-108
audit,n.,"n. 審計, 查帳；vt. 查(帳), 旁聽；vi. 查帳；[計] 查帳; 審查; 檢查",6,CEEC-108
auditorium,n.,禮堂,6,CEEC-108
aunt,n.,姑媽；阿姨,1,CEEC-108
authentic,adj.,"a. 可靠的, 可信的, 真正的；[法] 被認證的, 確認的, 可信的",4,CEEC-108
author,n./v.,作者,2,CEEC-108
authority,n.,權力；當局,4,CEEC-108
authorize,v.,"vt. 授權, 批准, 委託；[經] 授權, 委任, 認可",5,CEEC-108
auto,n.,"n. 汽車；pref. 表示""自己""、""本身"", 表示""自己的"", 表示""自動的""",3,CEEC-108
autobiography,n.,自傳,4,CEEC-108
autograph,n./v.,"n. 親筆, 親筆籤名, 手稿；vt. 親筆籤名於, 親筆寫",4,CEEC-108
automatic,adj.,自動的,3,CEEC-108
automobile,n.,n. 汽車；[機] 汽車,3,CEEC-108
autonomy,n.,自治(權),5,CEEC-108
available,adj.,"a. 可利用的, 可獲得的, 有效的；[醫] 有效的, 可得的",2,CEEC-108
avenue,n.,大道,3,CEEC-108
average,adj./n./v.,平均的,2,CEEC-108
avert,v.,"vt. 轉開, 避免, 防止",6,CEEC-108
aviation,n.,航空(學),6,CEEC-108
avoid,v.,避免；躲開,2,CEEC-108
await,v.,等候；期待,4,CEEC-108
awake,adj./v.,清醒的；喚醒,3,CEEC-108
awaken,v.,意識到；使覺醒,3,CEEC-108
award,n./v.,/n授予；獎品,3,CEEC-108
aware,adj.,"a. 知道的, 有覺悟的",3,CEEC-108
away,adv.,離開；不在,1,CEEC-108
awe,n./v.,n. 敬畏；vt. 使敬畏,5,CEEC-108
awesome,adj.,"a. 引起敬畏的, 可怕的",6,CEEC-108
awful,adj.,糟透的,3,CEEC-108
awhile,adv.,"adv. 片刻, 一會兒",6,CEEC-108
awkward,adj.,笨拙的；棘手的,3,CEEC-108
baby,n.,嬰兒；寶貝,1,CEEC-108
bachelor,n.,單身漢；學士,6,CEEC-108
back,adj./adv./n./v.,後面的；背部；贊助,1,CEEC-108
backbone,n.,"n. 脊椎, 志氣, 骨幹, 支柱；[計] 主幹網, 主幹網點",6,CEEC-108
background,n.,背景,3,CEEC-108
backpack,n./v.,"n. 遠足用的背包；雙肩背包, 背包",2,CEEC-108
backward,adj./adv.,"adv. 向後地, 相反地；a. 向後的, 相反的；[計] 倒推",2,CEEC-108
backwards,adv.,adv. 向後,2,CEEC-108
backyard,n.,"n. 後院, 後庭",5,CEEC-108
bacon,n.,燻豬肉；培根肉,3,CEEC-108
bacteria,n.,細菌,3,CEEC-108
bad,adj.,不好的；有害的,1,CEEC-108
badge,n.,"n. 徽章, 標記；[計] 標記",6,CEEC-108
badly,adv.,"adv. 嚴重地, 惡劣地, 極度地",3,CEEC-108
badminton,n.,羽毛球,2,CEEC-108
bag,n.,袋子,1,CEEC-108
baggage,n.,行李；裝備,3,CEEC-108
bait,n./v.,誘餌；引誘,3,CEEC-108
bake,v.,烘；烤,2,CEEC-108
bakery,n.,麵包店,2,CEEC-108
balance,n./v.,平衡,2,CEEC-108
balcony,n.,陽臺；樓座,2,CEEC-108
bald,adj.,禿的,4,CEEC-108
ball,n./v.,球；球狀體,1,CEEC-108
ballet,n.,芭蕾舞,4,CEEC-108
balloon,n.,氣球,2,CEEC-108
ballot,n./v.,無記名投票,5,CEEC-108
bamboo,n.,竹子,3,CEEC-108
ban,n./v.,禁止,5,CEEC-108
banana,n.,香蕉,1,CEEC-108
band,n.,帶子；樂團,1,CEEC-108
bandage,n./v.,繃帶,4,CEEC-108
bang,adv./n./v.,"n. 重擊, 突然巨響, 劉海；v. 發巨響, 重擊；adv. 砰然地, 突然巨響地, 直接地；[計] 撞擊符",3,CEEC-108
bank,n./v.,(1)n.銀行,1,CEEC-108
banker,n.,銀行家,3,CEEC-108
bankrupt,adj./n./v.,破產的,4,CEEC-108
banner,n.,"n. 旗幟；a. 顯著的, 特別好的",5,CEEC-108
banquet,n./v.,宴會,6,CEEC-108
bar,n./v.,棒；沙洲；酒吧,2,CEEC-108
barbarian,adj./n.,野蠻人,6,CEEC-108
barbecue,n./v.,烤肉,2,CEEC-108
barber,n.,理髮師,2,CEEC-108
bare,adj./v.,裸的；不加掩飾的,3,CEEC-108
barely,adv.,勉強地；露骨地,3,CEEC-108
bargain,n./v.,買賣；便宜貨,4,CEEC-108
bark,n./v.,吠叫；咆哮,2,CEEC-108
barn,n.,n. 穀倉；[化] 靶(恩)(核反應截面單位),3,CEEC-108
barrel,n.,大桶,3,CEEC-108
barren,adj.,"a. 不育的, 貧瘠的；n. 荒地",5,CEEC-108
barrier,n.,障礙物；棚欄,4,CEEC-108
base,n./v.,基礎,2,CEEC-108
baseball,n.,棒球,1,CEEC-108
basement,n.,地下室,3,CEEC-108
basic,adj.,基本的,2,CEEC-108
basics,n.,"n. 最簡單但最重要的部分, 基本, 基礎訓練",2,CEEC-108
basin,n.,臉盆；洗滌槽,4,CEEC-108
basis,n.,"n. 基礎, 主要成分；[化] 基底",2,CEEC-108
basket,n.,籃子；簍子,1,CEEC-108
basketball,n.,籃球,1,CEEC-108
bass,adj./n.,低音部,6,CEEC-108
bat,n./v.,球棒,1,CEEC-108
batch,n.,"n. 一次所烘的麵包, 一次所制之量, 一組, 批, 成批, 分批；v. 成批, 分批處理；[計] 一批",5,CEEC-108
bath,n.,澡缸；沐浴,1,CEEC-108
bathe,v.,洗澡；沐浴,2,CEEC-108
bathroom,n.,浴室,1,CEEC-108
batter,n./v.,毀損,6,CEEC-108
battery,n.,電池,4,CEEC-108
battle,n./v.,戰役,2,CEEC-108
bay,n.,海灣,3,CEEC-108
be,aux./v.,"v. 是, 表示, 在；[計] 後端, 總線允許",1,CEEC-108
beach,n./v.,海灘,1,CEEC-108
bead,n.,"n. 珠子, 滴；vt. 用珠裝飾；vi. 形成珠；[計] 珠",3,CEEC-108
beam,n./v.,樑；光束,3,CEEC-108
bean,n.,豆子,1,CEEC-108
bear,n./v.,熊；魯莽之人,1,CEEC-108
beard,n.,(下巴上的)鬍鬚,2,CEEC-108
beast,n.,野獸,3,CEEC-108
beat,n./v.,敲擊；打敗,2,CEEC-108
beautiful,adj.,美麗的,1,CEEC-108
beautify,v.,美化,6,CEEC-108
beauty,n.,美人,2,CEEC-108
because,conj.,因為,1,CEEC-108
become,v.,變成,1,CEEC-108
bed,n.,床,1,CEEC-108
bedroom,n.,臥室,1,CEEC-108
bee,n.,蜜蜂,1,CEEC-108
beef,n.,牛肉,1,CEEC-108
beep,n./v.,"n. 短而尖的聲音, 嘟；v. 嘟嘟響",6,CEEC-108
beer,n.,啤酒,2,CEEC-108
beetle,n.,"n. 甲蟲, 大槌；vi. 快速移動；vt. 捶",3,CEEC-108
before,adv./conj./prep.,在…之前,1,CEEC-108
beforehand,adv.,adv. 預先,6,CEEC-108
beg,v.,乞求；乞討,2,CEEC-108
beggar,n.,乞丐,4,CEEC-108
begin,v.,開始,1,CEEC-108
beginner,n.,初學者,2,CEEC-108
behalf,n.,為了…的利益；代表,5,CEEC-108
behave,v.,表現；行為舉止,2,CEEC-108
behavior,n.,行為,4,CEEC-108
behind,adv./prep.,在…後面；落後,1,CEEC-108
being,n.,存在；生物,2,CEEC-108
belief,n.,信念；信條,2,CEEC-108
believe,v.,相信,1,CEEC-108
bell,n.,鐘(聲)；鈴(聲),1,CEEC-108
belong,v.,歸屬於,1,CEEC-108
belongings,n.,所有物,5,CEEC-108
beloved,adj./n.,所愛的人,5,CEEC-108
below,adv./prep.,在…下方,1,CEEC-108
belt,n./v.,腰帶；帶狀物,1,CEEC-108
bench,n.,長板凳,1,CEEC-108
bend,n./v.,彎曲,2,CEEC-108
beneath,prep.,在…下面,3,CEEC-108
beneficial,adj.,有益的,5,CEEC-108
benefit,n./v.,利益；有益於,3,CEEC-108
berry,n.,果,3,CEEC-108
beside,prep.,在旁邊,1,CEEC-108
besides,adv./prep.,除此之外,3,CEEC-108
best,adj./adv./n./v.,最好的,1,CEEC-108
bet,n./v.,打賭,3,CEEC-108
betray,v.,"vt. 出賣, 背叛, 辜負, 暴露；[法] 出賣, 背叛, 洩漏",5,CEEC-108
better,adj./adv./n./v.,更好的,2,CEEC-108
between,adv./prep.,介於…之間,1,CEEC-108
beverage,n.,飲料,6,CEEC-108
beware,v.,當心,5,CEEC-108
beyond,adv./prep.,在遠處,2,CEEC-108
bias,n./v.,成見,5,CEEC-108
bicycle,n.,n. 自行車,1,CEEC-108
bid,n./v.,出價；吩咐,5,CEEC-108
big,adj.,大的,1,CEEC-108
bike,n.,"n. 自行車, 腳踏車",1,CEEC-108
bilateral,adj.,"a. 有兩邊的, 雙邊的, 雙方的；[醫] 兩側的",6,CEEC-108
bill,n./v.,帳單；鈔票,2,CEEC-108
billion,n.,十億；大量,2,CEEC-108
bin,n.,"n. (貯存穀物等的)容器, 箱子；[計] 二進位, 商業資訊網",4,CEEC-108
bind,v.,捆；綁,3,CEEC-108
biography,n.,傳記,4,CEEC-108
biological,adj.,生物(學)的,5,CEEC-108
biology,n.,生物學,4,CEEC-108
bird,n.,鳥,1,CEEC-108
birth,n.,出生；分娩,2,CEEC-108
biscuit,n.,小麵包；餅乾,2,CEEC-108
bit,n.,"n. 少量, 馬嚼子, 輔幣；vt. 給馬上嚼子, 控制；bite的過去式和過去分詞；[計] 比特, 二進位數位, 機內測試",2,CEEC-108
bite,n./v.,一口之量；咬,1,CEEC-108
bitter,adj.,有苦味的；痛苦的,3,CEEC-108
bizarre,adj.,古怪的,5,CEEC-108
black,adj./n.,黑的,1,CEEC-108
blackboard,n.,黑板,2,CEEC-108
blade,n.,"n. 葉片, 刀鋒, 刀口, 劍；[醫] 頁[片], 葉片, 刀片, 刀刃, 刀口",4,CEEC-108
blame,n./v.,責備；歸咎於…,2,CEEC-108
blank,adj./n.,空白的,2,CEEC-108
blanket,n./v.,毛毯,2,CEEC-108
blast,n./v.,一陣疾風,5,CEEC-108
blaze,n./v.,烈火；光輝,6,CEEC-108
bleach,n./v.,"vt. 漂白；vi. 變白；n. 漂白, 漂白劑",6,CEEC-108
bleed,v.,流血,3,CEEC-108
blend,n./v.,使混合,4,CEEC-108
bless,v.,為…祝福,3,CEEC-108
blessing,n.,賜福；同意,4,CEEC-108
blind,adj./v.,瞎的；使看不見,1,CEEC-108
blink,n./v.,眨眼；漠視,4,CEEC-108
block,n./v.,塊；障礙物；堵住,1,CEEC-108
blond,adj./n.,a. 金髮的；n. 白膚碧眼金髮的人,6,CEEC-108
blonde,adj./n.,金髮白種人,6,CEEC-108
blood,n.,血液,2,CEEC-108
bloody,adj.,血腥的,3,CEEC-108
bloom,n./v.,花；開花,4,CEEC-108
blossom,n./v.,花(叢),4,CEEC-108
blot,n./v.,"n. 汙點, 墨水漬；vt. 亂塗, 使模糊, 吸乾；vi. 弄上墨漬, 吸墨水",6,CEEC-108
blouse,n.,n. 寬鬆的上衣,3,CEEC-108
blow,v.,吹；吹氣；打擊,1,CEEC-108
blue,adj./n.,藍色的,1,CEEC-108
blunt,adj./v.,"a. 鈍的, 坦率的, 麻痺的",6,CEEC-108
blur,n./v.,使模糊,5,CEEC-108
blush,n./v.,臉紅,5,CEEC-108
board,n./v.,木板；牌子,2,CEEC-108
boast,n./v.,自吹自擂；誇耀,4,CEEC-108
boat,n.,小船；划船,1,CEEC-108
bodily,adj./adv.,身體的,6,CEEC-108
body,n.,身體；主要部分,1,CEEC-108
bodyguard,n.,侍衛,5,CEEC-108
boil,n./v.,沸騰,2,CEEC-108
bold,adj.,英勇的；大膽的,3,CEEC-108
bolt,n./v.,螺栓；閃電,5,CEEC-108
bomb,n./v.,炸彈；轟炸,3,CEEC-108
bond,n./v.,聯結；契約；債券,4,CEEC-108
bone,n.,骨頭；骨質,2,CEEC-108
bonus,n.,紅利,5,CEEC-108
book,n./v.,書籍,1,CEEC-108
bookcase,n.,書架；書櫥,3,CEEC-108
booklet,n.,n. 小冊子,6,CEEC-108
bookstore,n.,書店,2,CEEC-108
boom,n./v.,隆隆聲；景氣,5,CEEC-108
boost,n./v.,提升,5,CEEC-108
boot,n./v.,(長筒)靴,3,CEEC-108
booth,n.,售貨棚,5,CEEC-108
border,n./v.,邊界；比鄰,2,CEEC-108
bore,n./v.,使厭煩,3,CEEC-108
bored,adj.,感到厭煩的,1,CEEC-108
boredom,n.,"n. 厭煩, 厭倦, 令人厭煩的事物",5,CEEC-108
boring,adj.,令人厭煩的,1,CEEC-108
born,adj.,出生的,1,CEEC-108
borrow,v.,借入,1,CEEC-108
bosom,n.,"n. 胸部, 胸, 胸懷, 內部, 中間；vt. 懷抱",6,CEEC-108
boss,n./v.,老闆,1,CEEC-108
both,adj./adv./pron.,兩者皆,1,CEEC-108
bother,n./v.,打擾；煩惱,2,CEEC-108
bottle,n./v.,瓶子；把…裝瓶,1,CEEC-108
bottom,adj./n./v.,"n. 底部；a. 底部的；vt. 給...裝底, 查明真相；vi. 到達底部, 建立基礎",1,CEEC-108
boulevard,n.,林蔭大道,6,CEEC-108
bounce,n./v.,跳，躍；使反彈,4,CEEC-108
bound,n./v.,很有可能的；準備前往…的,5,CEEC-108
boundary,n.,"n. 邊界, 分界線；[計] 邊界",5,CEEC-108
bow,n./v.,(1) n.弓；虹；蝴蝶結,1,CEEC-108
bowl,n.,碗,1,CEEC-108
bowling,n.,保齡球,3,CEEC-108
box,n./v.,箱，盒；把…裝箱,1,CEEC-108
boxer,n.,n. 拳師,5,CEEC-108
boxing,n.,拳擊,6,CEEC-108
boy,n.,男孩；少年,1,CEEC-108
boycott,n./v.,抵制,6,CEEC-108
bra,n.,n. 奶罩；[化] 左矢; 刁,6,CEEC-108
brace,n./v.,支撐物,6,CEEC-108
bracelet,n.,"n. 手鐲；[醫] 手鐲, 腕帶, 腕紋(掌側橫列腕部的線紋)",4,CEEC-108
brain,n.,腦袋；智力,2,CEEC-108
brake,n./v.,煞車,3,CEEC-108
branch,n./v.,樹枝；分支,2,CEEC-108
brand,n.,商標；烙印,2,CEEC-108
brass,adj./n.,"n. 黃銅, 黃銅製品；a. 黃銅的, 銅管樂器的；v. 鍍以黃銅, 支付",3,CEEC-108
brassiere,n.,n. 奶罩,6,CEEC-108
brave,adj.,勇敢的,1,CEEC-108
bravery,n.,勇敢；勇氣,3,CEEC-108
bread,n.,麵包,1,CEEC-108
breadth,n.,"n. 寬度；[法] 違背, 違犯, 未遵守",6,CEEC-108
break,n./v.,打破；破曉,1,CEEC-108
breakdown,n.,故障,6,CEEC-108
breakfast,n./v.,早餐,1,CEEC-108
breakthrough,n.,n突破,5,CEEC-108
breakup,n.,"n. 分裂, 崩潰, 解散, 解體；[電] 停止",6,CEEC-108
breast,n.,胸部,3,CEEC-108
breath,n.,呼吸,3,CEEC-108
breathe,v.,呼吸,3,CEEC-108
breed,n./v.,繁衍；滋生,4,CEEC-108
breeze,n./v.,微風；和風,3,CEEC-108
bribe,n./v.,"n. 賄賂；vt. 賄賂, 收買；vi. 行賄",6,CEEC-108
brick,n.,磚,3,CEEC-108
bride,n.,新娘子,3,CEEC-108
bridegroom,n.,新郎,4,CEEC-108
bridge,n./v.,橋梁；艦橋,1,CEEC-108
brief,adj./n./v.,簡短的,2,CEEC-108
briefcase,n.,公事包,5,CEEC-108
bright,adj./adv.,明亮的；聰明的,1,CEEC-108
brilliant,adj.,光輝的；傑出的,2,CEEC-108
bring,v.,帶來；引起,1,CEEC-108
brink,n.,"n. 邊緣, 陡岸",6,CEEC-108
broad,adj.,寬廣的；概括的,2,CEEC-108
broadcast,n./v.,廣播；播放,3,CEEC-108
broaden,v.,加寬,6,CEEC-108
brochure,n.,小冊子,6,CEEC-108
broil,v.,"vi. 烤, 爭吵, 激動；vt. 烤；n. 烤, 灼熱, 爭吵",6,CEEC-108
broke,adj.,a. 一文不名的；break的過去式,4,CEEC-108
bronze,adj./n.,"n. 青銅, 銅像；a. 青銅色的",5,CEEC-108
brook,n.,小河,6,CEEC-108
broom,n.,"n. 掃帚, 金雀花；vt. 掃除",4,CEEC-108
broth,n.,"n. 原汁清湯, 肉湯；[醫] 肉湯(培養基)",6,CEEC-108
brother,n.,兄弟,1,CEEC-108
brotherhood,n.,"n. 手足情誼, 兄弟關係",6,CEEC-108
brow,n.,"n. 眉毛, 額；[醫] 額, 眉, 睫毛",2,CEEC-108
brown,adj./n./v.,棕色的,1,CEEC-108
browse,n./v.,v噹食；瀏覽,5,CEEC-108
bruise,n./v.,"n. 青腫, 挫傷, 擦傷；vi. 受傷, 擦傷；vt. 使受傷, 研碎",5,CEEC-108
brunch,n.,n. 早午餐,3,CEEC-108
brush,n./v.,刷子；刷,2,CEEC-108
brutal,adj.,殘忍的,4,CEEC-108
bubble,n./v.,氣泡；泡影,3,CEEC-108
bucket,n.,水桶；桶狀物,3,CEEC-108
bud,n./v.,芽；發芽,3,CEEC-108
budget,n./v.,預算,3,CEEC-108
buffalo,n.,水牛,3,CEEC-108
buffet,n.,自助餐；快餐,3,CEEC-108
bug,n./v.,蟲子,1,CEEC-108
build,v.,建造,1,CEEC-108
building,n.,建築物,2,CEEC-108
bulb,n.,球莖(根),3,CEEC-108
bulk,n.,大量,5,CEEC-108
bulky,adj.,"a. 龐大的；[機] 龐大, 笨重",6,CEEC-108
bull,n.,(未閹割的) 公牛,3,CEEC-108
bullet,n.,子彈,3,CEEC-108
bulletin,n.,公報；新聞快報,4,CEEC-108
bully,n./v.,恃強凌弱者,5,CEEC-108
bump,n./v.,碰；重擊,3,CEEC-108
bun,n.,小圓甜麵包；髮髻,2,CEEC-108
bunch,n.,一束；一群,3,CEEC-108
bundle,n.,捆；包裹,3,CEEC-108
burden,n./v.,負擔；加負擔於…,2,CEEC-108
bureau,n.,局；處；署,5,CEEC-108
bureaucracy,n.,官僚,5,CEEC-108
bureaucrat,n.,"n. 官僚作風的人, 官僚, 官僚主義者；[法] 官僚, 官僚作風的人",6,CEEC-108
burger,n.,n. 漢堡包（等於hamburger）,2,CEEC-108
burglar,n.,竊賊,4,CEEC-108
burial,n.,"n. 埋葬, 葬禮；[法] 埋葬, 葬禮",5,CEEC-108
burn,n./v.,燃燒；燒傷,2,CEEC-108
burst,n./v.,爆發；爆炸,2,CEEC-108
bury,v.,埋,3,CEEC-108
bus,n.,巴士,1,CEEC-108
bush,n.,灌木叢,3,CEEC-108
business,n.,商業；交易,1,CEEC-108
businessman,n.,"n. 商人, 實業家, 工商業家",2,CEEC-108
busy,adj.,忙碌的,1,CEEC-108
but,adv./conj./prep.,prep. 除了；conj. 但是；adv. 僅僅,1,CEEC-108
butcher,n./v.,肉商,5,CEEC-108
butter,n./v.,奶油；塗奶油於,1,CEEC-108
butterfly,n.,蝴蝶,1,CEEC-108
button,n./v.,鈕扣；按鈕,1,CEEC-108
buy,n./v.,買,1,CEEC-108
buzz,n./v.,"n. 嗡嗡聲, 流言；vi. 發出嗡嗡聲, 說閒話；vt. 使嗡嗡叫, 散布",3,CEEC-108
by,adv./prep.,"prep. 被, 經, 由, 在...之旁；adv. 經過, 在近處",1,CEEC-108
bypass,n./v.,"n. 旁路；vt. 省略, 繞過, 忽視, 迴避",6,CEEC-108
cab,n.,計程車,1,CEEC-108
cabbage,n.,甘藍菜,2,CEEC-108
cabin,n.,客艙,3,CEEC-108
cabinet,n.,櫥櫃；密室,4,CEEC-108
cable,n./v.,電纜；有線電視,3,CEEC-108
cafe,n.,咖啡店；咖啡,2,CEEC-108
café,n.,咖啡館,2,CEEC-108
cafeteria,n.,自助餐館,3,CEEC-108
caffeine,n.,"n. 咖啡因, 咖啡鹼；[化] 咖啡因; 咖啡鹼",6,CEEC-108
cage,n./v.,籠子；監牢,2,CEEC-108
cake,n.,蛋糕,1,CEEC-108
calcium,n.,n. 鈣；[化] 鈣Ca,5,CEEC-108
calculate,v.,計算,4,CEEC-108
calculation,n.,計算,4,CEEC-108
calculator,n.,計算機,6,CEEC-108
calendar,n.,日曆；行事曆,2,CEEC-108
call,n./v.,呼叫；打電話,1,CEEC-108
calligraphy,n.,"n. 筆跡, 書法",6,CEEC-108
calm,adj./n./v.,鎮靜的,2,CEEC-108
calorie,n.,卡路裡,4,CEEC-108
camel,n.,駱駝,2,CEEC-108
camera,n.,照相機,1,CEEC-108
camp,n./v.,營地；露營,1,CEEC-108
campaign,n./v.,競選活動；戰役,4,CEEC-108
campus,n.,(大學的) 校園,3,CEEC-108
can,aux./n./v.,罐頭；金屬容器,1,CEEC-108
canal,n.,運河,5,CEEC-108
cancel,v.,取消,2,CEEC-108
cancer,n.,惡性腫瘤；癌症,2,CEEC-108
candidate,n.,候選人,4,CEEC-108
candle,n.,蠟燭,2,CEEC-108
cane,n.,藤條；甘蔗,4,CEEC-108
canoe,n./v.,"n. 獨木舟, 輕舟；vi. 乘獨木舟；vt. 用獨木舟運",4,CEEC-108
canvas,n./v.,n帆布,5,CEEC-108
canyon,n.,峽谷,3,CEEC-108
cap,n./v.,帽子；覆蓋,1,CEEC-108
capability,n.,"n. 能力, 性能, 約束力；[化] 能力",5,CEEC-108
capable,adj.,有能力的,3,CEEC-108
capacity,n.,容量；能力,4,CEEC-108
cape,n.,n披肩；海角,6,CEEC-108
capital,adj./n.,主要的；首都；資本,2,CEEC-108
capitalism,n.,n. 資本主義；[經] 資本主義,4,CEEC-108
capitalist,n.,資本家,4,CEEC-108
capsule,n.,"n. 膠囊, 蒴果, 瓶帽, 航天艙；[化] 膠囊劑",6,CEEC-108
captain,n.,隊長；船(艦)長,3,CEEC-108
caption,n./v.,說明文字,6,CEEC-108
captive,adj./n.,被俘虜的,6,CEEC-108
captivity,n.,囚禁,6,CEEC-108
capture,n./v.,捕獲；獲物,3,CEEC-108
car,n.,"n. 汽車, 客車；[機] 車",1,CEEC-108
carbon,n.,碳,5,CEEC-108
card,n.,卡片；紙牌遊戲,1,CEEC-108
cardboard,n.,n. 薄紙板；[化] 咭紙; 特等紙板; 卡紙板; 卡片紙板,6,CEEC-108
cardinal,adj./n.,紅衣主教,6,CEEC-108
care,n./v.,關心；照顧,1,CEEC-108
career,n.,職業,3,CEEC-108
carefree,adj.,無憂無慮的,6,CEEC-108
careful,adj.,仔細的,1,CEEC-108
caretaker,n.,"n. 照顧者, 看管者, 看守人；[法] 看守員, 管理員, 看管人",6,CEEC-108
cargo,n.,貨物,4,CEEC-108
carnival,n.,嘉年華會,5,CEEC-108
carpenter,n.,木匠,3,CEEC-108
carpet,n./v.,地毯,3,CEEC-108
carriage,n.,四輪馬車；運輸,3,CEEC-108
carrier,n.,運送人；航空母艦,4,CEEC-108
carrot,n.,胡蘿蔔,1,CEEC-108
carry,v.,運送；攜帶,1,CEEC-108
cart,n./v.,貨車；載運,3,CEEC-108
carton,n.,"n. 硬紙盒, 紙板箱；[化] 卡紙",6,CEEC-108
cartoon,n./v.,卡通；連環漫畫,2,CEEC-108
carve,v.,雕刻；開拓,4,CEEC-108
case,n./v.,(1) n.事實；實例,1,CEEC-108
cash,n./v.,現金,2,CEEC-108
cashier,n.,出納員,6,CEEC-108
casino,n.,賭場,5,CEEC-108
cast,n./v.,投；演員陣容,3,CEEC-108
castle,n.,城堡,2,CEEC-108
casual,adj.,偶然的；碰巧的,3,CEEC-108
casualty,n.,傷亡者,6,CEEC-108
cat,n.,"n. 貓, 惡婦；vi. 嘔吐；計算機輔助教育, 計算機輔助測試, 計算機輔助翻譯, 計算機輔助排版；[計] 計算機輔助教學, 計算機輔助翻譯, 計算機輔助排字, 計算機輔助測試",1,CEEC-108
catalogue,n./v.,目錄,4,CEEC-108
catastrophe,n.,災難,6,CEEC-108
catch,n./v.,抓住；捕獲,1,CEEC-108
category,n.,"n. 種類, 類項；[計] 分類",4,CEEC-108
cater,v.,承包夥食,6,CEEC-108
caterpillar,n.,毛蟲,6,CEEC-108
cathedral,n.,n. 大教堂,5,CEEC-108
cattle,n.,牛；牲口,3,CEEC-108
cause,n./v.,導致；原因,2,CEEC-108
caution,n./v.,謹慎,5,CEEC-108
cautious,adj.,小心的,5,CEEC-108
cave,n./v.,洞穴,3,CEEC-108
cavity,n.,"n. 洞, 空穴, 腔；[化] 空穴",6,CEEC-108
cease,n./v.,停止,4,CEEC-108
ceiling,n.,天花板,2,CEEC-108
celebrate,v.,慶祝,1,CEEC-108
celebration,n.,n慶祝,4,CEEC-108
celebrity,n.,名人(聲),5,CEEC-108
celery,n.,"n. 芹菜；[醫] 芹菜, 糖蒿",6,CEEC-108
cell,n.,小囚房；細胞,2,CEEC-108
cellphone,n.,n. 蜂窩式便攜無線電話；大哥大,1,CEEC-108
cellular,adj.,a. 細胞的；[醫] 細胞的,6,CEEC-108
Celsius,n.,a. 攝氏的,6,CEEC-108
cement,n./v.,"n. 水泥, 膠結劑；vt. 膠合, 用水泥塗；vi. 黏牢",6,CEEC-108
cemetery,n.,墓地,5,CEEC-108
census,n.,調查,6,CEEC-108
cent,n.,一分錢,1,CEEC-108
center,n.,使集中；核心,1,CEEC-108
centimeter,n.,n. 釐米；[醫] 釐米,2,CEEC-108
central,adj.,中央的；核心的,2,CEEC-108
century,n.,世紀,2,CEEC-108
ceramic,adj./n.,陶器(藝)的,6,CEEC-108
cereal,n.,玉蜀黍薄片,2,CEEC-108
ceremony,n.,典禮；禮儀,5,CEEC-108
certain,adj./pron.,確信的,1,CEEC-108
certainty,n.,"n. 確定, 確實的事情；[法] 確定, 肯定, 必然的事",5,CEEC-108
certificate,n./v.,證書,5,CEEC-108
certify,v.,"v. 證明, 保證",6,CEEC-108
chain,n./v.,鏈條；束縛,2,CEEC-108
chair,n./v.,椅子,1,CEEC-108
chairman,n.,"n. 主席, 會長；[經] 主席",6,CEEC-108
chairperson,n.,n. 主席,6,CEEC-108
chairwoman,n.,女主席,6,CEEC-108
chalk,n./v.,白堊；粉筆,2,CEEC-108
challenge,n./v.,挑戰,2,CEEC-108
chamber,n.,房間；室,4,CEEC-108
champagne,n.,香檳,6,CEEC-108
champion,n.,優勝者；戰士,3,CEEC-108
championship,n.,冠軍稱號；錦標賽,4,CEEC-108
chance,n./v.,偶然；機會,1,CEEC-108
change,n./v.,"n. 變化, 找回的零錢, 找頭, 更換；vt. 改變, 更換, 兌換",1,CEEC-108
channel,n./v.,海峽；溝渠,2,CEEC-108
chant,n./v.,"n. 聖歌, 讚美詩；v. 吟唱, 誦揚",6,CEEC-108
chaos,n.,無秩序狀態,5,CEEC-108
chapel,n.,"n. 小教堂, 禮拜式",5,CEEC-108
chapter,n.,章，回,2,CEEC-108
character,n.,性格；特質,2,CEEC-108
characteristic,adj./n.,特有的；特性,4,CEEC-108
characterize,v.,"vt. 描繪...的特性, 刻劃...的性格",5,CEEC-108
charge,n./v.,索價；控告,2,CEEC-108
charitable,adj.,仁慈的,6,CEEC-108
charity,n.,慈善團體,4,CEEC-108
charm,n./v.,魅力；使陶醉,3,CEEC-108
chart,n.,圖表,2,CEEC-108
chase,n./v.,追逐,2,CEEC-108
chat,n./v.,聊天,3,CEEC-108
cheap,adj./adv.,便宜的,1,CEEC-108
cheat,n./v.,作弊；欺騙,2,CEEC-108
check,n./v.,支票；檢查,1,CEEC-108
checkup,n.,檢查,6,CEEC-108
cheek,n.,臉頰,3,CEEC-108
cheer,n./v.,歡呼；激勵,2,CEEC-108
cheerful,adj.,興高採烈的,3,CEEC-108
cheese,n.,乳酪；乾酪,1,CEEC-108
chef,n.,主廚,5,CEEC-108
chemical,adj./n.,化學的,2,CEEC-108
chemist,n.,化學家,6,CEEC-108
chemistry,n.,化學；化學作用,4,CEEC-108
cherish,v.,珍惜,4,CEEC-108
cherry,adj./n.,櫻桃,3,CEEC-108
chess,n.,西洋棋,2,CEEC-108
chest,n.,胸膛；箱子,3,CEEC-108
chestnut,adj./n.,"n. 慄子, 慄樹, 慄色；a. 慄色的",6,CEEC-108
chew,n./v.,咀嚼；深思,4,CEEC-108
chicken,n.,雞肉；膽小鬼,1,CEEC-108
chief,adj./n.,主要的；首領,2,CEEC-108
child,n.,小孩子,1,CEEC-108
childhood,n.,童年時期,2,CEEC-108
childish,adj.,孩子氣的,2,CEEC-108
chili,n.,"n. 幹辣椒, 辣椒粉",6,CEEC-108
chill,adj./n./v.,(使)變冷；寒冷的,3,CEEC-108
chilly,adj.,冷颼颼的,3,CEEC-108
chimney,n.,煙囪,3,CEEC-108
chimpanzee,n.,黑猩猩,6,CEEC-108
chin,n.,下巴,3,CEEC-108
china,n.,瓷器,2,CEEC-108
chip,n./v.,晶片；削,3,CEEC-108
chirp,n./v.,"n. 喳喳聲, 唧唧聲；v. 吱喳而鳴",6,CEEC-108
chocolate,n.,巧克力,1,CEEC-108
choice,adj./n.,選擇,1,CEEC-108
choir,n.,合唱隊,5,CEEC-108
choke,n./v.,窒息；阻塞,4,CEEC-108
cholesterol,n.,膽固醇,6,CEEC-108
choose,v.,選擇,1,CEEC-108
chop,n./v.,劈；肋排肉,3,CEEC-108
chopstick,n.,n. 筷子,2,CEEC-108
chord,n.,"n. 弦, 和音；[醫] 索, 帶",5,CEEC-108
chore,n.,"n. 零工, 家務；[經] 零工",5,CEEC-108
chorus,n.,合唱隊,4,CEEC-108
chronic,adj.,慢性的,5,CEEC-108
chubby,adj.,a. 圓胖的,5,CEEC-108
chunk,n.,厚塊,5,CEEC-108
church,n.,教堂,1,CEEC-108
cigar,n.,雪茄,6,CEEC-108
cigarette,n.,香菸；菸捲,3,CEEC-108
cinema,n.,"n. 電影院, 電影",3,CEEC-108
circle,n./v.,循環；畫圓圈,1,CEEC-108
circuit,n.,"n. 電路, 環(行)道, 巡迴；[計] 線路; 電路",5,CEEC-108
circular,adj.,"a. 圓形的, 循環的, 間接的；[醫] 環狀的, 循環的",4,CEEC-108
circulate,v.,循環；流通,4,CEEC-108
circulation,n.,循環；流通；貨幣,4,CEEC-108
circumstance,n.,情況；詳情,4,CEEC-108
circus,n.,馬戲團,3,CEEC-108
cite,v.,"vt. 引用, 引證, 表彰；[建] 引證, 指引",5,CEEC-108
citizen,n.,公民；市民,3,CEEC-108
citizenship,n.,公民身分(權利),5,CEEC-108
city,n.,城市,1,CEEC-108
civic,adj.,"a. 市的, 市民的, 公民的；[法] 公民的, 市民的, 公民資格的",5,CEEC-108
civil,adj.,"a. 市民的, 公民的, 有禮貌的；[法] 公民的, 國民的, 民用的",3,CEEC-108
civilian,adj./n.,平民；文職人員,4,CEEC-108
civilization,n.,文明,4,CEEC-108
civilize,v.,使開化,6,CEEC-108
claim,n./v.,要求；聲稱,2,CEEC-108
clam,n.,"n. 蛤, 沉默寡言的人；vi. 撈蛤",6,CEEC-108
clap,n./v.,"n. 拍手, 拍手聲, 霹靂聲, 花柳病；v. 鼓掌, (使)啪地關上",2,CEEC-108
clarify,v.,澄清,4,CEEC-108
clarity,n.,"n. 清楚, 明晰；[化] 透明度; 透明性; 清晰性",5,CEEC-108
clash,n./v.,衝突；發出鏗鏘聲,4,CEEC-108
clasp,n./v.,"n. 扣子, 鉤, 緊握；v. 扣緊, 緊握",6,CEEC-108
class,n./v.,階級；班級,1,CEEC-108
classic,adj./n.,經典的；名著,2,CEEC-108
classical,adj.,極好的；古典的,2,CEEC-108
classification,n.,分類,4,CEEC-108
classify,v.,"vt. 分類, 歸類, 分等；[建] 分類, 分級, 分粒",4,CEEC-108
classmate,n.,同班同學,2,CEEC-108
clause,n.,子句；條款,5,CEEC-108
claw,n./v.,爪子；鉗；贅,4,CEEC-108
clay,n.,黏土；泥土,3,CEEC-108
clean,adj./adv./n./v.,乾淨的,1,CEEC-108
cleaner,n.,清潔工(劑),3,CEEC-108
clear,adj./adv./v.,清楚的,1,CEEC-108
clearance,n.,"n. 清除, 間隙；[化] 間隙; 空隙",6,CEEC-108
clerk,n.,店員,1,CEEC-108
clever,adj.,伶俐的；機敏的,2,CEEC-108
click,n./v.,使發出聲,2,CEEC-108
client,n.,客戶,3,CEEC-108
cliff,n.,懸崖,4,CEEC-108
climate,n.,氣候；風氣,2,CEEC-108
climax,n./v.,高潮,6,CEEC-108
climb,n./v.,攀爬,1,CEEC-108
cling,v.,"vi. 粘緊, 附著, 緊貼, 堅持",5,CEEC-108
clinic,n.,診所,3,CEEC-108
clinical,adj.,"a. 臨床的, 門診部的；[醫] 臨床的, 臨證的",5,CEEC-108
clip,n./v.,修剪；夾住,3,CEEC-108
clock,n.,時鐘,1,CEEC-108
clockwise,adj./adv.,順時針方向的,6,CEEC-108
clone,n./v.,n. 無性系；[計] 代用件,6,CEEC-108
close,adj./adv./n./v.,接近的,1,CEEC-108
closet,n.,壁櫥；衣櫥,3,CEEC-108
closure,n.,關閉,6,CEEC-108
cloth,n.,布料；衣料,2,CEEC-108
clothe,v.,為…穿衣,3,CEEC-108
clothes,n.,衣服,1,CEEC-108
clothing,n.,衣服；覆蓋物,2,CEEC-108
cloud,n.,雲；遮蔽,1,CEEC-108
cloudy,adj.,多雲的,2,CEEC-108
clown,n./v.,小丑,3,CEEC-108
club,n./v.,俱樂部；募集,1,CEEC-108
clue,n.,線索,3,CEEC-108
clumsy,adj.,笨拙的,4,CEEC-108
cluster,n./v.,群,5,CEEC-108
coach,n./v.,教練員；公車,3,CEEC-108
coal,n.,煤礦；煤塊,2,CEEC-108
coalition,n.,聯合,6,CEEC-108
coarse,adj.,粗糙的,4,CEEC-108
coast,n.,海岸；沿海地區,2,CEEC-108
coastline,n.,海岸線,6,CEEC-108
coat,n./v.,外套；覆蓋,1,CEEC-108
cocaine,n.,古柯鹼,5,CEEC-108
cock,n.,公雞,3,CEEC-108
cockroach,n.,蟑蚣卜；油蟲,2,CEEC-108
cocktail,n.,雞尾酒,3,CEEC-108
cocoa,n.,"n. 可可粉, 可可茶, 可可色；[醫] 可可, 可可豆",2,CEEC-108
coconut,n.,椰子,3,CEEC-108
code,n./v.,密碼；法典,4,CEEC-108
coffee,n.,咖啡,1,CEEC-108
coffin,n.,棺材,5,CEEC-108
cognitive,adj.,"a. 認知的, 認識的",5,CEEC-108
coherent,adj.,"a. 互相耦合的, 清晰的, 明了的，凝聚性的, 連貫的",5,CEEC-108
coin,n./v.,硬幣,2,CEEC-108
coincidence,n.,巧合,5,CEEC-108
Coke,n.,可口可樂,2,CEEC-108
cola,n.,可樂類飲料,2,CEEC-108
cold,adj./n.,"n. 感冒, 寒冷；a. 寒冷的, 冷淡的, 冷靜的；adv. 完全地",1,CEEC-108
collaboration,n.,"n. 合作, 勾結；[法] 通敵賣國者, 奸細",5,CEEC-108
collapse,n./v.,崩塌,4,CEEC-108
collar,n.,衣領；項圈,3,CEEC-108
colleague,n.,同事,4,CEEC-108
collect,v.,"v. 收集, 聚集, 集中, 搜集；a. 由收到者付款的；adv. 由收到者付款地",1,CEEC-108
collection,n.,收藏品；收集,3,CEEC-108
collective,adj./n.,"a. 集體的, 聚集的, 共同的；[醫] 集體的, 集合的",5,CEEC-108
collector,n.,收藏者,5,CEEC-108
college,n.,大學；學院,2,CEEC-108
collision,n.,衝突,6,CEEC-108
colloquial,adj.,"a. 會話的, 口語的, 口語體的",6,CEEC-108
colonial,adj./n.,殖民地的,5,CEEC-108
colony,n.,殖民地,3,CEEC-108
color,n./v.,顏色；彩色,1,CEEC-108
colorful,adj.,多採多姿的,3,CEEC-108
column,n.,欄；圓柱,3,CEEC-108
columnist,n.,專欄作家,5,CEEC-108
comb,n./v.,梳子；梳頭,2,CEEC-108
combat,n./v.,"n. 爭鬥, 戰鬥；vi. 戰鬥, 爭鬥；vt. 與...戰鬥, 與...鬥爭",5,CEEC-108
combination,n.,聯合(體),4,CEEC-108
combine,v.,結合,2,CEEC-108
come,v.,來到；甦醒,1,CEEC-108
comedian,n.,丑角式人物,5,CEEC-108
comedy,n.,喜劇,4,CEEC-108
comet,n.,彗星,6,CEEC-108
comfort,n./v.,"n. 舒適, 安慰, 安慰者；vt. 安慰",3,CEEC-108
comfortable,adj.,"a. 舒服的, 輕鬆的；n. 蓋被",1,CEEC-108
comic,adj./n.,滑稽的,2,CEEC-108
comma,n.,"n. 逗點, 逗號",3,CEEC-108
command,n./v.,命令；控制,2,CEEC-108
commander,n.,指揮者,4,CEEC-108
comment,n./v.,評論,4,CEEC-108
commentary,n.,評述,5,CEEC-108
commentator,n.,評論家,5,CEEC-108
commerce,n.,n商業；交易,4,CEEC-108
commercial,adj./n.,商業的,2,CEEC-108
commission,n./v.,佣金；委託,5,CEEC-108
commit,v.,犯(罪)；把…託交給…,4,CEEC-108
commitment,n.,承諾,5,CEEC-108
committee,n.,委員會,3,CEEC-108
commodity,n.,商品,5,CEEC-108
common,adj./n.,一般的,1,CEEC-108
commonplace,adj./n.,平凡的,6,CEEC-108
commonwealth,n.,n. 共和國；聯邦；國民整體,6,CEEC-108
communicate,v.,溝通,3,CEEC-108
communication,n.,溝通；訊息,4,CEEC-108
communicative,adj.,愛說話的,6,CEEC-108
communism,n.,n. 共產主義,5,CEEC-108
communist,adj./n.,共產主義的；共產主義者,5,CEEC-108
community,n.,社區；共同體,4,CEEC-108
commute,v.,通勤,5,CEEC-108
commuter,n.,n通勤者,5,CEEC-108
compact,adj./n./v.,緊密的,5,CEEC-108
companion,n.,夥伴；伴侶,4,CEEC-108
company,n.,公司；同伴,2,CEEC-108
comparable,adj.,"a. 可比較的, 比得上的",5,CEEC-108
comparative,adj.,相比而言的,6,CEEC-108
compare,v.,比較,2,CEEC-108
comparison,n.,比較；對照,3,CEEC-108
compass,n./v.,指南針；圓規,6,CEEC-108
compassion,n.,"n. 同情, 憐憫",5,CEEC-108
compassionate,adj.,有同情心的,5,CEEC-108
compatible,adj.,相容的,5,CEEC-108
compel,v.,"vt. 強迫, 迫使",5,CEEC-108
compensate,v.,賠償,5,CEEC-108
compensation,n.,補償,5,CEEC-108
compete,v.,競爭；比賽,3,CEEC-108
competence,n.,能力,5,CEEC-108
competent,adj.,"a. 能幹的, 勝任的, 有效的, 足夠的；[經] 有權的, 授權的, 勝任的",5,CEEC-108
competition,n.,競賽；競爭,4,CEEC-108
competitive,adj.,競爭的,4,CEEC-108
competitor,n.,競爭者,4,CEEC-108
compile,v.,編纂,6,CEEC-108
complain,v.,抱怨,3,CEEC-108
complaint,n.,抱怨,3,CEEC-108
complement,n./v.,補足物,6,CEEC-108
complete,adj./v.,完全的；完成,2,CEEC-108
complex,adj./n.,複雜的；情結,2,CEEC-108
complexion,n.,氣色,6,CEEC-108
complexity,n.,錯綜複雜的事物,5,CEEC-108
compliance,n.,"n. 遵從, 順從, 屈從；[化] 柔順; 順應",5,CEEC-108
complicate,v.,使複雜化,4,CEEC-108
complication,n.,糾葛,5,CEEC-108
compliment,n./v.,讚美；祝賀,5,CEEC-108
comply,v.,依從,5,CEEC-108
component,adj./n.,零件；成分,5,CEEC-108
compose,v.,作曲；組成,4,CEEC-108
composer,n.,作曲家；調停者,4,CEEC-108
composition,n.,作文；合成物,4,CEEC-108
compound,adj./n./v.,"n. 混合物, 複合詞, 化合物, 院子；a. 複合的, 混合的, 化合的；vi. 化合, 和解, 妥協；vt. 使複合, 使化合",5,CEEC-108
comprehend,v.,理解,5,CEEC-108
comprehension,n.,理解(力),5,CEEC-108
comprehensive,adj.,廣泛的,6,CEEC-108
comprise,v.,"vt. 包含, 構成",5,CEEC-108
compromise,n./v.,妥協(方案),5,CEEC-108
compulsory,adj.,"a. 被強制的, 強迫的, 義務的；[經] 強迫的, 強制的",5,CEEC-108
compute,v.,估算；推算,6,CEEC-108
computer,n.,電腦,1,CEEC-108
computerize,v.,使電腦化,6,CEEC-108
comrade,n.,同伴,6,CEEC-108
conceal,v.,隱藏,5,CEEC-108
concede,v.,讓與,5,CEEC-108
conceive,v.,認為；構想,5,CEEC-108
concentrate,v.,專心,4,CEEC-108
concentration,n.,n專心；集中,4,CEEC-108
concept,n.,"n. 觀念, 概念；[醫] 概念",4,CEEC-108
conception,n.,"n. 觀念, 概念；[醫] 妊娠, 受孕; 概念",5,CEEC-108
concern,n./v.,關心；涉及,2,CEEC-108
concerning,prep.,prep. 關於；[法] 關於,4,CEEC-108
concert,n.,演奏會；音樂會,3,CEEC-108
concession,n.,讓步,6,CEEC-108
concise,adj.,簡潔的,6,CEEC-108
conclude,v.,結束；斷定,2,CEEC-108
conclusion,n.,結論；推論,3,CEEC-108
concrete,adj./n./v.,具體的；混凝土,4,CEEC-108
condemn,v.,"vt. 判刑, 責備, 譴責；[法] 定罪, 判刑, 宣告有罪",5,CEEC-108
condense,v.,使凝結(濃縮),6,CEEC-108
condition,n./v.,情況；決定,2,CEEC-108
conduct,n./v.,"n. 行為, 舉動, 指導；vt. 為人, 指揮, 管理, 實施；vi. 領導, 傳導, 指揮",5,CEEC-108
conductor,n.,領導者；指揮,4,CEEC-108
cone,n.,"n. 圓錐體, 球果；vt. 使成錐形",3,CEEC-108
confederation,n.,同盟,6,CEEC-108
conference,n.,會議,4,CEEC-108
confess,v.,坦承,4,CEEC-108
confession,n.,承認,5,CEEC-108
confidence,n.,信心；自信,4,CEEC-108
confident,adj.,有自信的,2,CEEC-108
confidential,adj.,機密的,5,CEEC-108
confine,v.,限制；使侷限,5,CEEC-108
confirm,v.,詮實,3,CEEC-108
conflict,n./v.,衝突,2,CEEC-108
conform,v.,遵從,5,CEEC-108
confront,v.,面臨；對抗,5,CEEC-108
confrontation,n.,對質；對抗,5,CEEC-108
confuse,v.,把…弄糊塗；攪亂,3,CEEC-108
confusion,n.,混亂；困惑,4,CEEC-108
congratulate,v.,恭喜,4,CEEC-108
congratulation,n.,恭喜,2,CEEC-108
congress,n.,正式大會；立法機關,4,CEEC-108
congressman,n.,"n. 國會議員, 眾議院議員；[法] 國會議會",6,CEEC-108
congresswoman,n.,"n. 國會女議員, 眾議院女議員",6,CEEC-108
connect,v.,連結,3,CEEC-108
connection,n.,連接；關聯,2,CEEC-108
conquer,v.,戰勝,4,CEEC-108
conquest,n.,徵服,6,CEEC-108
conscience,n.,"n. 良心；[法] 良心, 道德感, 正義感",4,CEEC-108
conscientious,adj.,盡責的,6,CEEC-108
conscious,adj.,神智清醒的,3,CEEC-108
consecutive,adj.,連續的,5,CEEC-108
consensus,n.,多數人的意見,5,CEEC-108
consent,n./v.,同意,5,CEEC-108
consequence,n.,結果；重要性,4,CEEC-108
consequent,adj.,因…的結果而起的,4,CEEC-108
conservation,n.,保護,5,CEEC-108
conservative,adj./n.,保守的,4,CEEC-108
conserve,n./v.,"n. 蜜餞, 果醬；vt. 保存, 使(能量等)守恆",6,CEEC-108
consider,v.,認為；考慮,2,CEEC-108
considerable,adj.,值得考慮的,3,CEEC-108
considerate,adj.,設想周到的,5,CEEC-108
consideration,n.,考慮；動機,2,CEEC-108
consist,v.,組成；存在於…,4,CEEC-108
consistent,adj.,一致的,4,CEEC-108
consolation,n.,慰藉,6,CEEC-108
console,n./v.,安慰,6,CEEC-108
consonant,n.,"n. 輔音；a. 一致的, 調和的",6,CEEC-108
conspiracy,n.,陰謀,6,CEEC-108
constant,adj./n.,固定的,3,CEEC-108
constitute,v.,構成；制定,4,CEEC-108
constitution,n.,憲法；法規,4,CEEC-108
constitutional,adj./n.,憲法的,5,CEEC-108
constraint,n.,限制,5,CEEC-108
construct,v.,建造,4,CEEC-108
construction,n.,建造物；建設,4,CEEC-108
constructive,adj.,建設性的,4,CEEC-108
consult,v.,與…商量,4,CEEC-108
consultant,n.,顧問；諮詢者,4,CEEC-108
consultation,n.,協商會,5,CEEC-108
consume,v.,消耗；花費,4,CEEC-108
consumer,n.,消費者,4,CEEC-108
consumption,n.,消費,5,CEEC-108
contact,n./v.,接觸；聯繫,2,CEEC-108
contagious,adj.,傳染性的,5,CEEC-108
contain,v.,包含,2,CEEC-108
container,n.,容器,4,CEEC-108
contaminate,v.,汙染物,5,CEEC-108
contemplate,v.,深思,5,CEEC-108
contemporary,adj./n.,"n. 同時代的人；a. 同時代的, 屬於同一時期的",5,CEEC-108
contempt,n.,輕視,5,CEEC-108
contend,v.,競爭；鬥爭,5,CEEC-108
content,adj./n./v.,滿足的,4,CEEC-108
contention,n.,"n. 爭論, 爭辯, 所持的論點；[計] 爭用",6,CEEC-108
contentment,n.,"n. 滿足, 使人滿意的事物, 滿意",4,CEEC-108
contest,n./v.,"n. 競賽, 爭論；vt. 競爭, 爭取, 爭辯；vi. 競爭",4,CEEC-108
contestant,n.,"n. 競爭者；[法] 爭辯者, 競爭者",6,CEEC-108
context,n.,上下文,4,CEEC-108
continent,n.,大陸；大洲,3,CEEC-108
continental,adj.,洲的；大陸的,5,CEEC-108
continual,adj.,不間斷的,4,CEEC-108
continue,v.,持續,2,CEEC-108
continuity,n.,n. 連續性；[化] 連續性,6,CEEC-108
continuous,adj.,連續的,4,CEEC-108
contract,n./v.,契約,2,CEEC-108
contractor,n.,立約人,5,CEEC-108
contradict,v.,否認,6,CEEC-108
contradiction,n.,矛盾,5,CEEC-108
contrary,adj./n.,相反的,4,CEEC-108
contrast,n./v.,對比,4,CEEC-108
contribute,v.,捐獻；貢獻,4,CEEC-108
contribution,n.,貢獻；捐獻,4,CEEC-108
control,n./v.,控制,2,CEEC-108
controller,n.,控制者,3,CEEC-108
controversial,adj.,有爭議的,5,CEEC-108
controversy,n.,"n. 論爭, 辯論, 論戰, 爭論；[法] 論戰, 爭論, 爭吵",5,CEEC-108
convene,v.,召集,6,CEEC-108
convenience,n.,便利設施；方便,4,CEEC-108
convenient,adj.,便利的,1,CEEC-108
convention,n.,慣例；會議,4,CEEC-108
conventional,adj.,慣例的；協定上的,4,CEEC-108
conversation,n.,會話；談吐,2,CEEC-108
converse,v.,談話,4,CEEC-108
conversion,n.,"n. 轉變, 轉換, 改變宗教信仰, 換位法；[計] 轉換",5,CEEC-108
convert,v.,轉換,5,CEEC-108
convey,v.,運輸；傳遞,4,CEEC-108
convict,n./v.,證明有罪；囚犯,5,CEEC-108
conviction,n.,"n. 定罪, 信服, 堅信；[法] 定罪, 證明有罪, 判罪",5,CEEC-108
convince,v.,說服,4,CEEC-108
cook,n./v.,廚師；烹煮,1,CEEC-108
cooker,n.,炊具,3,CEEC-108
cookie,n.,"n. 餅乾, 小甜點；[建] 糕點",1,CEEC-108
cool,adj./n./v.,涼爽的；使冷卻,1,CEEC-108
cooperate,v.,合作,4,CEEC-108
cooperation,n.,合作,4,CEEC-108
cooperative,adj./n.,合作的,4,CEEC-108
coordinate,adj./n./v.,"n. 同等的人(或物), 坐標；a. 同等的, 並列的；v. (使)協調",5,CEEC-108
cop,n.,警察,2,CEEC-108
cope,v.,競爭；妥善處理,4,CEEC-108
copper,adj./n.,"n. 銅, 警察；[化] 銅Cu",4,CEEC-108
copy,n./v.,副本；拷貝,1,CEEC-108
copyright,n./v.,版權,5,CEEC-108
coral,adj./n.,"n. 珊瑚, 珊瑚色；[化] 珊瑚",6,CEEC-108
cord,n.,細繩；粗線,4,CEEC-108
core,n.,"n. 核心, 果心, 要點；vt. 挖...的核；[計] 內核, 核心網",5,CEEC-108
corn,n.,玉米；穀物,2,CEEC-108
corner,n.,"n. 角落, 轉角, 窘境；vt. 迫至一隅, 壟斷, 使陷入絕境；vi. 相交成角, 壟斷；[計] 邊角",1,CEEC-108
corporate,adj.,"a. 社團的, 合夥的, 公司的；[經] 團體的, 法人的, 社團的",5,CEEC-108
corporation,n.,公司,5,CEEC-108
corpse,n.,n. 屍體；[醫] 屍體,6,CEEC-108
correct,adj./v.,正確的；更正,1,CEEC-108
correlation,n.,關聯,5,CEEC-108
correspond,v.,符合；通信,4,CEEC-108
correspondence,n.,"n. 相符, 通信, 信件；[醫] 對應, 相對",6,CEEC-108
correspondent,n.,通訊(記)者；一致的,5,CEEC-108
corridor,n.,"n. 走廊, 迴廊, 人口密集地帶",5,CEEC-108
corrupt,adj./v.,腐敗的；敗壞,5,CEEC-108
corruption,n.,道德敗壞,5,CEEC-108
cosmetic,adj.,化妝品；美容的,6,CEEC-108
cosmetics,n.,n. 裝飾品；化妝品（cosmetic的複數）,6,CEEC-108
cost,n./v.,花費；付出,1,CEEC-108
costly,adj.,貴重的；代價高的,3,CEEC-108
costume,n.,服裝；戲服,4,CEEC-108
cottage,n.,農舍；小屋,4,CEEC-108
cotton,n.,棉,3,CEEC-108
couch,n./v.,長沙發；睡椅,1,CEEC-108
cough,n./v.,咳嗽,3,CEEC-108
council,n.,會議,4,CEEC-108
counsel,n./v.,忠告,5,CEEC-108
counselor,n.,"n. 顧問, 參事, 法律顧問",5,CEEC-108
count,n./v.,計算,1,CEEC-108
countable,adj.,可數的,3,CEEC-108
counter,adj./adv./n./v.,櫃檯；籌碼,4,CEEC-108
counterpart,n.,互相對應的人(物),6,CEEC-108
country,n.,國家；鄉下,1,CEEC-108
countryside,n.,鄉村,2,CEEC-108
county,n.,郡；縣,3,CEEC-108
couple,n./v.,(一)對,2,CEEC-108
coupon,n.,優待券,6,CEEC-108
courage,n.,勇氣,2,CEEC-108
courageous,adj.,勇敢的,4,CEEC-108
course,n./v.,課程；過程,1,CEEC-108
court,n.,法庭,2,CEEC-108
courteous,adj.,有禮貌的,5,CEEC-108
courtesy,n.,有禮的舉止,4,CEEC-108
courtyard,n.,n庭院,6,CEEC-108
cousin,n.,表(兄弟姊妹),1,CEEC-108
cover,n./v.,封面；遮蓋,1,CEEC-108
coverage,n.,報導；某事所包含的範圍,5,CEEC-108
cow,n.,母牛,1,CEEC-108
coward,n.,懦弱的；懦夫,4,CEEC-108
cowardly,adj.,"a. 怯懦的, 懦弱的；膽小的",6,CEEC-108
cowboy,n.,牛仔；牧牛人,2,CEEC-108
cozy,adj.,"a. 舒適的, 安逸的, 愜意的；n. (茶壺等的)保暖罩, 舒適的座位；vt. 以假話使安心",6,CEEC-108
crab,n.,蟹,3,CEEC-108
crack,n./v.,爆烈聲；裂開,4,CEEC-108
crackdown,n.,取締,6,CEEC-108
cracker,n.,"n. 餅乾, 爆竹；[計] 破襲者",6,CEEC-108
cradle,n./v.,搖籃；撫育,3,CEEC-108
craft,n.,工藝；太空船,4,CEEC-108
cram,v.,填塞,6,CEEC-108
cramp,n./v.,"n. 痙攣, 腹部絞痛, 鐵夾鉗；a. 狹窄的, 難認的；vt. 使抽筋, 以鐵箍扣緊, 束縛",6,CEEC-108
crane,n./v.,起重機；鶴,3,CEEC-108
crash,n./v.,墜毀；撞擊,3,CEEC-108
crater,n./v.,"n. 火山口, 環行山, 彈坑；[化] 焊口; 火山石; 弧坑; 焰口",6,CEEC-108
crawl,n./v.,爬行；蠕動,3,CEEC-108
crayon,n.,蠟筆,2,CEEC-108
crazy,adj.,瘋狂的,1,CEEC-108
cream,adj./n.,奶油；乳脂,2,CEEC-108
create,v.,創造,2,CEEC-108
creation,n.,創作；萬物,4,CEEC-108
creative,adj.,有創造力的,3,CEEC-108
creativity,n.,創造力,4,CEEC-108
creator,n.,創作者,3,CEEC-108
creature,n.,生物,3,CEEC-108
credibility,n.,可信性,5,CEEC-108
credible,adj.,可信的,6,CEEC-108
credit,n./v.,信用；賒帳,3,CEEC-108
creek,n.,"n. 小溪, 小河, 小灣",5,CEEC-108
creep,v.,躡手躡腳地走,4,CEEC-108
crew,n.,(一群)工作人員,3,CEEC-108
cricket,n.,蟋蟀,3,CEEC-108
crime,n.,罪行；犯罪活動,2,CEEC-108
criminal,adj./n.,adj/n.犯罪的；罪犯,3,CEEC-108
cripple,n./v.,肢體殘障者,5,CEEC-108
crisis,n.,危機,2,CEEC-108
crispy,adj.,"a. 捲曲的, 鬆脆的, 易碎的, 乾脆的, 乾淨利落的, 生氣勃勃的",3,CEEC-108
criteria,n.,pl. 標準；[計] 條件,5,CEEC-108
criterion,n.,"n. 標準, 準則, 規範；[化] 判據",5,CEEC-108
critic,n.,評論家,4,CEEC-108
critical,adj.,關鍵性的；批判的,4,CEEC-108
criticism,n.,評論,4,CEEC-108
criticize,v.,批評,4,CEEC-108
crocodile,n.,鱷魚,6,CEEC-108
crop,n./v.,作物,3,CEEC-108
cross,n./v.,交叉；越過,1,CEEC-108
crossing,n.,交叉口,6,CEEC-108
crow,n.,烏鴉；雞啼聲,2,CEEC-108
crowd,n./v.,人群；擠滿,2,CEEC-108
crown,n./v.,王冠；為…加冕,3,CEEC-108
crucial,adj.,"a. 決定性的, 重要的, 嚴厲的；[醫] 十字形的; 決斷的, 定局的",5,CEEC-108
crude,adj.,未加工製造的,5,CEEC-108
cruel,adj.,殘酷的,3,CEEC-108
cruelty,n.,"n. 殘酷, 野蠻, 殘酷行為；[法] 殘酷, 殘忍, 虐待",4,CEEC-108
cruise,n./v.,乘船遊覽,5,CEEC-108
crunchy,adj.,a. 發嘎吱嘎吱聲的,4,CEEC-108
crush,n./v.,弄碎；壓碎,4,CEEC-108
crutch,n.,"n. 拐杖, 支撐, 依靠；vt. 支撐",6,CEEC-108
cry,n./v.,哭；叫喊,1,CEEC-108
crystal,adj./n.,水晶的,5,CEEC-108
cub,n.,幼獸,6,CEEC-108
cube,n./v.,立方體,4,CEEC-108
cucumber,n.,黃瓜,6,CEEC-108
cue,n./v.,反芻的食物,4,CEEC-108
cuisine,n.,"n. 烹調風格, 烹調法, 烹飪, 廚房",5,CEEC-108
cultivate,v.,耕作；培養,6,CEEC-108
cultural,adj.,文化的；教養的,2,CEEC-108
culture,n.,文化；教養,2,CEEC-108
cumulative,adj.,累積的,6,CEEC-108
cunning,adj./n.,狡猾的；奸詐的,4,CEEC-108
cup,n.,杯子,1,CEEC-108
cupboard,n.,碗櫃,3,CEEC-108
curb,n./v.,抑制,6,CEEC-108
cure,n./v.,n/v.治療；治癒,2,CEEC-108
curfew,n.,宵禁,6,CEEC-108
curiosity,n.,好奇心,4,CEEC-108
curious,adj.,好奇的,2,CEEC-108
curl,n./v.,"n. 拳曲, 鬈髮；vt. 弄卷；vi. 拳曲, 彎曲",4,CEEC-108
currency,n.,貨幣；流通,5,CEEC-108
current,adj./n.,目前的；潮流,2,CEEC-108
curriculum,n.,課程,5,CEEC-108
curry,n.,咖哩食品,6,CEEC-108
curse,n./v.,"n. 咒罵, 詛咒；vt. 詛咒, 咒罵",4,CEEC-108
curtain,n./v.,簾；給…裝上簾子,2,CEEC-108
curve,n./v.,/v曲線；使彎曲,4,CEEC-108
cushion,n./v.,墊子,4,CEEC-108
custody,n.,監管,5,CEEC-108
custom,n.,海關；習慣,2,CEEC-108
customary,adj.,習慣上的,6,CEEC-108
customer,n.,顧客,2,CEEC-108
customs,n.,"n. 海關, 關卡, 關稅；[經] 關稅, 海關",5,CEEC-108
cut,n./v.,切,1,CEEC-108
cute,adj.,可愛的,1,CEEC-108
cycle,n./v.,週期；循環,2,CEEC-108
cynical,adj.,"a. 憤世嫉俗的, 諷刺的, 冷嘲的",6,CEEC-108
daily,adj./adv./n.,每日的,2,CEEC-108
dairy,n.,乳品店,3,CEEC-108
dam,n./v.,水壩；築壩於…,3,CEEC-108
damage,n./v.,損害；毀壞,2,CEEC-108
damp,adj./n./v.,潮溼的,4,CEEC-108
dance,n./v.,舞蹈,1,CEEC-108
dancer,n.,舞者,2,CEEC-108
danger,n.,危險,2,CEEC-108
dangerous,adj.,危險的,1,CEEC-108
dare,aux./v.,敢於…；膽敢,3,CEEC-108
dark,adj./n.,黑暗的,1,CEEC-108
darling,adj./n.,親愛的,3,CEEC-108
dash,n./v.,猛衝,3,CEEC-108
data,n.,資料,2,CEEC-108
database,n.,n. 資料庫；[計] 資料庫,3,CEEC-108
date,n./v.,棗；棗椰樹,1,CEEC-108
daughter,n.,女兒,1,CEEC-108
dawn,n./v.,黎明；破曉,3,CEEC-108
day,n.,n白天,1,CEEC-108
dazzle,n./v.,使目眩,6,CEEC-108
dead,adj.,死去的；無效的,1,CEEC-108
deadline,n.,截止期限,4,CEEC-108
deadly,adj./adv.,"a. 致命的, 致死的；adv. 非常, 如死一般地",5,CEEC-108
deaf,adj.,聾的,2,CEEC-108
deafen,v.,使聽不見,6,CEEC-108
deal,n./v.,n ./v.交易；處理,1,CEEC-108
dealer,n.,"n. 經銷商, 商人；[經] 交易員, 販賣商",3,CEEC-108
dear,adj./adv./n.,親愛的,1,CEEC-108
death,n.,n. 死亡；[醫] 死亡,1,CEEC-108
debate,n./v.,爭論,2,CEEC-108
debris,n.,"n. 碎片, 殘骸；[醫] 碎屑",5,CEEC-108
debt,n.,債,2,CEEC-108
debut,n.,初次登臺,5,CEEC-108
decade,n.,"n. 十年, 十",3,CEEC-108
decay,n./v.,"n. 衰退, 腐敗；v. (使)衰退, (使)腐敗",5,CEEC-108
deceive,v.,欺騙,5,CEEC-108
decent,adj.,得體的,5,CEEC-108
decide,v.,決定,1,CEEC-108
decision,n.,決定,2,CEEC-108
decisive,adj.,果斷的,6,CEEC-108
deck,n.,甲板,3,CEEC-108
declaration,n.,宣布；聲明,5,CEEC-108
declare,v.,宣告；聲明,4,CEEC-108
decline,n./v.,下降,5,CEEC-108
decorate,v.,裝飾,3,CEEC-108
decoration,n.,裝飾；裝溝,4,CEEC-108
decrease,n./v.,減少,3,CEEC-108
dedicate,v.,奉獻,5,CEEC-108
dedication,n.,"n. 奉獻, 獻身, 獻辭；[計] 專用",6,CEEC-108
deduct,v.,"vt. 扣除, 減去；[經] 扣除, 減去, 折扣",6,CEEC-108
deed,n.,行為；功績,3,CEEC-108
deem,v.,視為,6,CEEC-108
deep,adj./adv.,深的,1,CEEC-108
deepen,v.,加深,3,CEEC-108
deer,n.,鹿,2,CEEC-108
default,n./v.,"n. 違約, 不履行責任, 缺席, 默認值；v. 疏怠職責, 缺席, 拖欠, 默認；[計] 默認; 默認值; 預設值",6,CEEC-108
defeat,n./v.,失敗；擊敗,4,CEEC-108
defect,n./v.,缺點,6,CEEC-108
defend,v.,防守；防衛,4,CEEC-108
defendant,n.,n. 被告；[經] 被告方,5,CEEC-108
defense,n.,防衛,4,CEEC-108
defensible,adj.,"a. 可防衛的, 可防護的, 可辯護的；[法] 可辯護的, 能防衛的",4,CEEC-108
defensive,adj.,防護的；保衛的,4,CEEC-108
defiance,n.,"n. 蔑視, 挑戰；[法] 挑戰, 藐視, 違抗",6,CEEC-108
deficit,n.,赤字,5,CEEC-108
define,v.,解釋；給…下定義,1,CEEC-108
definite,adj.,明確的；肯定的,4,CEEC-108
definition,n.,"n. 定義, 精確度, 清晰度；[計] 清晰度; 清晰度",3,CEEC-108
definitive,adj.,"n. 限定詞；a. 限定的, 決定性的",6,CEEC-108
defy,v.,違抗,5,CEEC-108
degree,n.,度數；學位；等級,2,CEEC-108
delay,n./v.,拖延,2,CEEC-108
delegate,n./v.,派…為代表,5,CEEC-108
delegation,n.,委任,5,CEEC-108
deliberate,adj./v.,"a. 深思熟慮的, 故意的, 從容的；v. 仔細考慮",5,CEEC-108
delicate,adj.,纖弱的；雅緻的,4,CEEC-108
delicious,adj.,美味可口的,2,CEEC-108
delight,n./v.,喻快,4,CEEC-108
delightful,adj.,令人愉快的,4,CEEC-108
deliver,v.,遞送,2,CEEC-108
delivery,n.,投遞；交貨,2,CEEC-108
demand,n./v.,請求；要求,4,CEEC-108
democracy,n.,民主,3,CEEC-108
democrat,n.,民主主義者,5,CEEC-108
democratic,adj.,民主的,3,CEEC-108
demonstrate,v.,證明；展示；遊行,4,CEEC-108
demonstration,n.,驗證；示威運動,4,CEEC-108
denial,n.,否認,5,CEEC-108
dense,adj.,密集的；稠密的,4,CEEC-108
density,n.,n. 密度；[化] 密度,5,CEEC-108
dental,adj.,牙齒的；齒音(的),6,CEEC-108
dentist,n.,牙科醫師,2,CEEC-108
deny,v.,否定；否認,2,CEEC-108
depart,v.,分離；啟程,4,CEEC-108
department,n.,n部門；系,2,CEEC-108
departure,n.,分離；啟程,4,CEEC-108
depend,v.,依賴,2,CEEC-108
dependent,adj./n.,依賴性強的,4,CEEC-108
depict,v.,描繪,5,CEEC-108
deplete,v.,使枯竭,6,CEEC-108
deploy,v.,布署,5,CEEC-108
deposit,n./v.,存款；押金；放置,3,CEEC-108
depress,v.,使沮喪,5,CEEC-108
depression,n.,沮喪,4,CEEC-108
deprive,v.,剝奪,6,CEEC-108
depth,n.,深度,2,CEEC-108
deputy,n.,n. 副手，代理人,5,CEEC-108
derive,v.,vt. 得自；vi. 起源,5,CEEC-108
descend,v.,"vi. 下降, 世代相傳, 屈尊, 襲擊；vt. 下降",5,CEEC-108
descent,n.,下降,6,CEEC-108
describe,v.,描述,2,CEEC-108
description,n.,描寫；說明?,2,CEEC-108
descriptive,adj.,"a. 描述的, 敘述的",5,CEEC-108
desert,n./v.,沙漠,2,CEEC-108
deserve,v.,應得,4,CEEC-108
design,n./v.,設計,2,CEEC-108
designer,n.,設計師,3,CEEC-108
desirable,adj.,"a. 令人想望的, 可取的",3,CEEC-108
desire,n./v.,慾望,3,CEEC-108
desk,n.,書桌,1,CEEC-108
despair,n./v.,"n. 絕望, 失望；vi. 絕望",5,CEEC-108
desperate,adj.,絕望的,4,CEEC-108
despise,v.,藐視,6,CEEC-108
despite,prep.,儘管,4,CEEC-108
dessert,n.,甜點；餐後點心,3,CEEC-108
destination,n.,目的地,5,CEEC-108
destined,adj.,"a. 預定的, 註定的, 命定的",6,CEEC-108
destiny,n.,"n. 命運, 定數",5,CEEC-108
destroy,v.,摧毀,3,CEEC-108
destruction,n.,破壞,4,CEEC-108
destructive,adj.,毀滅性的,5,CEEC-108
detach,v.,分開,6,CEEC-108
detail,n./v.,細節,2,CEEC-108
detain,v.,拘留；耽擱,6,CEEC-108
detect,v.,"vt. 發現, 察覺, 探測；[法] 發現, 查明, 探測",3,CEEC-108
detective,adj./n.,n. 偵探；a. 偵探的,4,CEEC-108
detention,n.,"n. 阻止, 監禁, 拘留；[醫] 隔離, 拘留, 滯留, 停滯",6,CEEC-108
deter,v.,制止,6,CEEC-108
detergent,n.,洗潔劑,6,CEEC-108
determination,n.,決心,4,CEEC-108
determine,v.,決定；堅決,3,CEEC-108
develop,v.,"vt. 發展, 使發達, 進步, 洗印, 顯影；vi. 發展, 生長",2,CEEC-108
development,n.,n. 發展；[化] 展開,2,CEEC-108
device,n.,裝置,4,CEEC-108
devil,n.,魔鬼,3,CEEC-108
devise,v.,策劃,4,CEEC-108
devote,v.,將…奉獻給,4,CEEC-108
devotion,n.,奉獻,5,CEEC-108
devour,v.,"vt. 吞食, 揮霍, 吞沒",6,CEEC-108
dew,n.,"n. 露珠, 露水；vt. (用露水)沾溼；vi. 結露水",4,CEEC-108
diabetes,n.,糖尿病,6,CEEC-108
diagnose,v.,診斷,5,CEEC-108
diagnosis,n.,診斷(法),5,CEEC-108
diagram,n./v.,圖表(解),4,CEEC-108
dial,n./v.,撥號；刻度盤,2,CEEC-108
dialect,n.,方言,5,CEEC-108
dialogue,n.,對話,2,CEEC-108
diameter,n.,"n. 直徑；[醫] 直經, 徑",5,CEEC-108
diamond,n.,鑽石,2,CEEC-108
diaper,n.,菱形花紋(布)；尿布,5,CEEC-108
diary,n.,日記,2,CEEC-108
dictate,v.,使聽寫；命令,6,CEEC-108
dictation,n.,聽寫；命令,6,CEEC-108
dictator,n.,獨裁者,6,CEEC-108
dictatorship,n.,"n. 獨裁者之職位, 獨裁, 獨裁政權；[法] 專攻, 獨裁權",6,CEEC-108
dictionary,n.,字典,1,CEEC-108
die,v.,死亡,1,CEEC-108
diesel,n.,"n. 內燃機, 柴油機, 柴油",6,CEEC-108
diet,n./v.,飲食；特種飲食,2,CEEC-108
differ,v.,不同於…,4,CEEC-108
difference,n.,差異,2,CEEC-108
different,adj.,不同的,1,CEEC-108
differentiate,v.,區分,6,CEEC-108
difficult,adj.,困難的,1,CEEC-108
difficulty,n.,困難,2,CEEC-108
dig,n./v.,挖；掘,1,CEEC-108
digest,n./v.,消化,4,CEEC-108
digestion,n.,消化作用,5,CEEC-108
digital,adj.,數字式的,4,CEEC-108
dignity,n.,尊嚴,4,CEEC-108
dilemma,n.,困境,5,CEEC-108
diligence,n.,勤勉,4,CEEC-108
diligent,adj.,勤奮的,4,CEEC-108
dim,adj./v.,朦朧的,3,CEEC-108
dime,n.,一角硬幣,3,CEEC-108
dimension,n.,尺寸；範圍,5,CEEC-108
diminish,v.,減少,5,CEEC-108
dine,v.,用餐,3,CEEC-108
dinner,n.,晚餐,1,CEEC-108
dinosaur,n.,恐龍,3,CEEC-108
dip,n./v.,浸；泡,3,CEEC-108
diploma,n.,學位證書,4,CEEC-108
diplomacy,n.,外交,6,CEEC-108
diplomat,n.,外交官,4,CEEC-108
diplomatic,adj.,"a. 外交的, 老練的；[法] 外交的, 外交上的, 文獻上的",5,CEEC-108
direct,adj./adv./v.,直接的；指向,2,CEEC-108
direction,n.,方向,2,CEEC-108
directive,n.,"a. 指導的, 指揮的, 方向的；n. 指令；[計] 指令; 命令",6,CEEC-108
director,n.,主管；導演,2,CEEC-108
directory,n.,工商人名錄,5,CEEC-108
dirt,n.,汙物；泥土,3,CEEC-108
dirty,adj./v.,汙穢的,1,CEEC-108
disability,n.,無能,4,CEEC-108
disable,v.,使失去能力,6,CEEC-108
disadvantage,n./v.,不利之條件,4,CEEC-108
disagree,v.,"vi. 不一致, 不適宜；[法] 牴觸, 不同意, 爭執",2,CEEC-108
disagreement,n.,"n. 不合, 爭論, 不一致；[法] 不一致, 不同意, 陪審團的意見不一",2,CEEC-108
disappear,v.,消失,2,CEEC-108
disappoint,v.,vt. 使失望,4,CEEC-108
disappointment,n.,n. 失望,4,CEEC-108
disapprove,v.,不贊成,5,CEEC-108
disaster,n.,災難,4,CEEC-108
disastrous,adj.,多災多難的,6,CEEC-108
disbelief,n.,"n. 不信, 懷疑",6,CEEC-108
disc,n.,"n. 圓盤, 唱片；vt. 灌唱片",3,CEEC-108
discard,n./v.,摒棄,6,CEEC-108
discharge,n./v.,"vt. 卸下, 放出, 解僱, 拔染, 履行, 放電；vi. 卸貨, 流出；n. 卸貨, 流出, 放電",6,CEEC-108
disciple,n.,門徒,6,CEEC-108
disciplinary,adj.,紀律上的,6,CEEC-108
discipline,n./v.,紀律,4,CEEC-108
disclose,v.,露出,5,CEEC-108
disclosure,n.,揭露,6,CEEC-108
discomfort,n./v.,不舒適,6,CEEC-108
disconnect,v.,使分離,5,CEEC-108
discount,n./v.,折扣,3,CEEC-108
discourage,v.,"vt. 使氣餒, 阻礙",4,CEEC-108
discouragement,n.,"n. 使洩氣, 使氣餒, 使沮喪, 使喪失信心, 使失去信心, 阻攔, 勸阻, 留難",4,CEEC-108
discourse,n.,"n. 談話, 演講；vi. 談話, 講述",5,CEEC-108
discover,v.,發現,2,CEEC-108
discovery,n.,發現,2,CEEC-108
discreet,adj.,考慮周到的,6,CEEC-108
discriminate,v.,辨別,5,CEEC-108
discrimination,n.,歧視；區別,5,CEEC-108
discuss,v.,討論,2,CEEC-108
discussion,n.,討論,2,CEEC-108
disease,n.,疾病,2,CEEC-108
disgrace,n./v.,"n. 恥辱, 不名譽；vt. 使受恥辱, 使失體面",6,CEEC-108
disguise,n./v.,偽裝,4,CEEC-108
disgust,n./v.,嫌惡；使厭惡,4,CEEC-108
dish,n./v.,碟；菜餚,1,CEEC-108
dishonest,adj.,不誠實的,3,CEEC-108
disk,n.,"n. 圓盤, 磁碟；[計] 磁碟",3,CEEC-108
dislike,n./v.,"n. 嫌惡；vt. 討厭, 不喜歡",3,CEEC-108
dismay,n./v.,使驚慌,6,CEEC-108
dismiss,v.,解散,4,CEEC-108
disorder,n./v.,使混亂；騷亂,4,CEEC-108
dispensable,adj.,可有可無的,6,CEEC-108
dispense,v.,"vt. 分發, 分配；vi. 特許, 豁免",6,CEEC-108
display,n./v.,陳列,2,CEEC-108
disposable,adj./n.,可丟棄的,6,CEEC-108
disposal,n.,處理；配置,6,CEEC-108
dispose,v.,處理；配置,6,CEEC-108
dispute,n./v.,爭論,4,CEEC-108
disrupt,v.,擾亂,5,CEEC-108
dissent,n.,"n. 異議；vi. 持異議, 不同意",6,CEEC-108
dissolve,v.,"v. 溶解, 解散",5,CEEC-108
distance,n.,距離,2,CEEC-108
distant,adj.,遙遠的,2,CEEC-108
distinct,adj.,有區別的,4,CEEC-108
distinction,n.,區別,5,CEEC-108
distinctive,adj.,"a. 有特色的, 出眾的",5,CEEC-108
distinguish,v.,識別,4,CEEC-108
distinguished,adj.,卓越的,4,CEEC-108
distract,v.,使分心,5,CEEC-108
distraction,n.,"n. 娛樂, 分心的事物, 分心；[醫] 注意力分散, 內脫位, 牙弓過寬",6,CEEC-108
distress,n./v.,悲痛,6,CEEC-108
distribute,v.,分配,4,CEEC-108
distribution,n.,分配；配給物,4,CEEC-108
district,n.,區域,4,CEEC-108
disturb,v.,妨礙；打擾,4,CEEC-108
disturbance,n.,"n. 擾亂, 不安, 憂慮；[化] 擾動; 幹擾; 失調",6,CEEC-108
ditch,n./v.,水道；渠道,3,CEEC-108
dive,n./v.,跳水；潛水,3,CEEC-108
diverse,adj.,各種各樣的,4,CEEC-108
diversify,v.,使多樣化,6,CEEC-108
diversion,n.,轉換,6,CEEC-108
diversity,n.,多樣性,4,CEEC-108
divert,v.,"vt. 轉移, 使歡娛；vi. 轉移",6,CEEC-108
divide,n./v.,劃分；分歧,2,CEEC-108
dividend,n.,股息,6,CEEC-108
divine,adj.,神的；神聖的,4,CEEC-108
division,n.,分開；部門,2,CEEC-108
divorce,n./v.,離婚,4,CEEC-108
dizzy,adj.,頭暈目眩的,3,CEEC-108
do,aux./v.,"v. 做, 進行, 完成",1,CEEC-108
doc,n.,"[計] 通信部, 數字輸出控制, 文檔；[醫] 脫氧皮質酮",1,CEEC-108
dock,n./v.,碼頭,3,CEEC-108
doctor,n.,醫生；博士,1,CEEC-108
doctrine,n.,"n. 教條, 學說；[醫] 學說",5,CEEC-108
document,n./v.,文件,5,CEEC-108
documentary,adj./n.,記錄片,5,CEEC-108
dodge,n./v.,避開,4,CEEC-108
dog,n.,狗,1,CEEC-108
doll,n.,洋娃娃,1,CEEC-108
dollar,n.,(美、加等國)元,1,CEEC-108
dolphin,n.,海豚,3,CEEC-108
domain,n.,領域,5,CEEC-108
dome,n./v.,n. 圓頂；vt. 加圓頂；vi. 成圓頂狀,5,CEEC-108
domestic,adj.,家庭的；國內的,2,CEEC-108
dominant,adj.,支配的,4,CEEC-108
dominate,v.,支配,4,CEEC-108
donate,v.,捐贈,5,CEEC-108
donation,n.,捐贈；捐贈物,5,CEEC-108
donkey,n.,驢,3,CEEC-108
donor,n.,捐贈者,5,CEEC-108
doom,n./v.,厄運；註定,6,CEEC-108
door,n.,n. 門,1,CEEC-108
doorway,n.,"n. 門口, 途徑",5,CEEC-108
dorm,n.,n. 宿舍,6,CEEC-108
dormitory,n.,n. 宿舍,6,CEEC-108
dose,n./v.,n．(藥物等的)一劑,3,CEEC-108
dot,n./v.,點；打點於,2,CEEC-108
double,adj./adv./n./v.,兩倍的；雙重地,2,CEEC-108
doubt,n./v.,懷疑；疑點,2,CEEC-108
doubtful,adj.,令人懷疑的,3,CEEC-108
dough,n.,生麵團,5,CEEC-108
doughnut,n.,甜甜圈,3,CEEC-108
dove,n.,鴿,2,CEEC-108
down,adj./adv./n./prep./v.,在…下方；下面的,1,CEEC-108
download,v.,"[計] 卸載, 下栽",2,CEEC-108
downstairs,adj./adv./n.,樓下,2,CEEC-108
downtown,adj./adv./n.,在城市的商業區；鬧區,3,CEEC-108
downward,adj./adv.,a. 向下的,6,CEEC-108
downwards,adv.,向下的,6,CEEC-108
doze,n./v.,打瞌睡,6,CEEC-108
dozen,n.,一打；十二個,1,CEEC-108
draft,n./v.,草稿,4,CEEC-108
drag,n./v.,拖曳,3,CEEC-108
dragon,n.,龍,2,CEEC-108
dragonfly,n.,蜻蜓,3,CEEC-108
drain,n./v.,排水,3,CEEC-108
drama,n.,戲劇,2,CEEC-108
dramatic,adj.,戲劇性的,3,CEEC-108
drastic,adj.,激烈的,6,CEEC-108
draught,n.,(=draft)草圖；草擬,6,CEEC-108
draw,n./v.,畫；拖拉,1,CEEC-108
drawer,n.,抽屜；拖曳者,2,CEEC-108
drawing,n.,n素描；製圖,2,CEEC-108
dread,n./v.,害怕,4,CEEC-108
dreadful,adj.,可怕的,5,CEEC-108
dream,n./v.,夢；做夢,1,CEEC-108
dress,n./v.,女裝；打扮,1,CEEC-108
dresser,n.,"n. 化妝檯, (劇團)服裝師, 碗櫃；[醫] 敷裹員",6,CEEC-108
dressing,n.,"n. 調味品, 穿衣, 化妝；[化] 追肥",6,CEEC-108
drift,n./v.,漂流；漂浮物,4,CEEC-108
drill,n./v.,鑽頭；鑽床,4,CEEC-108
drink,n./v.,飲料；喝,1,CEEC-108
drip,n./v.,n. 水滴；v. (使)滴下,3,CEEC-108
drive,n./v.,車程；駕駛,1,CEEC-108
driver,n.,"n. 駕駛員, 驅動器, 驅動程式；[化] 驅動器",1,CEEC-108
driveway,n.,私用車道,5,CEEC-108
drop,n./v.,(一)滴；下降,1,CEEC-108
drought,n.,乾旱,5,CEEC-108
drown,v.,把…淹死；淹沒,3,CEEC-108
drowsy,adj.,昏昏欲睡的,4,CEEC-108
drug,n./v.,藥品；毒品,2,CEEC-108
drugstore,n.,雜貨店,3,CEEC-108
drum,n./v.,鼓；打鼓,1,CEEC-108
drunk,adj./n.,喝酒醉的,3,CEEC-108
dry,adj./v.,乾燥的；使變乾,1,CEEC-108
dryer,n.,吹風機,2,CEEC-108
dual,adj.,由兩部分構成的,6,CEEC-108
dubious,adj.,覺得可疑的,6,CEEC-108
duck,n./v.,鴨子,1,CEEC-108
due,adj./adv./n.,到期的,2,CEEC-108
dull,adj./v.,單調的；遲鈍的,2,CEEC-108
dumb,adj.,啞的；愚笨的,3,CEEC-108
dump,n./v.,傾倒,3,CEEC-108
dumpling,n.,"n. 麵團布丁, 糰子",3,CEEC-108
durable,adj.,持久的,4,CEEC-108
duration,n.,持續,6,CEEC-108
during,prep.,在…期間,1,CEEC-108
dusk,n.,"n. 薄暮, 傍晚, 黃昏；a. 微暗的；v. (使)微暗",6,CEEC-108
dust,n./v.,灰塵；打掃,3,CEEC-108
dusty,adj.,"a. 灰塵多的, 無聊的, 含糊的, 粉末狀的",4,CEEC-108
duty,n.,義務；稅,2,CEEC-108
dwarf,n./v.,侏儒；矮小的,6,CEEC-108
dwell,v.,"vi. 居住, 居住(於), 存在(於)",6,CEEC-108
dwelling,n.,n. 住處；[醫] 住房,6,CEEC-108
dye,n./v.,染料；染色,4,CEEC-108
dynamic,adj.,動力的；動態的,4,CEEC-108
dynasty,n.,朝代,4,CEEC-108
each,adj./adv./pron.,各個,1,CEEC-108
eager,adj.,熱切的,3,CEEC-108
eagle,n.,鷹,2,CEEC-108
ear,n.,耳朵；聽力,1,CEEC-108
early,adj./adv.,早的,1,CEEC-108
earn,v.,賺取；贏得,2,CEEC-108
earnest,adj./n.,認真的,4,CEEC-108
earphone,n.,"n. 耳機, 聽筒；[電] 耳機",4,CEEC-108
earring,n.,"n. 耳環, 耳飾",2,CEEC-108
earth,n.,陸地；地球,1,CEEC-108
earthquake,n.,地震,2,CEEC-108
ease,n./v.,容易；減輕,2,CEEC-108
east,adj./adv./n.,東方的,1,CEEC-108
eastern,adj.,"n. 東方人, 東正教徒；a. 東方的, 向東的, 自東的",2,CEEC-108
easy,adj.,容易的,1,CEEC-108
eat,v.,吃；喝,1,CEEC-108
eccentric,adj./n.,古怪的(人),6,CEEC-108
echo,n./v.,回聲；回響,3,CEEC-108
eclipse,n./v.,(日、月)蝕,6,CEEC-108
ecological,adj.,"a. 生態學的, 主張生態保護的；[法] 生態的, 生態學的",5,CEEC-108
ecology,n.,生態學,5,CEEC-108
economic,adj.,經濟上的,4,CEEC-108
economical,adj.,經濟的；節儉的,4,CEEC-108
economics,n.,經濟學,4,CEEC-108
economist,n.,經濟學者,4,CEEC-108
economy,n.,節約；經濟,4,CEEC-108
ecosystem,n.,n. 生態系統；[醫] 生態系,5,CEEC-108
edge,n./v.,邊緣；使鋒利,2,CEEC-108
edible,adj.,可食的；食用的,6,CEEC-108
edit,v.,編輯,3,CEEC-108
edition,n.,發行數；版本,2,CEEC-108
editor,n.,"n. 編者, 編輯, 主筆, 編輯器, 編輯裝置；[計] 編輯器",3,CEEC-108
editorial,adj./n.,社論,6,CEEC-108
educate,v.,教育；教導,3,CEEC-108
education,n.,教育；教育學,2,CEEC-108
educational,adj.,有教育意義的,3,CEEC-108
effect,n./v.,結果；作用；影響,2,CEEC-108
effective,adj.,有效的,2,CEEC-108
efficiency,n.,效率,4,CEEC-108
efficient,adj.,有效率的,3,CEEC-108
effort,n.,努力,2,CEEC-108
egg,n.,蛋；卵細胞,1,CEEC-108
ego,n.,自我,5,CEEC-108
either,adj./adv./conj./pron.,(兩者之中)任一的,1,CEEC-108
elaborate,adj./v.,精巧的；複雜的,5,CEEC-108
elastic,adj./n.,有彈性的,4,CEEC-108
elbow,n./v.,肘部；扶手,3,CEEC-108
elder,adj./n.,年齡較大的,2,CEEC-108
elderly,adj.,年長的,3,CEEC-108
elect,adj./v.,選舉,3,CEEC-108
election,n.,選舉,3,CEEC-108
electric,adj.,電的,2,CEEC-108
electrical,adj.,"a. 電的, 有關電的；[醫] 電的",2,CEEC-108
electrician,n.,電工；電氣技師,6,CEEC-108
electricity,n.,電；電流,3,CEEC-108
electronic,adj.,電子的,3,CEEC-108
electronics,n.,n電子學,4,CEEC-108
elegant,adj.,優雅的,4,CEEC-108
element,n.,元素,3,CEEC-108
elementary,adj.,基本的；初級的,4,CEEC-108
elephant,n.,象,1,CEEC-108
elevate,v.,使提高,6,CEEC-108
elevator,n.,電梯；升降機,3,CEEC-108
eligible,adj.,有資格的,5,CEEC-108
eliminate,v.,消滅；排除,4,CEEC-108
eloquent,adj.,雄辯的,5,CEEC-108
else,adv.,其他；另外,1,CEEC-108
elsewhere,adv.,在別處,4,CEEC-108
email,n./v.,n. 電子信函,1,CEEC-108
embarrass,v.,"vt. 使困窘, 使局促不安, 阻礙",4,CEEC-108
embarrassment,n.,"n. 困難, 阻礙, 困窘；[醫] 窘迫",4,CEEC-108
embassy,n.,大使館,4,CEEC-108
embrace,n./v.,"n. 擁抱；vt. 擁抱, 互相擁抱, 包含, 收買；vi. 擁抱",5,CEEC-108
emerge,v.,浮現；顯露,4,CEEC-108
emergency,n.,緊急情況,3,CEEC-108
emigrant,n.,移民,6,CEEC-108
emigrate,v.,"v. (使)移居, (使)移民",6,CEEC-108
emigration,n.,"n. 移民, 移居外國(或外地)；[醫] 血細胞滲出",6,CEEC-108
emission,n.,散發,5,CEEC-108
emotion,n.,情感；激動,2,CEEC-108
emotional,adj.,感情上的,3,CEEC-108
emperor,n.,統治者；皇帝,3,CEEC-108
emphasis,n.,強調,4,CEEC-108
emphasize,v.,強調,2,CEEC-108
empire,n.,帝國；王權,4,CEEC-108
employ,v.,"n. 僱用；vt. 僱用, 使用, 使從事於",2,CEEC-108
employee,n.,僱員,2,CEEC-108
employer,n.,僱主,2,CEEC-108
employment,n.,"n. 僱用, 職業, 工作；[經] 職業, 僱用, 職工招請",2,CEEC-108
empty,adj./v.,空的,2,CEEC-108
enable,v.,使能夠,3,CEEC-108
enclose,v.,圍住；把(公文等)封入,4,CEEC-108
encounter,n./v.,遭遇；衝突,4,CEEC-108
encourage,v.,"vt. 鼓勵, 支持, 激勵；[法] 慫恿, 煽動, 助長",2,CEEC-108
encouragement,n.,"n. 鼓勵, 激勵, 獎勵；[法] 慫恿, 煽動, 助長",2,CEEC-108
encyclopedia,n.,百科全書,6,CEEC-108
end,n./v.,結束,1,CEEC-108
endanger,v.,使瀕臨危機,4,CEEC-108
endeavor,n./v.,"n. 努力, 盡力；vi. 努力, 盡力",6,CEEC-108
ending,n.,"n. 終止, 終了, 收場；[醫] 末梢",2,CEEC-108
endorse,v.,贊同,5,CEEC-108
endorsement,n.,"n. 支持, 認可, 背書；[經] 背書, 擔保, 保證",5,CEEC-108
endowment,n.,天資,6,CEEC-108
endurance,n.,耐力,6,CEEC-108
endure,v.,忍受,4,CEEC-108
enemy,n.,敵人,2,CEEC-108
energetic,adj.,充滿活力的,3,CEEC-108
energy,n.,活力,2,CEEC-108
enforce,v.,"vt. 強迫, 執行, 堅持；[經] 予以強制執行",4,CEEC-108
enforcement,n.,"n. 執行, 強制；[法] 實施, 加強, 厲行",4,CEEC-108
engage,v.,"vi. 答應, 從事, 交戰；vt. 使忙碌, 僱傭, 預定, 使從事於, 使參加",3,CEEC-108
engagement,n.,"n. 諾言, 約會, 婚約, 交戰；[醫] 銜接",3,CEEC-108
engine,n.,發動機；引擎,2,CEEC-108
engineer,n.,工程師,1,CEEC-108
engineering,n.,工程,4,CEEC-108
enhance,v.,增加,6,CEEC-108
enhancement,n.,"n. 提高, 美化, 增進, 增強, 增加；[計] 增強, 加強, 提高, 充實",6,CEEC-108
enjoy,v.,"vt. 享受, 喜歡, 欣賞；[法] 享受, 享有, 獲得某種利益",1,CEEC-108
enjoyable,adj.,有樂趣的,3,CEEC-108
enjoyment,n.,"n. 享樂, 快樂, 享受；[經] 使用權",1,CEEC-108
enlarge,v.,"vt. 擴大, 增大；vi. 擴大, 詳述",4,CEEC-108
enlargement,n.,"n. 擴大, 腫大, 肥大, 增大, 放大的照片, 放大, 擴建部分, 增補物, 擴展；[計] 增補, 擴大, 放大",4,CEEC-108
enlighten,v.,敵發,6,CEEC-108
enlightenment,n.,"n. 啟迪, 教化",6,CEEC-108
enormous,adj.,巨大的,4,CEEC-108
enough,adj./adv./n.,足夠的,1,CEEC-108
enrich,v.,使富裕,6,CEEC-108
enrichment,n.,"n. 豐富, 肥沃；[化] 富集",6,CEEC-108
enroll,v.,使加入；註冊,6,CEEC-108
enrollment,n.,"n. 登記, 註冊, 入伍；[經] 登記, 註冊",6,CEEC-108
ensure,v.,確保,4,CEEC-108
enter,v.,進入；參加,1,CEEC-108
enterprise,n.,"n. 企業, 事業心, 進取心, 幹事業；[計] 企業",5,CEEC-108
entertain,v.,"vt. 娛樂, 招待, 懷抱；vi. 款待",4,CEEC-108
entertainment,n.,"n. 娛樂, 款待, 娛樂表演",4,CEEC-108
enthusiasm,n.,熱心,4,CEEC-108
enthusiastic,adj.,有熱忱的,5,CEEC-108
entire,adj.,全部的,2,CEEC-108
entitle,v.,"vt. 給...權利, 取名為, 給予名稱, 叫做；[法] 給...權利, 使有資格, 稱呼",5,CEEC-108
entity,n.,"n. 實體, 實存物, 存在；[計] 實體",5,CEEC-108
entrance,n.,"n. 入口, 進入點, 入場, 入學, 進入, 開始(階段), 就任；vt. 使出神, 使入迷；[計] 入口",2,CEEC-108
entrepreneur,n.,"n. 企業家, 主辦人；[經] 承包商, 企業家",5,CEEC-108
entry,n.,進入,3,CEEC-108
envelope,n.,信封,1,CEEC-108
envious,adj.,妒嫉的,5,CEEC-108
environment,n.,環境；圍繞,2,CEEC-108
environmental,adj.,環境的,2,CEEC-108
envision,v.,"vt. 想像, 預想",5,CEEC-108
envy,n./v.,嫉妒；羨慕,3,CEEC-108
epidemic,adj./n.,"n. 傳染病, 流行病；a. 流行的, 傳染性的",5,CEEC-108
episode,n.,"n. 插曲, 插話, 有趣的事件, 一段情節；[醫] 插話, 插曲, 發作",5,CEEC-108
equal,adj./n./v.,相等的,2,CEEC-108
equality,n.,相等；平等；均等,4,CEEC-108
equalize,v.,"vt. 使相等, 補償；vi. 相等",6,CEEC-108
equate,v.,"vt. 使相等, 視為平等；vi. 等同",6,CEEC-108
equation,n.,"n. 相等, 等式, 平衡；[化] 方程式; 等式; 反應式; 公式",5,CEEC-108
equip,v.,"vt. 裝備, 配備；[機] 設備, 裝置",4,CEEC-108
equipment,n.,"n. 裝備, 設備, 才能；[化] 設備; 裝備; 裝置",4,CEEC-108
equity,n.,"n. 公平, 公正；[經] 權益, 產權",5,CEEC-108
equivalent,adj./n.,相同的,5,CEEC-108
era,n.,年代,4,CEEC-108
erase,v.,擦掉；抹去,3,CEEC-108
eraser,n.,擦除器(如橡皮擦),1,CEEC-108
erect,adj./v.,"a. 直立的, 豎立的, 筆直的；vt. 使豎立, 使直立, 樹立, 建立；vi. 勃起",5,CEEC-108
errand,n.,差事；任務,5,CEEC-108
error,n.,錯誤,1,CEEC-108
erupt,v.,vi. 爆發；vt. 噴出,5,CEEC-108
escalator,n.,電扶梯,5,CEEC-108
escape,n./v.,逃跑；逃避,2,CEEC-108
escort,n./v.,護衛(者),6,CEEC-108
especially,adv.,"adv. 尤其, 特別, 格外",2,CEEC-108
essay,n.,散文；論說文,2,CEEC-108
essence,n.,本質；精華,5,CEEC-108
essential,adj./n.,必要的；精華的,4,CEEC-108
establish,v.,"vt. 建立, 確立, 制定；vi. 移植生長",4,CEEC-108
establishment,n.,"n. 確立, 制定, 設施；[經] 企業, 公司, 商店",4,CEEC-108
estate,n.,"n. 不動產, (人生的)階段, 階層, 財產；[經] 房地產, 遺產, 財產",5,CEEC-108
esteem,n./v.,尊敬,6,CEEC-108
estimate,n./v.,估計；預計,4,CEEC-108
eternal,adj.,"a. 永恆的, 永遠的, 不滅的",5,CEEC-108
eternity,n.,"n. 永遠, 來世, 不朽",6,CEEC-108
ethic,n.,倫理,5,CEEC-108
ethical,adj.,"a. 倫理的, 民族的, 民族特有的；[醫] 倫理的, 道德的",5,CEEC-108
ethnic,adj./n.,種族的,4,CEEC-108
evacuate,v.,"v. 疏散, 撤出, 排洩",6,CEEC-108
evaluate,v.,評估,4,CEEC-108
evaluation,n.,估算,4,CEEC-108
eve,n.,前夕,2,CEEC-108
even,adj./adv./v.,(1) adv.甚至；連,1,CEEC-108
evening,n.,晚上,1,CEEC-108
event,n.,事件,2,CEEC-108
eventual,adj.,結果的,4,CEEC-108
ever,adv.,永遠,1,CEEC-108
evergreen,adj./n.,常青樹(的),6,CEEC-108
every,adj.,每個,1,CEEC-108
everybody,pron.,"pron. 每個人, 人人",1,CEEC-108
everyone,pron.,"pron. 每個人, 人人；[計] 系統中的一個組名",1,CEEC-108
everything,pron.,"pron. 每件事物, 所有事物",1,CEEC-108
evidence,n./v.,證據；物證,4,CEEC-108
evident,adj.,明顯的,4,CEEC-108
evil,adj./n.,邪惡的,2,CEEC-108
evoke,v.,喚起,6,CEEC-108
evolution,n.,演化(論),5,CEEC-108
evolve,v.,使逐漸發展,5,CEEC-108
exact,adj.,精確的,2,CEEC-108
exaggerate,v.,誇大,4,CEEC-108
exaggeration,n.,誇張,5,CEEC-108
exam,n.,"n. 考試, 測驗",2,CEEC-108
examination,n.,"n. 考試, 測驗, 審查；[醫] 檢查, 診察",2,CEEC-108
examine,v.,檢查；調查,2,CEEC-108
examinee,n.,應試者,6,CEEC-108
examiner,n.,主考人；審查員,6,CEEC-108
example,n.,例子；樣品,1,CEEC-108
exceed,v.,"vt. 超過, 超越, 勝過；vi. 超過其他",5,CEEC-108
excel,v.,擅長,6,CEEC-108
excellence,n.,傑出；優點,3,CEEC-108
excellent,adj.,傑出的；卓越的,1,CEEC-108
except,conj./prep.,除了…之外,1,CEEC-108
exception,n.,例外,4,CEEC-108
exceptional,adj.,例外的；特殊的,5,CEEC-108
excerpt,n./v.,"n. 摘錄；v. 引用, 摘錄",6,CEEC-108
excess,adj./n.,"n. 過度, 剩於, 超過, 超額；a. 過量的, 額外的",6,CEEC-108
excessive,adj.,"a. 過度的, 過多的, 極端的；[法] 過度的, 過分的, 額外的",5,CEEC-108
exchange,n./v.,交換；交易,3,CEEC-108
excite,v.,"vt. 刺激, 使興奮, 激勵",2,CEEC-108
excited,adj.,"a. 興奮的, 已勵磁的, 已激發的, 激昂的, 激動的",1,CEEC-108
excitement,n.,"n. 刺激, 興奮；[醫] 興奮, 激動",2,CEEC-108
exciting,adj.,"a. 令人興奮的, 刺激的；[電] 激磁",1,CEEC-108
exclaim,v.,驚叫,5,CEEC-108
exclude,v.,"vt. 除外, 排除, 排斥；[醫] 除外(診斷)",5,CEEC-108
exclusion,n.,"n. 排除, 除外, 逐出；[醫] 排除, 除外, 分離術",6,CEEC-108
exclusive,adj.,"a. 排外的, 獨佔的, 唯一的；[計] 獨佔的",5,CEEC-108
excuse,n./v.,藉口；原諒,2,CEEC-108
execute,v.,"vt. 執行, 實行, 完成, 處死, 製成；[計] 執行",5,CEEC-108
execution,n.,"n. 實行, 完成, 執行, 死刑；[計] 執行",5,CEEC-108
executive,adj./n.,執行的,5,CEEC-108
exempt,adj.,豁免(的)；被免除義務者,6,CEEC-108
exercise,n./v.,運動；鍛鍊,1,CEEC-108
exert,v.,"vt. 發揮, 運用, 施以影響；[法] 施加, 產生, 行使",6,CEEC-108
exhaust,n./v.,(2)v.汲乾；使精疲力盡,4,CEEC-108
exhibit,n./v.,展示,4,CEEC-108
exhibition,n.,展示會,3,CEEC-108
exile,n./v.,放逐,5,CEEC-108
exist,v.,存在；生存,2,CEEC-108
existence,n.,存在,2,CEEC-108
exit,n./v.,出口,2,CEEC-108
exotic,adj./n.,異國風情的,5,CEEC-108
expand,v.,展開；擴大,4,CEEC-108
expansion,n.,擴展；膨脹,4,CEEC-108
expect,v.,期望,1,CEEC-108
expectation,n.,期望,3,CEEC-108
expedition,n.,探險(隊),5,CEEC-108
expenditure,n.,"n. 開支, 費用, 用光, 消費額；[經] 支出, 費用, 消費",6,CEEC-108
expense,n.,"n. 費用, 代價, 開支, 損失；[經] 費用, 開支, 將支出轉為費用",2,CEEC-108
expensive,adj.,昂貴的,1,CEEC-108
experience,n./v.,經驗,1,CEEC-108
experiment,n./v.,實驗,3,CEEC-108
experimental,adj.,實驗性質的,4,CEEC-108
expert,adj./n.,熟練的；專家,2,CEEC-108
expertise,n.,專業知識,5,CEEC-108
expiration,n.,"n. 終止, 滿期, 呼出, 呼氣；[醫] 呼[氣], 斷氣, 死亡",6,CEEC-108
expire,v.,期滿,6,CEEC-108
explain,v.,解釋,1,CEEC-108
explanation,n.,解釋,4,CEEC-108
explicit,adj.,清楚的,5,CEEC-108
explode,v.,爆炸,3,CEEC-108
exploit,n./v.,"n. 功績, 勳績；vt. 開發, 利用, 開拓, 剝削",5,CEEC-108
exploration,n.,研究,5,CEEC-108
explore,v.,探索,3,CEEC-108
explosion,n.,爆炸；劇變,4,CEEC-108
explosive,adj./n.,爆炸性的,4,CEEC-108
export,n./v.,出口,3,CEEC-108
expose,v.,使暴露於,4,CEEC-108
exposure,n.,暴露；陳列,4,CEEC-108
express,adj./adv./n./v.,表達,2,CEEC-108
expression,n.,表情；表示,2,CEEC-108
expressive,adj.,"a. 表達的, 富於表情的",3,CEEC-108
extend,v.,延伸,4,CEEC-108
extension,n.,伸長；延期,5,CEEC-108
extensive,adj.,廣大的,5,CEEC-108
extent,n.,"n. 範圍, 程度, 區域；[計] 範圍",4,CEEC-108
exterior,adj./n.,外部的,5,CEEC-108
external,adj./n.,"n. 外部, 外面；a. 外部的, 客觀的, 表面的",5,CEEC-108
extinct,adj.,絕種的,5,CEEC-108
extra,adj./adv./n.,額外的,2,CEEC-108
extract,n./v.,拔出；摘錄,6,CEEC-108
extracurricular,adj.,課外的,6,CEEC-108
extraordinary,adj.,異常的,5,CEEC-108
extreme,adj./n.,盡頭的；極限,3,CEEC-108
eye,n.,眼睛,1,CEEC-108
eyebrow,n.,n. 眉毛；[醫] 眉,2,CEEC-108
eyelash,n.,n. 睫毛；[醫] 睫[毛],6,CEEC-108
eyelid,n.,"n. 眼皮, 眼瞼；[醫] 瞼",6,CEEC-108
eyesight,n.,視力,6,CEEC-108
fable,n.,寓言；虛構的故事,6,CEEC-108
fabric,n.,"n. 織物, 布, 結構, 構造, 建築物；[經] 組織, 建築物, 工廠",5,CEEC-108
fabulous,adj.,"a. 傳說的, 寓言般的, 難以置信的",5,CEEC-108
face,n./v.,面孔；面臨,1,CEEC-108
facial,adj.,面部的；表面的,4,CEEC-108
facilitate,v.,"vt. 使容易, 促進, 幫助；[法] 使容易, 使便利, 推進",5,CEEC-108
facility,n.,設備；能力,4,CEEC-108
fact,n.,事實,1,CEEC-108
faction,n.,"n. 小派系, 內訌；[法] 宗派, 派別, 小集團",6,CEEC-108
factor,n.,因素；代理人,2,CEEC-108
factory,n.,工廠,1,CEEC-108
faculty,n.,官能；技能,5,CEEC-108
fade,v.,凋謝；枯萎,3,CEEC-108
Fahrenheit,n.,a. 華氏溫度計的；n. 華氏溫度計,6,CEEC-108
fail,n./v.,失敗；不及格,1,CEEC-108
failure,n.,失敗,2,CEEC-108
faint,adj./n./v.,頭暈的；暈倒,3,CEEC-108
fair,adj./adv./n.,(1) adj./adv.公平的,2,CEEC-108
fairly,adv.,"adv. 美觀地, 公平地, 相當地, 清楚地",3,CEEC-108
fairy,adj./n.,仙女,3,CEEC-108
faith,n.,信念；諾言,3,CEEC-108
faithful,adj.,忠誠的,4,CEEC-108
fake,adj./n./v.,假的；偽造,3,CEEC-108
fall,n./v.,(1) v./n.落下,1,CEEC-108
false,adj.,"a. 錯誤的, 虛偽的, 假的, 不老實的；adv. 不準確地, 欺詐地",2,CEEC-108
falter,v.,"vt. 支吾地說；vi. 支吾, 蹣跚地走；n. 顫抖, 支吾, 躊躇",6,CEEC-108
fame,n.,聲譽,4,CEEC-108
familiar,adj.,熟悉的,3,CEEC-108
familiarity,n.,"n. 熟悉, 精通, 親密",6,CEEC-108
family,n.,家庭；家人,1,CEEC-108
famous,adj.,著名的,1,CEEC-108
fan,n./v.,扇子；煽動,1,CEEC-108
fancy,adj./n./v.,迷戀,3,CEEC-108
fantastic,adj.,想像中的,4,CEEC-108
fantasy,n.,空想；幻想,4,CEEC-108
far,adj./adv.,遙遠的,1,CEEC-108
fare,n.,車費；夥食,3,CEEC-108
farewell,n.,告別；告別詞,4,CEEC-108
farm,n./v.,農莊；農場,1,CEEC-108
farmer,n.,農人；農場經營者,1,CEEC-108
farther,adj./adv.,進一步地,3,CEEC-108
fascinate,v.,"vt. 令人入神, 使著迷；vi. 入迷",5,CEEC-108
fascination,n.,"n. 令人著迷的事物, 入迷, 魅力",6,CEEC-108
fashion,n./v.,時尚；風氣,2,CEEC-108
fashionable,adj.,"a. 時髦的, 上流社會的, 流行的",3,CEEC-108
fast,adj./adv.,快速的,1,CEEC-108
fasten,v.,繫緊；集中注意力,4,CEEC-108
fat,adj./n.,肥胖的,1,CEEC-108
fatal,adj.,致命的,4,CEEC-108
fate,n.,命運,2,CEEC-108
father,n.,父親,1,CEEC-108
fatigue,n./v.,"n. 疲乏, 疲勞；vt. 使疲勞, 使心智衰弱；vi. 疲勞；a. 疲勞的",5,CEEC-108
faucet,n.,"n. 龍頭, 開關, 旋塞",3,CEEC-108
fault,n./v.,缺點；錯誤,2,CEEC-108
favor,n./v.,贊同；偏袒,2,CEEC-108
favorable,adj.,贊同的；適合的,4,CEEC-108
favorite,adj./n.,特別喜愛的,2,CEEC-108
fax,n./v.,傳真；傳真機,4,CEEC-108
fear,n./v.,害怕,2,CEEC-108
fearful,adj.,"a. 可怕的, 恐怕的, 擔心的",3,CEEC-108
feasible,adj.,"a. 能實行的, 可行的, 適宜的；[法] 可行的, 可執行的, 可完成的",6,CEEC-108
feast,n./v.,"n. 宴會, 酒席, 享受, 節日；vt. 款待, 享樂, 請客；vi. 參加宴會, 盡情地吃, 享受",4,CEEC-108
feather,n.,羽毛；鳥類,3,CEEC-108
feature,n./v.,特徵,2,CEEC-108
federal,adj.,"a. 聯邦的, 聯合的, 同盟的；[法] 聯邦的, 聯邦制的, 聯盟的",5,CEEC-108
fee,n.,酬金；服務費,2,CEEC-108
feeble,adj.,"a. 微弱的, 衰弱的, 無效的；[醫] 無力的, 衰弱的",6,CEEC-108
feed,n./v.,餵食,1,CEEC-108
feedback,n.,"n. 反饋, 反應；[計] 反饋",4,CEEC-108
feel,n./v.,摸；感覺,1,CEEC-108
feeling,n.,"n. 摸, 觸覺, 知覺, 感覺, 情緒, 同情；a. 有同情心的, 有感覺的, 仁慈的, 動人的",2,CEEC-108
fellow,n.,同伴的；夥伴,2,CEEC-108
female,adj./n.,女的；雌性的,2,CEEC-108
feminine,adj./n.,"a. 女性的, 陰性的, 柔弱的；[醫] 女性的, 雌性的",6,CEEC-108
fence,n.,柵欄；防衛,3,CEEC-108
ferry,n./v.,擺渡；渡輸,4,CEEC-108
fertile,adj.,多產的；富饒的,4,CEEC-108
fertility,n.,"n. 肥沃, 豐饒, 生產力；[醫] 生育力",6,CEEC-108
fertilizer,n.,肥料；促進發展者,6,CEEC-108
festival,n.,節日；歡樂,1,CEEC-108
fetch,n./v.,"n. 取得, 拿, 詭計, 魂；vt. 接來, 取來, 售得, 帶來, 推出, 引出, 殺死, 吸引, 到達；vi. 取物, 前進；[計] 取",4,CEEC-108
fever,n.,發燒；狂熱,2,CEEC-108
few,adj./pron.,少數,1,CEEC-108
fiance,n.,n. 未婚夫,6,CEEC-108
fiancé,n.,未婚夫,6,CEEC-108
fiber,n.,"n. 纖維, 構造, 纖維製品；[化] 纖維",5,CEEC-108
fiction,n.,小說；虛構的事,4,CEEC-108
field,n.,原野；欄位,2,CEEC-108
fierce,adj.,兇猛的；猛烈的,4,CEEC-108
fight,n./v.,打鬥；爭吵,1,CEEC-108
fighter,n.,鬥士；戰鬥機,3,CEEC-108
figure,n./v.,"n. 數字, 價格, 圖形, 形狀；vt. 描繪, 表示, 演算, 認為；vi. 計算, 出現, 估計",2,CEEC-108
file,n./v.,"n. 檔案, 公文箱, 文件夾, 文件, 卷宗, 銼刀；vi. 列隊行進, 用銼刀做；vt. 歸檔, 申請, 銼, 琢磨；[計] 文件",1,CEEC-108
fill,n./v.,"vt. 裝滿, 填充, 瀰漫, 供給, 滿足, 供應；vi. 充滿, 變得沉重；n. 滿足, 裝滿, 充分, 填方；vt. 填充；vi. 填充；[計] 填充",1,CEEC-108
film,n.,軟片；電影,1,CEEC-108
filter,n./v.,"n. 濾波器, 過濾器, 濾光器, 過濾嘴, 去塵器；vt. 過濾, 滲透, 走漏；vi. 濾過, 滲入；[計] 過濾器, 篩選",5,CEEC-108
fin,n.,"n. 鰭, 魚翅, 鰭狀物, 五元紙幣；vi. 猛揮鰭；vt. 裝上翅, 切除鰭",6,CEEC-108
final,adj./n.,最後的,2,CEEC-108
finally,adv.,"adv. 最後, 終於",1,CEEC-108
finance,n./v.,財政,4,CEEC-108
financial,adj.,財政的；金融的,4,CEEC-108
find,n./v.,尋找；得到,1,CEEC-108
fine,adj./adv./n./v.,"n. 罰款, 罰金, 晴天, 精細；a. 好的, 晴朗的, 健康的, 細小的, 精細的；vt. 罰款, 精煉, 澄清；vi. 變清, 變細；adv. 很好；[計] 精細",1,CEEC-108
finger,n./v.,手指；指出,1,CEEC-108
finish,n./v.,結束；完成,1,CEEC-108
finite,adj.,"a. 有限的, 有窮的, 限定的；n. 有限物",6,CEEC-108
fire,n./v.,(1)n./v.火；開火,1,CEEC-108
firecracker,n.,"n. 爆竹, 鞭炮；[化] 爆竹; 鞭炮",6,CEEC-108
fireman,n.,"n. 救火隊員, 消防隊員；[機] 司爐",2,CEEC-108
fireplace,n.,n. 壁爐,4,CEEC-108
fireproof,adj.,"a. 耐火的, 防火的；vi. 變成有耐火性",6,CEEC-108
firewoman,n.,女消隊防員; 女消防員,2,CEEC-108
firework,n.,"n. 煙火具, 煙火, 煙火信號彈, 焰火, 激情的表現",3,CEEC-108
firm,adj./adv./n./v.,adj/adv./v.堅決的；使穩固,2,CEEC-108
first,adj./adv./n.,/n adv.第一的,1,CEEC-108
fiscal,adj.,"a. 財政的, 國庫的；[經] 財政上的, 會計的, 國庫的",5,CEEC-108
fish,n./v.,魚類；釣魚,1,CEEC-108
fisherman,n.,漁民；漁夫,2,CEEC-108
fishery,n.,"n. 漁業；[法] 捕魚, 捕魚權",6,CEEC-108
fist,n./v.,拳頭；支配,3,CEEC-108
fit,adj./adv./n./v.,adj/n/v.適合的,2,CEEC-108
fix,n./v.,修理；校準,2,CEEC-108
flag,n.,旗子,2,CEEC-108
flake,n./v.,"n. 小薄片, 扁薄的一層, 火星, 曬魚架子；vt. 使成薄片；vi. 剝落",6,CEEC-108
flame,n./v.,火焰；燃燒,3,CEEC-108
flash,n./v.,/v閃爍；燈光,3,CEEC-108
flashlight,n.,"n. 手電筒, 閃光信號燈",3,CEEC-108
flat,adj./adv./n.,adj/adv.平坦的,2,CEEC-108
flatter,v.,諂媚；奉承,4,CEEC-108
flavor,n./v.,味道；調味料,3,CEEC-108
flaw,n./v.,"n. 缺點, 裂紋, 瑕疵, 一陣狂風；[化] 劃痕; 裂縫; 裂紋",6,CEEC-108
flea,n.,n. 跳蚤；[醫] 蚤,4,CEEC-108
flee,v.,逃走；逃離,4,CEEC-108
fleet,n.,"n. 艦隊, 港灣, 小河；a. 快速的, 敏捷的, 淺的, 短暫的；adv. 淺；vi. 疾馳, 飛逝, 掠過；vt. 消磨, 變換船(或船員)的位置",5,CEEC-108
flesh,n.,肉體,3,CEEC-108
flexibility,n.,"n. 彈性, 適應性；[計] 靈活性; 適應性",5,CEEC-108
flexible,adj.,有彈性的,4,CEEC-108
flight,n.,"n. 飛行, 射程, 逃走, 飛躍, 飛機航程, 班機, 遷徙, 飛逝；vi. 遷徙；vt. 射擊(飛禽), 為(箭)裝上羽毛, 使驚飛",2,CEEC-108
flip,n./v.,"vt. 擲, 彈, 輕擊, 空翻；vi. 用指輕彈, 抽打, 蹦跳；n. 拋, 彈, 筋鬥；a. 無禮的；[計] 翻轉",5,CEEC-108
float,n./v.,飄浮；搖擺,3,CEEC-108
flock,n./v.,群；聚集,3,CEEC-108
flood,n./v.,洪水；淹沒使氾濫,3,CEEC-108
floor,n./v.,地板,1,CEEC-108
flour,n.,麵粉,3,CEEC-108
flourish,n./v.,"vi. 繁榮, 茂盛, 活躍, 手舞足蹈；vt. 揮舞, 誇耀；n. 揮舞, 炫耀, 茂盛, 興旺, 華麗詞藻",6,CEEC-108
flow,n./v.,漲潮；流動,2,CEEC-108
flower,n./v.,花朵；開花,1,CEEC-108
flu,n.,"n. 流感, 流行性感冒",2,CEEC-108
fluency,n.,"n. 流暢, 雄辯, 善辯",5,CEEC-108
fluent,adj.,流暢的,4,CEEC-108
fluid,adj./n.,"n. 液體, 分泌液, 流體；a. 流動的, 可改變的",5,CEEC-108
flunk,n./v.,"n. 失敗, 不及格；vi. 失敗, 考試不及格, 放棄；vt. 使不及格",6,CEEC-108
flush,n./v.,"n. 流溢, 面紅, 旺盛, 發燒, 驚飛的鳥, 同花牌；a. 豐足的, 齊平的, 滿盈的, 泛濫的；adv. 齊平地, 直接地；vi. 臉發紅, 奔湧, 旺盛, 驚飛；vt. 淹沒, 衝洗, 使臉紅, 使激動, 使齊平, 使驚飛",4,CEEC-108
flute,n.,"n. 笛, 橫笛, 凹槽；vi. 吹笛子；vt. 用長笛奏, 刻凹槽於",3,CEEC-108
fly,n./v.,"n. 蒼蠅, 兩翼昆蟲, 飛行；vi. 飛, 飛翔, 飄揚, 逃走；vt. 飛, 飛越, 使飄揚, 逃出；a. 敏捷的",1,CEEC-108
foam,n./v.,泡沬,4,CEEC-108
focus,n./v.,焦點；集中,2,CEEC-108
foe,n.,"n. 仇敵, 反對者, 敵人, 對手",6,CEEC-108
fog,n./v.,霧氣；以霧籠罩,2,CEEC-108
foggy,adj.,多霧的,3,CEEC-108
fold,n./v.,摺疊；交疊,3,CEEC-108
folk,n.,(某一民族或社會階層中的)廣大成員,2,CEEC-108
folklore,n.,"n. 民俗學, 民間風俗, 民間傳說",6,CEEC-108
follow,v.,跟隨,1,CEEC-108
follower,n.,追隨者；擁護者,3,CEEC-108
following,adj./n./prep.,接著的,2,CEEC-108
fond,adj.,喜歡的；愛好的,3,CEEC-108
food,n.,食物,1,CEEC-108
fool,n./v.,(1) n.傻瓜,1,CEEC-108
foolish,adj.,愚蠢的,2,CEEC-108
foot,n./v.,腳；足,1,CEEC-108
football,n.,"n. 足球, 橄欖球",2,CEEC-108
for,conj./prep.,"prep. 為, 因為, 至於；conj. 因為；[計] DOS批處理命令:對一組參數重複執行指定的命令",1,CEEC-108
forbid,v.,禁止；阻止,4,CEEC-108
force,n./v.,強迫；力量,2,CEEC-108
forecast,n./v.,預測；預言,4,CEEC-108
foreign,adj.,外國的；陌生的,1,CEEC-108
foreigner,n.,外國人,1,CEEC-108
forest,n.,森林,2,CEEC-108
forever,adv.,永遠,3,CEEC-108
forge,v.,打(鐵等),5,CEEC-108
forget,v.,忘記,1,CEEC-108
forgive,v.,原諒,2,CEEC-108
fork,n.,叉子；分岔,1,CEEC-108
form,n./v.,形狀；構成,2,CEEC-108
formal,adj.,正式的,2,CEEC-108
format,n./v.,"n. 開本, 版式, 形式, 格式；vt. 格式化；[計] 格式; DOS外部命令:對磁碟進行格式化",5,CEEC-108
formation,n.,形成；組成,4,CEEC-108
former,adj.,先前的；從前的,2,CEEC-108
formidable,adj.,"a. 巨大的, 優秀的, 可怕的, 艱難的",6,CEEC-108
formula,n.,配方；客套話；準則,4,CEEC-108
formulate,v.,"vt. 用公式表示, 明確敘述, 制訂；[機] 公式化, 公式表示",6,CEEC-108
forsake,v.,"vt. 放棄, 斷念, 拋棄；[法] 遺棄, 拋棄, 摒絕",6,CEEC-108
fort,n.,堡壘,4,CEEC-108
forth,adv.,向前,2,CEEC-108
forthcoming,adj.,a. 即將來臨的；n. 來臨,6,CEEC-108
fortify,v.,"vt. 設要塞於, 加強, 使堅強, 增加；vi. 築防禦工事",6,CEEC-108
fortunate,adj.,幸運的,4,CEEC-108
fortune,n.,財產；好運,3,CEEC-108
forum,n.,"n. 論壇, 公開討論的廣場, 法庭, 討論會；[法] 討論會, 專題討論, 公共論壇",5,CEEC-108
forward,adj./adv./n./v.,向前；今後,2,CEEC-108
forwards,adv.,adv. 向前；今後,2,CEEC-108
fossil,adj./n.,"n. 化石, 古物；a. 化石的, 陳腐的, 守舊的",4,CEEC-108
foster,adj./v.,"a. 收養的, 養育的；vt. 養育, 撫育, 培養, 鼓勵, 抱(希望)",5,CEEC-108
foul,adj./adv./n./v.,"a. 汙穢的, 邪惡的, 惡臭的, 骯髒的, 惡劣的, 淤塞的；vt. 弄髒, 妨害, 汙衊, 犯規, 淤塞；vi. 腐爛, 犯規, 纏結；adv. 違反規則地, 不正當地；n. 犯規, 纏繞",5,CEEC-108
found,v.,創立,2,CEEC-108
foundation,n.,建立；基金會,4,CEEC-108
founder,n.,創立者；締造者,4,CEEC-108
fountain,n.,噴泉；噴水池,3,CEEC-108
fowl,n.,"n. 鳥, 飛禽, 家禽；vi. 打鳥",6,CEEC-108
fox,n.,狐狸,2,CEEC-108
fraction,n.,"n. 小部分, 破片, 分數；[醫] 部分, 成分, 分散",5,CEEC-108
fracture,n./v.,"n. 破碎, 骨折；v. (使)破碎, (使)破裂",6,CEEC-108
fragile,adj.,"a. 易碎的, 脆的；[醫] 脆弱的, 脆的",4,CEEC-108
fragment,n./v.,碎片；未完成的部分,5,CEEC-108
fragrance,n.,芬芳,6,CEEC-108
fragrant,adj.,"a. 芬香的, 馥鬱的, 愉快的",6,CEEC-108
frame,n./v.,架構,4,CEEC-108
framework,n.,"n. 結構, 骨架, 參照標準, 準則, 觀點；[醫] 構架組織",5,CEEC-108
franchise,n.,"n. 公民權, 特權, 特許經營權, 免賠額；vt. 給以特權, 給以...公民權",5,CEEC-108
frank,adj.,坦白的,3,CEEC-108
frantic,adj.,"a. 狂亂的, 瘋狂的",6,CEEC-108
fraud,n.,"n. 欺騙, 欺詐, 詭計, 騙子；[經] 欺詐, 舞弊, 騙子",5,CEEC-108
freak,n./v.,"n. 畸形人, 畸形物, 不正常的事物, 反覆無常；a. 奇異的, 反常的",6,CEEC-108
free,adj./adv./v.,自由的,1,CEEC-108
freedom,n.,自由；獨立自主,2,CEEC-108
freeway,n.,高速公路,6,CEEC-108
freeze,n./v.,冰凍,3,CEEC-108
freezer,n.,冰箱,3,CEEC-108
freight,n./v.,"n. 船貨, 運費, 貨運；vt. 裝貨, 使充滿, 以貨運運送, 租(或出租)(船等)",5,CEEC-108
frequency,n.,頻率；頻緊,4,CEEC-108
frequent,adj./v.,頻繁的,3,CEEC-108
fresh,adj.,新鮮的,1,CEEC-108
freshman,n.,新鮮人,4,CEEC-108
friction,n.,"n. 摩擦, 摩擦治療, 不和；[醫] 摩擦",6,CEEC-108
fridge,n.,n. 電冰箱,2,CEEC-108
friend,n.,朋友,1,CEEC-108
friendly,adj.,友善的,1,CEEC-108
friendship,n.,友誼,2,CEEC-108
fries,n.,n. 炸薯條（French fries）,2,CEEC-108
fright,n.,"n. 驚駭, 吃驚；[醫] 驚嚇",3,CEEC-108
frighten,v.,使害怕,3,CEEC-108
frog,n.,青蛙,1,CEEC-108
from,prep.,始於；出自,1,CEEC-108
front,adj./n.,前面(的),1,CEEC-108
frontier,n.,"n. 邊界, 邊境；[法] 國境, 邊境, 邊界",5,CEEC-108
frost,n./v.,霜；凍,4,CEEC-108
frown,n./v.,皺眉；表示不滿,4,CEEC-108
fruit,n.,水果；成果,1,CEEC-108
frustrate,v.,使挫敗,4,CEEC-108
frustration,n.,"n. 挫折, 頓挫；[醫] 挫折",4,CEEC-108
fry,n./v.,油炸,2,CEEC-108
fuel,n./v.,燃料；加燃料,3,CEEC-108
fulfill,v.,"vt. 實踐, 履行, 實行, 完成, 結束, 滿足；[法] 履行, 完成, 達到",4,CEEC-108
fulfillment,n.,"n. 履行, 結束, 完成, 實現, 滿意, 稱心",4,CEEC-108
full,adj.,滿的；完全的,1,CEEC-108
fume,n./v.,"n. 臭氣, 煙, 激怒；vt. 燻；vi. 冒煙",6,CEEC-108
fun,n.,娛樂；玩笑,1,CEEC-108
function,n./v.,功能；運行,2,CEEC-108
functional,adj.,起作用的,4,CEEC-108
fund,n./v.,資金,3,CEEC-108
fundamental,adj./n.,基礎的,4,CEEC-108
funeral,n.,葬儀,4,CEEC-108
funny,adj.,有趣的,1,CEEC-108
fur,n.,毛皮,3,CEEC-108
furious,adj.,狂怒的；猛烈的,4,CEEC-108
furnish,v.,裝備,4,CEEC-108
furniture,n.,傢俱,2,CEEC-108
further,adj./adv./v.,進一步的,2,CEEC-108
furthermore,adv.,此外,4,CEEC-108
fury,n.,"n. 憤怒, 狂暴, 狂怒的人；[醫] 狂亂, 狂暴, 狂怒",6,CEEC-108
fuse,n./v.,"n. 保險絲, 導火線；v. 熔化, 融合",6,CEEC-108
fuss,n./v.,"n. 大驚小怪, 小題大作, 忙亂；vi. 無事自擾, 焦急, 焦燥, 忙亂；vt. 使激動, 使煩燥",6,CEEC-108
future,adj./n.,未來；前途,1,CEEC-108
gain,n./v.,獲得；獲利,2,CEEC-108
galaxy,n.,銀河系,5,CEEC-108
gallery,n.,畫廊；美術館,4,CEEC-108
gallon,n.,加侖,3,CEEC-108
gallop,n./v.,"n. 疾馳, 飛奔；vi. 飛馳, 急速進行, 急急忙忙地說；vt. 使飛跑, 迅速運輸",6,CEEC-108
gamble,n./v.,賭博；投機,3,CEEC-108
game,n.,遊戲；競賽,1,CEEC-108
gang,n./v.,惡少幫；阿飛黨,3,CEEC-108
gangster,n.,"n. 流氓, 歹徒；[法] 暴徒, 惡棍, 打手",6,CEEC-108
gap,n.,缺口；峽谷；隔閡,3,CEEC-108
garage,n.,車庫,3,CEEC-108
garbage,n.,垃圾；廢物,2,CEEC-108
garden,n./v.,花園；從事園藝,1,CEEC-108
gardener,n.,園丁；花匠,2,CEEC-108
garlic,n.,大蒜,2,CEEC-108
garment,n.,"n. 衣服, 衣裝, 外表",6,CEEC-108
gas,n.,氣體；瓦斯,3,CEEC-108
gasoline,n.,汽油,3,CEEC-108
gasp,n./v.,喘息,5,CEEC-108
gate,n.,大門；柵門,1,CEEC-108
gather,v.,收集；聚集,2,CEEC-108
gathering,n.,"n. 聚集, 集中, 採集；[化] 富集",5,CEEC-108
gauge,n./v.,標準度量,6,CEEC-108
gay,adj./n.,"a. 歡快的, 豔麗的, 快樂的, 放蕩的",6,CEEC-108
gaze,n./v.,凝視；注視,4,CEEC-108
gear,n./v.,齒輪；搭上齒輪,4,CEEC-108
gender,n.,性別,4,CEEC-108
gene,n.,基因；遺傳因子,4,CEEC-108
general,adj./n.,一般的；普遍的,2,CEEC-108
generate,v.,產生；引起,5,CEEC-108
generation,n.,世代；產生,4,CEEC-108
generator,n.,發電機,5,CEEC-108
generosity,n.,慷慨,4,CEEC-108
generous,adj.,慷慨的,2,CEEC-108
genetic,adj.,"a. 創始的, 遺傳的, 起源的, 遺傳學的；[醫] 生殖的, 遺傳的",5,CEEC-108
genetics,n.,遺傳學,5,CEEC-108
genius,n.,天賦；天才,4,CEEC-108
genre,n.,"n. 類型, 流派",5,CEEC-108
gentle,adj.,有教養的,2,CEEC-108
gentleman,n.,紳士,2,CEEC-108
genuine,adj.,真誠的,4,CEEC-108
geographical,adj.,地理學的,6,CEEC-108
geography,n.,地理學；地形,3,CEEC-108
geometry,n.,幾何學,6,CEEC-108
germ,n.,起源；細菌,4,CEEC-108
gesture,n./v.,做手勢；手勢,3,CEEC-108
get,v.,獲得；到達,1,CEEC-108
ghost,n.,鬼；幽靈,1,CEEC-108
giant,adj./n.,巨人；巨大的,1,CEEC-108
gift,n.,禮品；天賦,1,CEEC-108
gifted,adj.,有天賦的,4,CEEC-108
gigantic,adj.,巨人似的；龐大的,4,CEEC-108
giggle,n./v.,"v. 吃吃地笑, 咯咯地笑；n. 咯咯笑, 傻笑",4,CEEC-108
ginger,n.,"n. 姜, 精力, 薑黃色；a. 薑黃色的；vt. 用姜調味, 使活潑, 使有生氣",4,CEEC-108
giraffe,n.,長頸鹿,2,CEEC-108
girl,n.,少女,1,CEEC-108
give,v.,給；送給,1,CEEC-108
glacier,n.,n. 冰川,6,CEEC-108
glad,adj.,高興的,1,CEEC-108
glamorous,adj.,"a. 富有魅力的, 迷人的",6,CEEC-108
glamour,n.,魅力,6,CEEC-108
glance,n./v.,一瞥；掃視,3,CEEC-108
glare,n./v.,發強烈的光,5,CEEC-108
glass,n.,玻璃；玻璃杯,1,CEEC-108
glasses,n.,眼鏡,1,CEEC-108
gleam,n./v.,一絲光線,6,CEEC-108
glide,n./v.,滑行,6,CEEC-108
glimpse,n./v.,看一眼；瞥見,4,CEEC-108
glitter,n./v.,閃爍,6,CEEC-108
global,adj.,全球的,3,CEEC-108
globe,n.,地球；球狀物,4,CEEC-108
gloom,n./v.,"n. 憂鬱, 暗處, 幽暗；vi. 變憂沉, 變黑暗；vt. 使憂鬱, 使黑暗",6,CEEC-108
gloomy,adj.,黑暗的,5,CEEC-108
glorious,adj.,光榮的；輝煌的,4,CEEC-108
glory,n.,光榮；驕傲,3,CEEC-108
glove,n.,n. 手套；vt. 給...戴手套,1,CEEC-108
glow,n./v.,發光；發熱,3,CEEC-108
glue,n./v.,膠水；黏牢,2,CEEC-108
go,n./v.,去；從事,1,CEEC-108
goal,n.,目標,2,CEEC-108
goalkeeper,n.,守門員,6,CEEC-108
goat,n.,山羊,2,CEEC-108
god,n.,上帝；造物主,1,CEEC-108
goddess,n.,女神；受尊崇的女子,1,CEEC-108
gold,adj./n.,黃金(色),2,CEEC-108
golden,adj.,金色的；貴重的,2,CEEC-108
golf,n./v.,高爾夫球,3,CEEC-108
good,adj./adv./n.,好的；利益,1,CEEC-108
goodbye,n.,再見,1,CEEC-108
goods,n.,貨物,4,CEEC-108
goodwill,n.,"n. 友好, 好意, 善意, 親善, (企業享有的)信譽, 聲譽；[經] (企業的)商譽, 信譽",6,CEEC-108
goose,n.,鵝；傻瓜,2,CEEC-108
gorgeous,adj.,華麗的,5,CEEC-108
gorilla,n.,"n. 大猩猩, 殘暴的男人, 歹徒",6,CEEC-108
gospel,n.,主義,6,CEEC-108
gossip,n./v.,流言輩語,3,CEEC-108
govern,v.,統治；治理,2,CEEC-108
government,n.,政府；政體,2,CEEC-108
governor,n.,州長；主管,3,CEEC-108
gown,n.,長禮服；長抱,4,CEEC-108
grab,n./v.,抓取；奪取,3,CEEC-108
grace,n./v.,優雅,4,CEEC-108
graceful,adj.,優美的,4,CEEC-108
gracious,adj.,和藹的；雅致的,4,CEEC-108
grade,n./v.,級別；評分,1,CEEC-108
gradual,adj.,逐步的；平緩的,2,CEEC-108
graduate,n./v.,畢業；大學畢業生,3,CEEC-108
graduation,n.,n畢業；畢業典禮,4,CEEC-108
grain,n.,穀粒；穀物,2,CEEC-108
gram,n.,(重量單位)克,2,CEEC-108
grammar,n.,文法,4,CEEC-108
grammatical,adj.,文法上的,4,CEEC-108
grand,adj.,雄偉的；重大的,2,CEEC-108
grandfather,n.,"n. 祖父, 始祖；[電] 原始資料組",1,CEEC-108
grandmother,n.,"n. 祖母, 女祖先",1,CEEC-108
grant,n./v.,"n. 授予, 授予物, 允許；vt. 允許, 承認, 授與；[計] 授權命令",5,CEEC-108
grape,n.,葡萄,2,CEEC-108
grapefruit,n.,葡萄柚,6,CEEC-108
graph,n./v.,"n. 曲線圖, 圖表, 圖形；[計] 圖形",4,CEEC-108
graphic,adj./n.,"a. 生動的, 輪廓分明的, 繪畫似的, 圖解的；[計] 圖形的",5,CEEC-108
grasp,n./v.,緊握；理解,3,CEEC-108
grass,n.,青草；草地,1,CEEC-108
grasshopper,n.,蝗蟲；蚱蜢,3,CEEC-108
grassy,adj.,"a. 草綠色的, 象草的, 長滿草的",3,CEEC-108
grateful,adj.,感謝的,4,CEEC-108
gratitude,n.,感激,4,CEEC-108
grave,adj./n.,重大的；嚴肅的,4,CEEC-108
gravity,n.,重力；萬有引力,5,CEEC-108
gray,adj./n./v.,灰色的,1,CEEC-108
graze,v.,"n. 吃草, 放牧, 擦傷, 輕擦；v. (使)吃草, 放牧, 輕擦, 擦傷",6,CEEC-108
grease,n./v.,油脂,6,CEEC-108
greasy,adj.,油膩的,4,CEEC-108
great,adj./n.,重大的,1,CEEC-108
greed,n.,貪婪,5,CEEC-108
greedy,adj.,貪婪的,3,CEEC-108
green,adj./n./v.,綠色的,1,CEEC-108
greenhouse,n.,溫室,3,CEEC-108
greet,v.,問候,2,CEEC-108
greeting,n.,"n. 祝賀, 問候",4,CEEC-108
grief,n.,悲傷；不幸,4,CEEC-108
grieve,v.,使悲傷,5,CEEC-108
grill,n./v.,烤,5,CEEC-108
grim,adj.,嚴厲的,5,CEEC-108
grin,n./v.,露齒而笑,3,CEEC-108
grind,n./v.,磨；碾；壓,4,CEEC-108
grip,n./v.,"n. 緊握, 柄, 握力, 握手方式, 手提包, 掌握, 支配, 控制；vt. 抓緊, 抱住, 吸住, 掌握；vi. 握牢, 有吸引力",5,CEEC-108
groan,n./v.,呻吟,6,CEEC-108
grocery,n.,食品雜貨店,3,CEEC-108
groom,n.,馬夫,4,CEEC-108
gross,adj./n./v.,"n. 總數, 總量；a. 總共的, 未打折扣的, 惡劣的, 粗野的；vt. 總共收入",5,CEEC-108
ground,n./v.,地面,1,CEEC-108
group,n./v.,群；團體；聚集,1,CEEC-108
grow,v.,發育；種植,1,CEEC-108
growl,n./v.,"n. 吠聲, 咆哮聲；v. 怒吠, 咆哮, 吼",6,CEEC-108
growth,n.,生長；發育,2,CEEC-108
grumble,n./v.,發怨言,6,CEEC-108
guarantee,n./v.,保證；擔保品,4,CEEC-108
guard,n./v.,保衛；守衛,2,CEEC-108
guardian,n.,監護人；管理員,4,CEEC-108
guava,n.,n. 番石榴,2,CEEC-108
guess,n./v.,猜測,1,CEEC-108
guest,n.,客人,2,CEEC-108
guidance,n.,引導,3,CEEC-108
guide,n./v.,"n. 引導者, 導遊, 指南, 路標；vt. 指導, 支配, 管理, 帶領, 操縱；vi. 任嚮導；[計] 輔助線",2,CEEC-108
guideline,n.,指導方針,5,CEEC-108
guilt,n.,犯罪,4,CEEC-108
guilty,adj.,有罪的；內疚的,4,CEEC-108
guitar,n.,吉他,1,CEEC-108
gulf,n.,海灣；深淵,4,CEEC-108
gull,n.,"n. 鷗, 易受騙之人, 呆子；vt. 欺詐, 騙",6,CEEC-108
gum,n.,樹脂；口香糖,3,CEEC-108
gun,n./v.,槍；砲,2,CEEC-108
gut,n./v.,"n. 劇情, 內容, 內臟, 肚子, 海峽, 勇氣；vt. 取出內臟, 毀壞...的內部",5,CEEC-108
guy,n.,傢夥；朋友,1,CEEC-108
gym,n.,"n. +體育館, 體育訓練, 體育課, 體操",2,CEEC-108
gymnasium,n.,"n. 健身房, 體育館；[醫] 體育館, 健身室, 運動場",2,CEEC-108
habit,n.,習慣,1,CEEC-108
habitat,n.,"n. 棲息地, 居留地, 自生地, 聚集處；[醫] 習生地, 產地, 生境, 棲所",5,CEEC-108
habitual,adj.,習慣的,4,CEEC-108
hacker,n.,"[計] 計算機竊賊, 計算機新技術挑戰者, 黑客",6,CEEC-108
hail,n./v.,歡迎,6,CEEC-108
hair,n.,毛髮；頭髮,1,CEEC-108
haircut,n.,理髮,2,CEEC-108
hairdresser,n.,美髮師,3,CEEC-108
half,adj./adv./n.,二分之一的,1,CEEC-108
hall,n.,大廳；走廊,2,CEEC-108
hallway,n.,玄關；走廊,3,CEEC-108
halt,n./v.,停止；暫停,4,CEEC-108
ham,n.,火腿,1,CEEC-108
hamburger,n.,漢堡,2,CEEC-108
hammer,n./v.,"n. 錘, 鐵錘, 釘錘；vt. 錘打, 敲打, 釘；vi. 連續錘打；[計] 錘頭",3,CEEC-108
hamper,v.,"n. 食籃, 阻礙物, 食盒；vt. 阻礙, 使困累, 妨礙, 牽制",6,CEEC-108
hand,n./v.,手；交給,1,CEEC-108
handful,n.,一把,3,CEEC-108
handicap,n./v.,障礙；不利條件,6,CEEC-108
handicraft,n.,"n. 手工藝, 手藝；[經] 手工業, 手工",6,CEEC-108
handkerchief,n.,手帕；圍巾,3,CEEC-108
handle,n./v.,(1) n.柄；把手,2,CEEC-108
handsome,adj.,英俊的,2,CEEC-108
handwriting,n.,n書寫,4,CEEC-108
handy,adj.,手邊的；巫巧的,3,CEEC-108
hang,v.,懸掛；吊死,1,CEEC-108
hanger,n.,衣架；絞刑執行者,3,CEEC-108
happen,v.,發生,1,CEEC-108
happy,adj.,快樂的,1,CEEC-108
harass,v.,"vt. 使困擾, 使煩惱, 折磨",6,CEEC-108
harassment,n.,煩惱,6,CEEC-108
harbor,n./v.,海灣；港灣,3,CEEC-108
hard,adj./adv.,硬的；艱難的,1,CEEC-108
harden,v.,使變硬；使堅強,6,CEEC-108
hardly,adv.,ad v.幾乎不,2,CEEC-108
hardship,n.,"n. 艱難, 辛苦, 苦難；[法] 受苦, 吃苦, 苦難",4,CEEC-108
hardware,n.,五金器具；硬體,4,CEEC-108
harm,n./v.,損害；傷害,3,CEEC-108
harmful,adj.,有害的,3,CEEC-108
harmonica,n.,"n. 口琴, 玻璃鐘琴；[醫] 氫氣發音管",6,CEEC-108
harmony,n.,協調,4,CEEC-108
harness,n./v.,馬具,6,CEEC-108
harsh,adj.,粗糙的；殘酷的,4,CEEC-108
harvest,n./v.,收穫,3,CEEC-108
haste,n.,"n. 匆忙, 急忙",4,CEEC-108
hasten,v.,急忙,4,CEEC-108
hasty,adj.,匆忙的,3,CEEC-108
hat,n.,帽子,1,CEEC-108
hatch,n./v.,孵蛋；策劃,3,CEEC-108
hate,n./v.,憎恨,1,CEEC-108
hateful,adj.,"a. 憎恨的, 可恨的, 可惡的",3,CEEC-108
hatred,n.,憎恨；敵意,4,CEEC-108
haul,n./v.,拖,5,CEEC-108
haunt,n./v.,"n. 常到的地方, 生息地；vt. 常到, 出沒於, 縈繞於；vi. 出沒, 作祟",6,CEEC-108
have,aux./v.,"vt. 有, 懷有, 拿, 進行；aux. 已經",1,CEEC-108
hawk,n.,鷹,4,CEEC-108
hay,n.,乾草,3,CEEC-108
hazard,n./v.,"n. 冒險, 危險, 機會；vt. 冒...的危險, 賭運氣, 使冒危險；[計] 相關危險; 冒險",5,CEEC-108
he,pron.,"pron. 他；n. 男孩, 男人, 雄性動物",1,CEEC-108
head,n./v.,頭,1,CEEC-108
headache,n.,頭痛,1,CEEC-108
headline,n./v.,(報紙的)標題,3,CEEC-108
headphone,n.,"n. 戴在頭上的收話器, 耳機；[電] 頭載數話器",6,CEEC-108
headquarters,n.,總部,3,CEEC-108
heal,v.,治癒,3,CEEC-108
health,n.,健康,1,CEEC-108
healthful,adj.,"a. 有益健康的, 使人健康的, 衛生的；[法] 有益健康的, 健康的, 衛生的",6,CEEC-108
healthy,adj.,健康的,1,CEEC-108
heap,n./v.,堆,3,CEEC-108
hear,v.,聽見,1,CEEC-108
heart,n.,心臟；中心,1,CEEC-108
hearty,adj.,"a. 誠懇的, 健壯的, 熱烈的, 豐盛的",6,CEEC-108
heat,n./v.,熱度；加熱,1,CEEC-108
heater,n.,暖氣機,3,CEEC-108
heaven,n.,天國；極樂之地,2,CEEC-108
heavy,adj.,沉重的,1,CEEC-108
hedge,n./v.,樹籬,6,CEEC-108
heel,n./v.,腳後跟,3,CEEC-108
height,n.,高度,1,CEEC-108
heighten,v.,增高,6,CEEC-108
heir,n.,繼承人,5,CEEC-108
helicopter,n.,直昇機,4,CEEC-108
hell,n.,"n. 地獄, 邪惡勢力, 苦境, 陰間, 毀壞, 訓斥；vi. 狂飲, 飛馳",3,CEEC-108
hello,n.,"interj. 餵, 嘿",1,CEEC-108
helmet,n.,頭盔；安全帽,3,CEEC-108
help,n./v.,幫助,1,CEEC-108
helpful,adj.,有幫助的,1,CEEC-108
hemisphere,n.,"n. 半球, 地球的半面, 大腦半球；[醫] 半球",6,CEEC-108
hen,n.,"n. 母雞, 雌禽",1,CEEC-108
hence,adv.,"adv. 因此, 從此",5,CEEC-108
her,pron.,"pron. 她的, 她",1,CEEC-108
herb,n.,"n. 藥草, 香草；[醫] 草, 草本, 草藥",5,CEEC-108
herd,n./v.,獸群,4,CEEC-108
here,adv./n.,這裡；在這裡,1,CEEC-108
heritage,n.,"n. 遺產, 祖先遺留物, 繼承物；[醫] 遺傳性",5,CEEC-108
hero,n.,"n. 英雄, 超越常人者, 男主角",2,CEEC-108
heroic,adj./n.,"a. 英勇的, 英雄式的, 壯麗雄偉的；n. 英雄詩, 史詩, 英勇行為",6,CEEC-108
heroin,n.,海洛因,6,CEEC-108
heroine,n.,女英雄,2,CEEC-108
hers,pron.,pron. 她的,1,CEEC-108
herself,pron.,"pron. 她自己, 她親自",1,CEEC-108
hesitate,v.,"vi. 猶豫, 遲疑, 躊躇, 支吾, 停頓",3,CEEC-108
hesitation,n.,"n. 猶豫, 躊躇, 含糊, 口吃, 暫停；[計] 暫停",4,CEEC-108
heterosexual,adj./n.,異性戀的,6,CEEC-108
hide,v.,"n. 獸皮, 跡象, 躲藏處；vt. 藏, 隱瞞, 遮避, 剝...的皮, 隱藏；vi. 躲藏；[計] 隱藏",1,CEEC-108
hierarchy,n.,階級組織,6,CEEC-108
high,adj./adv./n.,"n. 高度, 高處；a. 高的, 高級的, 主要的, 高尚的, 高原的, 高音的, 昂貴的, 傲慢的；adv. 高度地, 奢侈地",1,CEEC-108
highlight,n./v.,"n. 加亮區, 精彩場面；vt. 加亮, 使顯著, 以強光照射, 突出；[計] 突出",5,CEEC-108
highly,adv.,"adv. 非常, 非常讚許地；[電] 大大地",2,CEEC-108
highway,n.,"n. 公路, 大道, 捷徑；[法] 公路, 大路",2,CEEC-108
hijack,n./v.,劫取,6,CEEC-108
hike,n./v.,健行,2,CEEC-108
hill,n.,"n. 小山, 丘陵, 小土堆；vt. 作成土堆, 堆成小丘",1,CEEC-108
him,pron.,pron. 他,1,CEEC-108
himself,pron.,"pron. 他自己, 他親自",1,CEEC-108
hint,n./v.,暗示,3,CEEC-108
hip,n.,臀部,2,CEEC-108
hippo,n.,n. 河馬；[化] 吐根(的別名),2,CEEC-108
hippopotamus,n.,n. 河馬,2,CEEC-108
hire,n./v.,租借；僱用,3,CEEC-108
his,pron.,pron. 他的；[化] 組氨酸,1,CEEC-108
historian,n.,歷史學家,3,CEEC-108
historic,adj.,歷史上著名的,3,CEEC-108
historical,adj.,歷史的』,2,CEEC-108
history,n.,歷史,1,CEEC-108
hit,n./v.,打中；打擊,1,CEEC-108
hive,n.,"n. 蜂房, 鬧區, 蜜蜂群；vi. 進入蜂房, 儲藏蜜於蜂房, 如蜂般群居；vt. 使進蜂房, 儲備；[計] 蜂巢",4,CEEC-108
hoarse,adj.,"a. 沙啞的, 嘶啞的；[醫] 聲嘶的",6,CEEC-108
hobby,n.,嗜好,1,CEEC-108
hockey,n.,曲棍球,5,CEEC-108
hold,n./v.,抓住；支撐,1,CEEC-108
holder,n.,"n. 持有人, 所有人, 支持物；[化] 夾持器; 夾具; 貯罐",3,CEEC-108
hole,n.,孔；漏洞,2,CEEC-108
holiday,n.,假日,1,CEEC-108
hollow,adj./n./v.,"n. 洞, 窟窿, 山谷；a. 空的, 虛偽的, 空腹的, 凹的；vi. 形成空洞；vt. 挖空",3,CEEC-108
holy,adj.,神聖的,3,CEEC-108
home,adj./adv./n./v.,住家；家庭,1,CEEC-108
homeland,n.,祖國；家夠卜,4,CEEC-108
homesick,adj.,懷鄉病的,3,CEEC-108
hometown,n.,永久居留地,3,CEEC-108
homework,n.,家庭作業,1,CEEC-108
homosexual,adj./n.,同性戀,6,CEEC-108
honest,adj.,誠實的,1,CEEC-108
honesty,n.,誠實,3,CEEC-108
honey,n.,蜂蜜,1,CEEC-108
honeymoon,n./v.,蜜月假期,4,CEEC-108
honor,n./v.,榮譽；使…增光,3,CEEC-108
honorable,adj.,榮譽的,5,CEEC-108
honorary,adj.,"a. 榮譽的, 無報酬的, 道義上的；[法] 名譽的, 榮譽的",6,CEEC-108
hook,n./v.,勾子；陷阱,4,CEEC-108
hop,n./v.,跳過；跳躍,2,CEEC-108
hope,n./v.,希望,1,CEEC-108
hopeful,adj.,充滿希望的,3,CEEC-108
horizon,n.,地平線；眼界,4,CEEC-108
horizontal,adj./n.,"n. 水平線, 水平面, 水平位置；a. 水平線的, 平坦的, 橫的；n. 水平；[計] 水平",5,CEEC-108
hormone,n.,荷爾蒙,5,CEEC-108
horn,n.,"n. 角, 角質, 喇叭, 號角；a. 角制的；vt. 用角觸, 長角於",3,CEEC-108
horrible,adj.,可怕的,3,CEEC-108
horrify,v.,"vt. 使恐懼, 使震驚",4,CEEC-108
horror,n.,恐怖,3,CEEC-108
horse,n.,馬,1,CEEC-108
hose,n./v.,長統襪及短襪,4,CEEC-108
hospitable,adj.,好客的,6,CEEC-108
hospital,n.,醫院,1,CEEC-108
hospitality,n.,"n. 款待, 親切, 殷勤",6,CEEC-108
hospitalize,v.,vt. 送...進醫院治療；[醫] 入院,6,CEEC-108
host,n.,主人,2,CEEC-108
hostage,n.,人質,5,CEEC-108
hostel,n.,旅舍,6,CEEC-108
hostess,n.,女主人,2,CEEC-108
hostile,adj.,敵人的,5,CEEC-108
hostility,n.,敵意,5,CEEC-108
hot,adj.,熱的；熱情的,1,CEEC-108
hotel,n.,旅館；飯店,1,CEEC-108
hour,n.,"n. 小時, 鐘頭, 時間, ...點鐘, 課時",1,CEEC-108
hourly,adj./adv.,"a. 每小時的, 以小時計的, 頻繁的；adv. 每小時地, 頻繁地, 不絕地",3,CEEC-108
house,n./v.,住宅,1,CEEC-108
household,n.,家庭的,4,CEEC-108
housekeeper,n.,女管家,3,CEEC-108
housewife,n.,家庭主婦,1,CEEC-108
housework,n.,家事；家務,4,CEEC-108
housing,n.,住房建築,5,CEEC-108
hover,n./v.,"vi. 盤旋, 翱翔, 徘徊；vt. 孵；n. 翱翔",6,CEEC-108
how,adv.,如何；多少,1,CEEC-108
however,adv.,然而,1,CEEC-108
howl,n./v.,號叫,5,CEEC-108
hug,n./v.,擁抱；抱住,3,CEEC-108
huge,adj.,adj龐大的,2,CEEC-108
hum,v.,"n. 嗡嗡聲, 哼聲, 雜聲；vi. 發低哼聲；vt. 哼, 用哼聲表示；interj. 哼, 嗯",3,CEEC-108
human,adj./n.,人類的,2,CEEC-108
humanity,n.,人性；人文學科,4,CEEC-108
humankind,n.,n. 人類,3,CEEC-108
humble,adj.,謙恭的,2,CEEC-108
humid,adj.,潮溼的,3,CEEC-108
humidity,n.,溼氣,4,CEEC-108
humiliate,v.,屈辱,6,CEEC-108
humor,n.,幽默感,3,CEEC-108
humorous,adj.,幽默的,3,CEEC-108
hunch,n./v.,"n. 肉峰, 預感, 大塊；vt. 彎腰駝背, 預感到, 聳肩；vi. 向前移動, 隆起",6,CEEC-108
hundred,adj./n.,一百,1,CEEC-108
hunger,n.,飢餓,3,CEEC-108
hungry,adj.,飢餓的；渴求的,1,CEEC-108
hunt,n./v.,追捕；打獵,2,CEEC-108
hunter,n.,獵人,2,CEEC-108
hurdle,n./v.,"n. 障礙, 跳欄, 臨時活動籬笆；vt. 用籬笆圍, 越過, 克服",6,CEEC-108
hurricane,n.,颶風；暴風雨,4,CEEC-108
hurry,n./v.,急忙,2,CEEC-108
hurt,n./v.,受傷,1,CEEC-108
husband,n.,丈夫,1,CEEC-108
hush,n./v.,"n. 肅靜, 安靜, 沉默；vt. (使)肅靜, (使)安靜, (使)緘默；interj. 噓, 別作聲",4,CEEC-108
hut,n.,"n. 小屋, 茅舍, 臨時軍營；v. (使)住在茅舍",3,CEEC-108
hybrid,adj./n.,"n. 混血兒, 雜種, 混合物；a. 混合的, 雜種的, 混合語的；[計] NetWare的主機實用程式, 雙重用戶建立程式",6,CEEC-108
hydrogen,n.,n. 氫；[化] 氫H-2,4,CEEC-108
hygiene,n.,衛生,6,CEEC-108
hypocrite,n.,偽君子,6,CEEC-108
hypothesis,n.,假設,5,CEEC-108
I,pron.,"pron. 我；[計] 電流, 中斷, 指令, 指示符",1,CEEC-108
ice,n.,冰,1,CEEC-108
iceberg,n.,冰山,6,CEEC-108
icon,n.,"n. 畫像, 肖像, 偶像, 圖標, 像標；[計] 像標, 圖標",5,CEEC-108
icy,adj.,"a. 冰的, 冰冷的, 冷淡的, 滑溜的",3,CEEC-108
idea,n.,主意；觀念,1,CEEC-108
ideal,adj./n.,理想(的),2,CEEC-108
identical,adj.,同一的,4,CEEC-108
identification,n.,識別；身分證明,4,CEEC-108
identify,v.,鑑定；識別,4,CEEC-108
identity,n.,身分；同一性,2,CEEC-108
ideology,n.,意識形態,5,CEEC-108
idiom,n.,慣用語,4,CEEC-108
idiot,n.,白痴,5,CEEC-108
idle,adj./v.,不做事的,4,CEEC-108
idol,n.,偶像,4,CEEC-108
if,conj.,如果,1,CEEC-108
ignorance,n.,無知,4,CEEC-108
ignorant,adj.,無知的,4,CEEC-108
ignore,v.,不顧；忽視,2,CEEC-108
ill,adj./adv./n.,生病的,2,CEEC-108
illuminate,v.,照亮,6,CEEC-108
illusion,n.,"n. 幻影, 錯覺, 幻想；[醫] 錯覺",5,CEEC-108
illustrate,v.,圖解；說明?,4,CEEC-108
illustration,n.,圖解；說明?,4,CEEC-108
image,n.,影像；形像,2,CEEC-108
imaginary,adj.,想像中的,4,CEEC-108
imagination,n.,想像力；創造力,3,CEEC-108
imaginative,adj.,想像的,4,CEEC-108
imagine,v.,想像,2,CEEC-108
imitate,v.,模仿,4,CEEC-108
imitation,n.,偽造,4,CEEC-108
immediate,adj.,立刻的,3,CEEC-108
immense,adj.,極大的,5,CEEC-108
immigrant,n.,移民,4,CEEC-108
immigrate,v.,遷移,4,CEEC-108
immigration,n.,移居,4,CEEC-108
imminent,adj.,逼近的,6,CEEC-108
immune,adj.,免除的,5,CEEC-108
impact,n./v.,衝擊；產生影響,4,CEEC-108
imperative,adj./n.,"n. 命令, 必要的事, 規則, 祈使語氣；a. 命令式的, 急需的, 勢在必行的, 強制的",6,CEEC-108
imperial,adj.,帝國的,6,CEEC-108
implement,n./v.,實現,5,CEEC-108
implication,n.,"n. 牽連, 含義, 暗示；[法] 推斷, 含蓄之意, 暗示",5,CEEC-108
implicit,adj.,暗示的,6,CEEC-108
imply,v.,暗示,4,CEEC-108
import,n./v.,進口,3,CEEC-108
importance,n.,重要性,2,CEEC-108
important,adj.,重要的,1,CEEC-108
impose,v.,"vt. 徵(稅), 把...強加於, 以...欺騙；vi. 利用, 欺騙, 施加影響",4,CEEC-108
imposing,adj.,氣勢雄偉的,6,CEEC-108
impress,v.,使銘記,3,CEEC-108
impression,n.,印象,4,CEEC-108
impressive,adj.,令人印象深刻的,2,CEEC-108
imprison,v.,監禁,6,CEEC-108
imprisonment,n.,"n. 監禁, 下獄, 坐牢；[法] 監禁, 徒刑, 拘禁",6,CEEC-108
improve,v.,"vt. 改良, 提高...的價值, 改善, 利用；vi. 變得更好, 增加",2,CEEC-108
improvement,n.,"n. 進步, 改善, 利用；[醫] 改善, 好轉, 進步",2,CEEC-108
impulse,n.,"n. 衝動, 驅使, 刺激, 推動, 衝力, 建議, 脈衝；vt. 推動",5,CEEC-108
in,adj./adv./prep.,"prep. 在...期間, 在...之內, 處於...之中, 從事於, 按照, 穿著；adv. 進入, 朝裡, 在裡面, 在屋裡；a. 在裡面的, 在朝的；n. 執政者, 交情",1,CEEC-108
incentive,adj./n.,刺激,5,CEEC-108
inch,n.,英吋,1,CEEC-108
incident,n.,事件；插曲,4,CEEC-108
incline,n./v.,"n. 傾斜, 斜坡, 斜面；vt. 使傾向於, 使傾斜；vi. 傾向, 傾斜, 愛好, 易於",6,CEEC-108
include,v.,包括,2,CEEC-108
including,prep.,包含·在內,4,CEEC-108
inclusive,adj.,"a. 包含的, 包括的",6,CEEC-108
income,n.,收入,2,CEEC-108
incorporate,v.,"a. 合併的, 組成公司的, 一體化的；vt. 吸收, 合併, 使組成公司, 體現；vi. 合併, 混合, 組成公司",5,CEEC-108
increase,n./v.,增加,2,CEEC-108
incredible,adj.,驚奇的,4,CEEC-108
incur,v.,招致,6,CEEC-108
indeed,adv.,的確,2,CEEC-108
independence,n.,獨立,2,CEEC-108
independent,adj.,獨立的,2,CEEC-108
index,n./v.,"n. 索引, 指針, 指數, 指標；vt. 編入索引中, 指出；vi. 做索引；[計] 下標; 附標; 變址; 索引; 編索引",5,CEEC-108
indicate,v.,指示；象徵,2,CEEC-108
indication,n.,"n. 指示, 象徵, 暗示；[醫] 指示, 指徵, 適應徵",4,CEEC-108
indifference,n.,不關心,6,CEEC-108
indifferent,adj.,對…不感興趣,5,CEEC-108
indigenous,adj.,"a. 本土的, 國產的, 固有的；[醫] 原產的, 本土的",5,CEEC-108
indignant,adj.,憤慨的,6,CEEC-108
indispensable,adj.,"n. 不可缺少之物；a. 不可缺少的, 責無旁貸的, 絕對必要的",5,CEEC-108
individual,adj./n.,個別的；個人,2,CEEC-108
indoor,adj.,室內的,3,CEEC-108
indoors,adv.,在室內,3,CEEC-108
induce,v.,"vt. 引誘, 招致, 歸納出, 感應；[醫] 誘導, 感應",6,CEEC-108
indulge,v.,使滿足,5,CEEC-108
industrial,adj.,工業的,3,CEEC-108
industrialize,v.,使工業化,6,CEEC-108
industry,n.,工業,2,CEEC-108
inevitable,adj.,無可避免的,5,CEEC-108
infant,n.,嬰兒,4,CEEC-108
infect,v.,"vt. 傳染, 感染；[醫] 傳染, 感染",5,CEEC-108
infection,n.,"n. 傳染, 影響, 傳染病；[醫] 傳染, 感染",4,CEEC-108
infectious,adj.,"a. 有傳染性的, 易傳染的；[醫] 傳染性的",6,CEEC-108
infer,v.,推斷,6,CEEC-108
inferior,adj./n.,低於…的,3,CEEC-108
infinite,adj.,無窮的,5,CEEC-108
inflation,n.,通貨膨脹,4,CEEC-108
inflict,v.,予以(打擊等),6,CEEC-108
influence,n./v.,影響力；作用,2,CEEC-108
influential,adj.,有影響的,4,CEEC-108
inform,v.,通知,3,CEEC-108
information,n.,資訊,3,CEEC-108
informative,adj.,adj情報的,4,CEEC-108
infrastructure,n.,"n. 基礎結構, 基礎設施；[經] 基礎設施",5,CEEC-108
ingredient,n.,組成部分,4,CEEC-108
inhabit,v.,"vt. 居住於, 佔據, 棲息",6,CEEC-108
inhabitant,n.,居民,6,CEEC-108
inherent,adj.,"a. 固有的, 與生俱來的；[醫] 固有的, 生來的",5,CEEC-108
inherit,v.,繼承,5,CEEC-108
initial,adj./n./v.,(1) adj.最初的,4,CEEC-108
initiate,adj./n./v.,開始；使入會,5,CEEC-108
initiative,adj./n.,"n. 主動行動, 首創精神, 主動權；a. 自發的, 起始的",5,CEEC-108
inject,v.,注射,5,CEEC-108
injection,n.,"n. 注射, 注射劑；[化] 注入; 注射",5,CEEC-108
injure,v.,傷害,4,CEEC-108
injury,n.,傷害,3,CEEC-108
injustice,n.,不公正,6,CEEC-108
ink,n./v.,墨水；塗墨水於…,2,CEEC-108
inland,adj./adv./n.,"a. 內陸的, 國內的；n. 內地",6,CEEC-108
inn,n.,小旅館；客棧,3,CEEC-108
inner,adj.,內在的,3,CEEC-108
inning,n.,"n. 一局, 挨次輪換, 執政期, 圍墾",5,CEEC-108
innocence,n.,清白；無知,4,CEEC-108
innocent,adj.,清白的；無知的,3,CEEC-108
innovation,n.,革新；創新,5,CEEC-108
innovative,adj.,"a. 革新的, 創新的, 富有革新精神的",5,CEEC-108
innumerable,adj.,"a. 無數的, 數不清的",6,CEEC-108
input,n./v.,輸入,4,CEEC-108
inquire,v.,"v. 詢問, 問明, 查究",6,CEEC-108
inquiry,n.,"n. 質詢, 探索, 調查, 詢盤；[計] 詢問; 查詢",5,CEEC-108
insane,adj.,瘋狂的,5,CEEC-108
insect,n.,昆蟲,1,CEEC-108
insert,n./v.,插入,4,CEEC-108
inside,adj./adv./n./prep.,在…的裡面；內部的,1,CEEC-108
insight,n.,"n. 察看, 洞察力, 見識；[醫] 自知力, 洞察, 頓悟",5,CEEC-108
insist,v.,堅持,2,CEEC-108
insistence,n.,"n. 堅持, 堅決主張",6,CEEC-108
inspect,v.,檢查,3,CEEC-108
inspection,n.,檢查,4,CEEC-108
inspector,n.,"n. 檢查員, 巡視員；[化] 檢查員",3,CEEC-108
inspiration,n.,靈感,4,CEEC-108
inspire,v.,鼓舞,4,CEEC-108
install,v.,"vt. 安裝, 安置, 使就職；[計] 安裝, 安裝程式; DOS內部命令:安裝常駐程式",4,CEEC-108
installation,n.,安置,5,CEEC-108
instance,n.,例子,2,CEEC-108
instant,adj./n.,立刻的,2,CEEC-108
instead,adv.,反而,2,CEEC-108
instinct,n.,本能；直覺,4,CEEC-108
instinctive,adj.,"a. 本能的, 天生的, 直覺的；[醫] 本能的",6,CEEC-108
institute,n./v.,"n. 學會, 學院, 協會；vt. 創立, 開始, 制定, 任命",5,CEEC-108
institution,n.,"n. 機構, 慣例, 制度；[醫] 機關, 機構, 設施",5,CEEC-108
instruct,v.,指導,4,CEEC-108
instruction,n.,教導；指示,2,CEEC-108
instructor,n.,指導者；教練,4,CEEC-108
instrument,n.,儀器；樂器,2,CEEC-108
insult,n./v.,羞辱,4,CEEC-108
insurance,n.,保險,4,CEEC-108
intact,adj.,未觸動的,5,CEEC-108
intake,n.,"n. 入口, 吸入, 吸入量；[醫] 攝取量",6,CEEC-108
integrate,v.,"vt. 綜合, 使完整, 使成整體；vi. 成一體；a. 完整的, 完全的",5,CEEC-108
integration,n.,"n. 綜合, 與環境協調的行為, 集成；[化] 集成; 整合",5,CEEC-108
integrity,n.,廉正,5,CEEC-108
intellect,n.,理解力,6,CEEC-108
intellectual,adj./n.,"n. 有知識者, 知識分子, 憑理智做事者；a. 智力的, 用腦力的, 聰明的",4,CEEC-108
intelligence,n.,智慧；情報工作,4,CEEC-108
intelligent,adj.,聰明的,3,CEEC-108
intend,v.,打算,4,CEEC-108
intense,adj.,強烈的,4,CEEC-108
intensify,v.,強化,5,CEEC-108
intensity,n.,強烈；強度,4,CEEC-108
intensive,adj.,加強的,4,CEEC-108
intent,adj./n.,目的,5,CEEC-108
intention,n.,意圖；目的,4,CEEC-108
interact,v.,互動,4,CEEC-108
interaction,n.,互動,4,CEEC-108
interest,n./v.,利益；興趣,1,CEEC-108
interested,adj.,"a. 感興趣的；[法] 有利害關係的, 有股份的, 偏私的",1,CEEC-108
interesting,adj.,有趣的,1,CEEC-108
interfere,v.,妨礙；幹預,4,CEEC-108
interference,n.,阻礙；幹預,5,CEEC-108
interior,adj./n.,內部(的),5,CEEC-108
intermediate,adj./n./v.,中問的,4,CEEC-108
internal,adj.,內部的,2,CEEC-108
international,adj.,國際的,2,CEEC-108
internet,n.,網際網路,2,CEEC-108
Internet,n.,網際網路,2,CEEC-108
interpret,v.,解釋；翻譯,4,CEEC-108
interpretation,n.,解釋；翻譯,5,CEEC-108
interpreter,n.,口譯者,6,CEEC-108
interrupt,v.,打斷,3,CEEC-108
interruption,n.,阻礙；幹擾,4,CEEC-108
intersection,n.,橫切,6,CEEC-108
interval,n.,"n. 間隔, 距離, 間歇, 間隙；[計] 時間間隔",5,CEEC-108
intervene,v.,"vi. 插入, 調停, 幹涉；[經] 進場幹預",6,CEEC-108
intervention,n.,"n. 插入, 介入, 調停；[經] 幹預",5,CEEC-108
interview,n./v.,會見；面試,1,CEEC-108
intimacy,n.,"n. 親密, 熟悉, 親暱行為(言語)；[法] 親近的行為, 親密, 隱私",6,CEEC-108
intimate,adj./n.,親密的；熟悉的,4,CEEC-108
intimidate,v.,脅迫,6,CEEC-108
into,prep.,"prep. 進入...之內, 朝..., 深入...之中, 成為...狀況",1,CEEC-108
intonation,n.,語調,6,CEEC-108
intrigue,n./v.,密謀；陰謀,6,CEEC-108
introduce,v.,介紹；提出,2,CEEC-108
introduction,n.,介紹；引言,2,CEEC-108
intrude,v.,"vi. 闖入, 侵入；vt. 強加於",6,CEEC-108
intruder,n.,"n. 侵入者, 幹擾者, 妨礙者；[計] 入侵者",6,CEEC-108
intuition,n.,直覺,4,CEEC-108
invade,v.,侵略；侵犯,4,CEEC-108
invaluable,adj.,"a. 無價的, 價值無法衡量的",6,CEEC-108
invariably,adv.,"adv. 不變化地, 恆定地, 始終如一地",6,CEEC-108
invasion,n.,入侵,4,CEEC-108
invent,v.,發明；創造,3,CEEC-108
invention,n.,發明；創造力,4,CEEC-108
inventor,n.,發明者,3,CEEC-108
inventory,n./v.,"n. 詳細目錄, 存貨清單；vt. 列入誦細目錄, 清點存貨；[計] 存貨清單",6,CEEC-108
invest,v.,"vt. 投資, 花費, 籠罩, 授予；vi. 投資, 利用",4,CEEC-108
investigate,v.,調查；研究,3,CEEC-108
investigation,n.,調查；研究,4,CEEC-108
investigator,n.,調查者,5,CEEC-108
investment,n.,"n. 投資；[醫] 包埋料, 圍模料, 包埋法, 圍模法",4,CEEC-108
invitation,n.,邀請,3,CEEC-108
invite,v.,邀請,1,CEEC-108
involve,v.,"vt. 包括, 使陷於, 潛心於, 包圍；[醫] 累及, 牽涉, 包含",4,CEEC-108
involvement,n.,"n. 捲入, 牽連, 包含, 困窘；[經] 財政困難, 經濟上的困窘",4,CEEC-108
iron,adj./n./v.,鐵；熨鬥,2,CEEC-108
ironic,adj.,諷剌的,6,CEEC-108
irony,n.,反語,5,CEEC-108
irritable,adj.,急躁的,6,CEEC-108
irritate,v.,激怒,6,CEEC-108
island,n.,島,1,CEEC-108
isle,n.,"n. 小島, 群島；vt. 使成為島狀；vi. 住在島嶼上",6,CEEC-108
isolate,v.,使孤立,4,CEEC-108
isolation,n.,隔離,4,CEEC-108
issue,n./v.,"n. 發行, 問題, 後果, 流出, 出口, 爭端；vi. 發行, 流出, 造成...結果, 傳下；vt. 使流出, 放出, 發行, 發布, 發給",4,CEEC-108
it,pron.,"pron. 它；[計] 資訊理論, 輸入終端, 智能終端, 內捕獲",1,CEEC-108
itch,n./v.,發癢,6,CEEC-108
item,n.,項目,1,CEEC-108
its,pron.,pron. 它的,1,CEEC-108
itself,pron.,"pron. 它本身, 它自己",1,CEEC-108
ivory,adj./n.,似象牙的；象牙(質),3,CEEC-108
ivy,n.,"n. 常春藤；a. 學院的, 抽象的",6,CEEC-108
jacket,n.,夾克,1,CEEC-108
jade,n.,"n. 玉, 翡翠, 老馬；a. 綠色的, 玉制的；v. (使)疲倦",6,CEEC-108
jail,n./v.,拘留所,3,CEEC-108
jam,n./v.,果醬；堵塞,2,CEEC-108
janitor,n.,"n. 守衛, 門警, 管理人；[醫] 幽門",6,CEEC-108
jar,n.,罐；罈；瓶,3,CEEC-108
jasmine,n.,茉莉,6,CEEC-108
jaw,n.,頜；顎；下巴,3,CEEC-108
jazz,n.,爵士樂,3,CEEC-108
jealous,adj.,嫉妒的,3,CEEC-108
jealousy,n.,"n. 妒忌, 猜忌, 羨慕；[法] 妒忌, 嫉妒, 猜忌",4,CEEC-108
jeans,n.,牛仔褲,1,CEEC-108
jeep,n.,吉普車,3,CEEC-108
jelly,n.,果凍,3,CEEC-108
jet,n./v.,噴射機,3,CEEC-108
jewel,n.,珠寶,3,CEEC-108
jewelry,n.,(總稱)珠寶,3,CEEC-108
jingle,n./v.,"n. 叮噹聲；v. (使)作叮噹聲, (使)押韻",6,CEEC-108
job,n.,工作,1,CEEC-108
jockey,n./v.,"n. 賽馬騎師, 駕駛員, 操作工；vt. 騙, 瞞, 駕駛, 移動；vi. 當賽馬的騎師",6,CEEC-108
jog,n./v.,輕搖；慢跑,2,CEEC-108
join,n./v.,參加,1,CEEC-108
joint,adj./n.,"n. 連接處, 接合, 關節；a. 共同的, 聯合的, 連接的, 合辦的；vt. 連接, 接合, 使有接頭；vi. 貼合, 長節",2,CEEC-108
joke,n./v.,玩笑,1,CEEC-108
jolly,adj./adv./n./v.,"a. 愉快的, 高興的, 宜人的；vt. 恭維, 使高興, 取笑；vi. 開玩笑；adv. 非常, 極為",6,CEEC-108
journal,n.,雜誌；期刊,2,CEEC-108
journalism,n.,新聞業,5,CEEC-108
journalist,n.,新聞記者,5,CEEC-108
journey,n./v.,旅行,3,CEEC-108
joy,n.,歡樂,1,CEEC-108
joyful,adj.,高興的,3,CEEC-108
joyous,adj.,快樂的,6,CEEC-108
judge,n./v.,"n. 法官, 裁判員, 審判官, 鑑定人；vt. 審理, 鑑定, 判斷, 判決, 裁定；vi. 下判斷, 作評價",2,CEEC-108
judgement,n.,"n. 審判, 判決, 判斷；[經] 判定, 審定, 鑑定",2,CEEC-108
judgment,n.,"n. 裁判, 宣告, 判決書；[醫] 判斷",2,CEEC-108
judicial,adj.,法庭的,5,CEEC-108
jug,n./v.,"n. 水壺, 監牢, 模仿夜鶯的叫聲；vt. 放入壺中, 燉, 關押；vi. 模仿夜鶯叫",5,CEEC-108
juice,n.,果汁,1,CEEC-108
juicy,adj.,"a. 多汁液的, 生動的, 多水分的",3,CEEC-108
jump,n./v.,跳躍,1,CEEC-108
junction,n.,連接,6,CEEC-108
jungle,n.,叢林,3,CEEC-108
junior,adj./n.,較年少者,3,CEEC-108
junk,n./v.,廢物；垃圾,3,CEEC-108
jury,n.,"n. 陪審團, 評判委員會；a. 應急的",5,CEEC-108
just,adj./adv.,公平的,1,CEEC-108
justice,n.,公平；正義,2,CEEC-108
justify,v.,"vt. 替...辯護, 證明；vi. 證明合法；[計] 段落重排, 兩端對齊",5,CEEC-108
juvenile,adj./n.,少年的,5,CEEC-108
kangaroo,n.,袋鼠,3,CEEC-108
keen,adj.,熱衷的,4,CEEC-108
keep,n./v.,保存,1,CEEC-108
keeper,n.,"n. 監護人, 管理人, 看守人；[機] 保管人, 看守人, 保持片",2,CEEC-108
ketchup,n.,調味蕃茄醬,2,CEEC-108
kettle,n.,水壺,4,CEEC-108
key,adj./n./v.,關鍵的,1,CEEC-108
keyboard,n.,鍵盤,3,CEEC-108
kick,n./v.,踢；反衝,1,CEEC-108
kid,n./v.,小孩,1,CEEC-108
kidnap,v.,綁架,5,CEEC-108
kidney,n.,腎,3,CEEC-108
kill,n./v.,殺死；使終止,1,CEEC-108
kilogram,n.,"n. 千克, 公斤；[醫] 千克, 公斤",2,CEEC-108
kilometer,n.,"n. 千米, 公裡；[醫] 千米, 公裡",3,CEEC-108
kin,adj./n.,"n. 親戚, 同族, 血緣關係, 家族；a. 有親屬關係的, 性質類似的, 同類的",6,CEEC-108
kind,adj./n.,親切的,1,CEEC-108
kindergarten,n.,幼稚園,3,CEEC-108
kindle,v.,"vt. 點燃, 使著火, 引起, 照亮；vi. 著火, 激動, 發亮",6,CEEC-108
king,n.,國王,1,CEEC-108
kingdom,n.,王國；王權,3,CEEC-108
kiss,n./v.,吻,1,CEEC-108
kit,n.,所有的裝備,3,CEEC-108
kitchen,n.,廚房,1,CEEC-108
kite,n.,風箏,1,CEEC-108
knee,n./v.,膝蓋,1,CEEC-108
kneel,v.,跪下,4,CEEC-108
knife,n./v.,刀,1,CEEC-108
knight,n.,騎士；爵士,3,CEEC-108
knit,n./v.,編織；接合,3,CEEC-108
knob,n.,節；瘤,4,CEEC-108
knock,n./v.,敲；打,1,CEEC-108
knot,n./v.,(繩等的)結,3,CEEC-108
know,v.,知道,1,CEEC-108
knowledge,n.,知識,1,CEEC-108
knowledgeable,adj.,博識的,6,CEEC-108
koala,n.,n. 袋熊,3,CEEC-108
lab,n.,實驗室,4,CEEC-108
label,n./v.,標籤,3,CEEC-108
labor,n./v.,勞動；勞工,4,CEEC-108
laboratory,n.,"n. 實驗室, 研究室, 化工廠；[醫] 實驗室, 檢驗室, 化驗室",4,CEEC-108
lace,n./v.,鞋帶；花邊,3,CEEC-108
lack,n./v.,缺少,2,CEEC-108
lad,n.,少年,6,CEEC-108
ladder,n.,梯子,3,CEEC-108
lady,n.,女士,2,CEEC-108
ladybug,n.,n. 瓢蟲,2,CEEC-108
lag,n./v.,"n. 落後, 囚犯, 遲延, 桶板, 防護套；a. 最後的；vi. 落後, 蹣跚, 緩緩而行, 滯後；vt. 落後於, 押往監獄, 加上外套；[計] 延遲; 落後",4,CEEC-108
lake,n.,湖,1,CEEC-108
lamb,n./v.,小羊,2,CEEC-108
lamp,n.,燈,1,CEEC-108
land,n./v.,土地,1,CEEC-108
landlady,n.,女房束,6,CEEC-108
landlord,n.,地主,5,CEEC-108
landmark,n.,陸標,4,CEEC-108
landscape,n./v.,"n. 風景, 山水, 風景畫；vi. 從事景觀美化；vt. 美化...景觀；[計] 橫向",4,CEEC-108
landslide,n.,山崩,6,CEEC-108
lane,n.,小路；巷弄,2,CEEC-108
language,n.,語言,1,CEEC-108
lantern,n.,燈籠；街燈,2,CEEC-108
lap,n.,膝部,2,CEEC-108
large,adj.,大的,1,CEEC-108
largely,adv.,大部分,4,CEEC-108
laser,n.,雷射,5,CEEC-108
lash,n.,"n. 鞭子, 鞭打, 睫毛, 責罵, 諷刺；vt. 鞭打, 擺動, 扎捆, 衝擊, 諷刺, 煽動；vi. 衝洗, 鞭打, 責罵",6,CEEC-108
last,adj./adv./n./v.,最後的；最近的,1,CEEC-108
late,adj./adv.,遲的；晚的,1,CEEC-108
lately,adv.,最近,3,CEEC-108
later,adv.,"adv. 以後, 隨後",1,CEEC-108
latest,adj.,最近；最遲,2,CEEC-108
latitude,n.,緯度,6,CEEC-108
latter,adj.,後面的；後半的,2,CEEC-108
laugh,n./v.,笑,1,CEEC-108
laughter,n.,笑,3,CEEC-108
launch,n./v.,發射；投擲,4,CEEC-108
laundry,n.,洗衣店,3,CEEC-108
lavish,adj.,"a. 大方的, 豐富的, 浪費的；vt. 浪費, 濫用, 慷慨給予",6,CEEC-108
law,n.,法律,2,CEEC-108
lawful,adj.,法律上的,4,CEEC-108
lawmaker,n.,立法者,5,CEEC-108
lawn,n.,草坪,3,CEEC-108
lawsuit,n.,訴訟,5,CEEC-108
lawyer,n.,律師,1,CEEC-108
lay,v.,放；安排；下蛋,2,CEEC-108
layer,n./v.,"n. 層, 產卵雞, 放置者；vt. 分層堆積, 壓植；[計] 層",5,CEEC-108
layman,n.,門外漢,6,CEEC-108
layout,n.,"n. 布局, 陳列, 規劃圖, 頁面布局, 版面編排；[計] 頁面布局, 版面",6,CEEC-108
lazy,adj.,懶散的,1,CEEC-108
lead,n./v.,領導,1,CEEC-108
leader,n.,領袖,1,CEEC-108
leadership,n.,指揮；統率力,2,CEEC-108
leaf,n.,葉子；一張或一頁,2,CEEC-108
league,n./v.,"n. 同盟, 聯盟, 盟約；v. 組聯盟, (使)加盟",5,CEEC-108
leak,n./v.,漏,3,CEEC-108
lean,adj./v.,傾斜；倚靠,4,CEEC-108
leap,n./v.,跳躍；舞,3,CEEC-108
learn,v.,學習,1,CEEC-108
learned,adj.,有學問的,4,CEEC-108
learning,n.,"n. 學問, 學識, 學習；[計] 學習",3,CEEC-108
lease,n.,租約,6,CEEC-108
least,adj./adv./pron.,"n. 最少, 最小, 最小限度；a. 最少的, 最小的；adv. 最小, 最少",1,CEEC-108
leather,n.,皮革,3,CEEC-108
leave,n./v.,休假；許可；離開,1,CEEC-108
lecture,n./v.,授課,4,CEEC-108
lecturer,n.,講演者；講師,4,CEEC-108
left,adj./adv./n.,"a. 左邊的, 左傾的, 左側的, 左派的；adv. 在左面；n. 左, 左面, 左派；leave的過去式和過去分詞",1,CEEC-108
leg,n.,腿,1,CEEC-108
legacy,n.,遺產,5,CEEC-108
legal,adj.,法律上的；合法的,2,CEEC-108
legend,n.,傳說,4,CEEC-108
legendary,adj.,"a. 傳說的, 傳奇中說的, 傳奇般的, 傳說中的, 著名的",5,CEEC-108
legislation,n.,"n. 立法, 法律；[醫] 立法, 法規",5,CEEC-108
legislative,adj.,"n. 立法機構；a. 立法的, 有立法權的",5,CEEC-108
legislator,n.,"n. 立法者, 立法官, 立法委員；[法] 立法者, 立法機關成員, 立法委員",6,CEEC-108
legitimate,adj./v.,"a. 合法的, 正當的, 婚生的；vt. 認為正當, 立為嫡嗣, 使合法",5,CEEC-108
leisure,n.,空閒的,3,CEEC-108
leisurely,adj./adv.,悠然的,4,CEEC-108
lemon,n.,檸檬,1,CEEC-108
lemonade,n.,檸檬水,3,CEEC-108
lend,v.,把…借給,2,CEEC-108
length,n.,長度；期間,2,CEEC-108
lengthen,v.,使延長,4,CEEC-108
lengthy,adj.,冗長的,6,CEEC-108
lens,n.,鏡片；眼球的水晶體,2,CEEC-108
leopard,n.,"n. 豹, 美洲豹",3,CEEC-108
lesbian,adj.,女同性戀者,6,CEEC-108
less,adj./adv./prep./pron.,較少的/地,1,CEEC-108
lessen,v.,"vt. 減少, 縮小, 減輕；vi. 變小",6,CEEC-108
lesson,n.,功課；課程,1,CEEC-108
lest,conj.,"conj. 以免, 唯恐, 免得",5,CEEC-108
let,v.,允許；讓,1,CEEC-108
lethal,adj.,a. 致命的；n. 致死因子,6,CEEC-108
letter,n.,信；字母,1,CEEC-108
lettuce,n.,"n. 萵苣, 生菜, 紙幣；[醫] 萵苣",3,CEEC-108
level,adj./n.,高度；層；水準,1,CEEC-108
liability,n.,有義務,5,CEEC-108
liable,adj.,"a. 有義務的, 應負責的, 有...傾向的；[法] 有責任的, 可受處理的, 應受罰的",6,CEEC-108
liar,n.,說謊的人,4,CEEC-108
liberal,adj.,心胸寬闊的,2,CEEC-108
liberate,v.,解放,6,CEEC-108
liberation,n.,解放,6,CEEC-108
liberty,n.,自由,3,CEEC-108
librarian,n.,圖書館員,4,CEEC-108
library,n.,圖書館,1,CEEC-108
license,n./v.,許可；執照,4,CEEC-108
lick,n./v.,舐；(火)蔓延,3,CEEC-108
lid,n.,蓋子；眼瞼,2,CEEC-108
lie,n./v.,躺臥,1,CEEC-108
lieutenant,n.,陸軍中尉,6,CEEC-108
life,n.,生命,1,CEEC-108
lifeguard,n.,救生員,4,CEEC-108
lifelong,adj.,終生的,6,CEEC-108
lifetime,n.,一生,3,CEEC-108
lift,n./v.,舉起,2,CEEC-108
light,adj./adv./n./v.,明亮的,1,CEEC-108
lighten,v.,照亮,6,CEEC-108
lighthouse,n.,n. 燈塔,3,CEEC-108
lightning,n.,閃電；閃光,3,CEEC-108
like,n./prep./v.,像；和·一樣,1,CEEC-108
likelihood,n.,可能性,5,CEEC-108
likely,adj./adv.,很可能的,2,CEEC-108
likewise,adv.,同樣的,5,CEEC-108
lily,n.,百合花,3,CEEC-108
limb,n.,肢；臂,3,CEEC-108
limit,n./v.,限制,2,CEEC-108
limitation,n.,限制,4,CEEC-108
limp,n./v.,跛行,6,CEEC-108
line,n./v.,線條；畫線於,1,CEEC-108
linen,n.,亞麻布製品,4,CEEC-108
liner,n.,"n. 班機, 劃線者, 定期船, 襯裡；[化] 襯墊; 墊帶; 套管",6,CEEC-108
linger,v.,逗留,6,CEEC-108
lining,n.,"n. 襯裡, 內層, 襯墊；[化] 襯裡; 襯墊; 襯套; 襯層",6,CEEC-108
link,n./v.,連結；環結,2,CEEC-108
lion,n.,獅子,1,CEEC-108
lip,n.,嘴唇,1,CEEC-108
lipstick,n.,口紅,4,CEEC-108
liquid,n.,液體,2,CEEC-108
liquor,n.,含酒精的飲料,4,CEEC-108
list,n./v.,表；把…編列成表,1,CEEC-108
listen,v.,聽；聽從,1,CEEC-108
listener,n.,聽眾,2,CEEC-108
liter,n.,n. 公升；[化] 升,6,CEEC-108
literacy,n.,識字；讀寫能力,6,CEEC-108
literal,adj.,"a. 逐字的, 字面上的, 文字的, 字母的；n. 印刷錯誤；[計] 文字; 直接量; 字面量; 句節",6,CEEC-108
literary,adj.,文學的,4,CEEC-108
literate,adj./n.,文雅的,6,CEEC-108
literature,n.,文學,4,CEEC-108
litter,n./v.,雜物；垃圾,3,CEEC-108
little,adj./adv./n.,小的,1,CEEC-108
live,adj./v.,活的,1,CEEC-108
lively,adj.,有生氣的,3,CEEC-108
liver,n.,肝臟；居住者,2,CEEC-108
livestock,n.,家畜,6,CEEC-108
lizard,n.,蜥蜴,6,CEEC-108
load,n./v.,裝載；負擔,2,CEEC-108
loaf,n.,一條麵包；遊蕩,3,CEEC-108
loan,n./v.,借出,4,CEEC-108
lobby,n.,門廊；休息室,3,CEEC-108
lobster,n.,龍蝦,4,CEEC-108
local,adj./n.,地方性的,2,CEEC-108
locate,v.,使…座落於,3,CEEC-108
location,n.,選定路線,3,CEEC-108
lock,n./v.,鎖,3,CEEC-108
locker,n.,"n. 抽屜, 小櫃, 上鎖人；[機] 鎖櫃",6,CEEC-108
lodge,n./v.,"n. 小屋, 門房, 支部, 旅舍, 分會；vi. 臨時住宿, 倒伏, 寄宿, 投宿；vt. 安頓, 容納, 提出, 把...射入, 存放",6,CEEC-108
lofty,adj.,"a. 高的, 傲慢的, 崇高的, 高級的, 玄虛的",6,CEEC-108
log,n./v.,原木,3,CEEC-108
logic,n.,邏輯,4,CEEC-108
logical,adj.,邏輯的,4,CEEC-108
logo,n.,(=logotype)標識；商標,6,CEEC-108
lollipop,n.,n. 棒棒糖,3,CEEC-108
lone,adj.,"a. 孤單的, 孤立的, 單身的, 寂寞的",2,CEEC-108
lonely,adj.,寂寞的,1,CEEC-108
lonesome,adj.,寂寞的,6,CEEC-108
long,adj./adv./v.,渴望,1,CEEC-108
longevity,n.,長壽,6,CEEC-108
longitude,n.,"n. 經度, 經線；[電] 經度",6,CEEC-108
look,n./v.,看,1,CEEC-108
loop,n.,環形花狀,5,CEEC-108
loose,adj.,鬆散的,3,CEEC-108
loosen,v.,放鬆,4,CEEC-108
lord,n.,統治者,3,CEEC-108
lose,v.,丟失,1,CEEC-108
loser,n.,失敗者,3,CEEC-108
loss,n.,喪失；遺失,2,CEEC-108
lot,n.,很多,1,CEEC-108
lotion,n.,外用藥水；化妝水,6,CEEC-108
lottery,n.,獎券；彩票,6,CEEC-108
lotus,n.,蓮；忘憂樹,6,CEEC-108
loud,adj./adv.,大聲的,1,CEEC-108
loudspeaker,n.,揚聲器,6,CEEC-108
lounge,n./v.,休息室；懶洋洋地坐或站,5,CEEC-108
lousy,adj.,不潔的；卑鄙的,4,CEEC-108
love,n./v.,愛；喜歡,1,CEEC-108
lovely,adj.,可愛的,1,CEEC-108
lover,n.,戀人,3,CEEC-108
low,adj./adv./n.,低的,1,CEEC-108
lower,v.,較低的；降下,2,CEEC-108
loyal,adj.,忠誠的,4,CEEC-108
loyalty,n.,忠誠,4,CEEC-108
luck,n.,運氣,2,CEEC-108
lucky,adj.,幸運的,1,CEEC-108
lucrative,adj.,可獲利的；賺錢的,6,CEEC-108
luggage,n.,行李,3,CEEC-108
lullaby,n.,"n. 搖籃曲, 催眠曲, 輕柔的音樂",6,CEEC-108
lump,n./v.,"n. 塊, 瘤, 很多, 腫塊, 笨人；vt. 使成塊狀, 混在一起；vi. 結塊",5,CEEC-108
lunar,adj.,陰曆的；月亮的,6,CEEC-108
lunch,n./v.,午餐,1,CEEC-108
lung,n.,肺,3,CEEC-108
lure,n./v.,"n. 餌, 誘惑；vt. 引誘, 誘惑",6,CEEC-108
lush,adj.,"a. 蒼翠繁茂的, 多青草的, 豐富的；n. 酒, 酒鬼；v. 飲",6,CEEC-108
luxurious,adj.,"a. 豪華的, 奢侈的, 放縱的",4,CEEC-108
luxury,n.,奢侈,4,CEEC-108
ma’am,n.,女士；夫人,6,CEEC-108
machine,n./v.,機器,1,CEEC-108
machinery,n.,機械裝置,4,CEEC-108
mad,adj.,adj發瘋的；狂熱的,1,CEEC-108
madam,n.,夫人；太太；小姐,6,CEEC-108
magazine,n.,雜誌；期刊,2,CEEC-108
magic,adj./n.,有魔力的；魔法,1,CEEC-108
magical,adj.,魔法的,3,CEEC-108
magician,n.,魔術師,3,CEEC-108
magnet,n.,磁鐵,3,CEEC-108
magnetic,adj.,磁鐵的；帶磁性的,4,CEEC-108
magnificent,adj.,壯麗的,4,CEEC-108
magnify,v.,擴大；誇大；誇獎,6,CEEC-108
maid,n.,少女,3,CEEC-108
maiden,adj./n.,少女,6,CEEC-108
mail,n./v.,郵件；郵寄,1,CEEC-108
main,adj./n.,主要的,1,CEEC-108
mainland,n.,大陸,6,CEEC-108
mainstream,n.,主流,5,CEEC-108
maintain,v.,保持,2,CEEC-108
maintenance,n.,"n. 維護, 保持, 維修, 生活費用, 堅持, 扶養；[計] 維護; 維修",5,CEEC-108
majestic,adj.,莊嚴的,6,CEEC-108
majesty,n.,威嚴；王權,6,CEEC-108
major,adj./n./v.,主要的；主修,2,CEEC-108
majority,n.,多數,3,CEEC-108
make,v.,做；到達；獲得,1,CEEC-108
makeup,n.,裝扮；化妝品,4,CEEC-108
male,adj./n.,男性的；雄的,2,CEEC-108
mall,n.,大規模購物中心,3,CEEC-108
mammal,n.,n. 哺乳動物；[化] 哺乳動物,5,CEEC-108
man,n./v.,男人,1,CEEC-108
manage,v.,"vi. 處理；vt. 管理, 控制, 維持, 達成, 經營, 運用",2,CEEC-108
management,n.,"n. 經營, 支配, 管理；[化] 管理處",2,CEEC-108
manager,n.,經理；管理人,2,CEEC-108
mandate,n.,"n. 命令, 指令, 要求；vt. 委任統治",5,CEEC-108
mango,n.,n. 芒果；[化] 芒果Mangifera indica,2,CEEC-108
manifest,adj./v.,"n. 載貨單, 運貨單, 旅客名單；a. 顯然的, 明白的；vi. 顯示, 出現；vt. 表明, 表現, 證明",5,CEEC-108
manipulate,v.,操縱,5,CEEC-108
mankind,n.,人類,3,CEEC-108
manner,n.,方法；態度,2,CEEC-108
mansion,n.,大廈；官邸,5,CEEC-108
manual,adj./n.,"n. 手冊, 指南；a. 手的, 手動的, 手工的, 體力的；[計] 人工的, 手動的",4,CEEC-108
manufacture,n./v.,製造業；製造,4,CEEC-108
manufacturer,n.,製造者,4,CEEC-108
manuscript,n.,草稿；手稿,6,CEEC-108
many,adj./pron.,許多,1,CEEC-108
map,n./v.,地圖,1,CEEC-108
maple,n.,"n. 楓, 楓木, 淡棕色；[機] 楓木",6,CEEC-108
mar,v.,"vt. 損毀, 損傷, 糟蹋；n. 三月",6,CEEC-108
marathon,n.,馬拉松賽跑,4,CEEC-108
marble,n.,大理石,3,CEEC-108
march,n./v.,三月,3,CEEC-108
margin,n.,邊綠,4,CEEC-108
marginal,adj.,空白處的；邊際的,6,CEEC-108
marine,adj./n.,"n. 艦隊, 水兵, 海景畫；a. 海的, 海產的, 海底的, 船舶的, 海運的",5,CEEC-108
mark,n./v.,痕跡；記號,1,CEEC-108
marker,n.,"n. 作記號的人, 記分員, 書籤, 紀念碑, 裡程碑, 標識物, 標記；[計] 標記",3,CEEC-108
market,n./v.,市場,1,CEEC-108
marriage,n.,結婚,2,CEEC-108
married,adj.,已婚的,1,CEEC-108
marry,v.,娶；嫁,2,CEEC-108
martial,adj.,軍事的,6,CEEC-108
marvel,n./v.,令人驚奇或驚喜的事物,6,CEEC-108
marvelous,adj.,奇妙的,3,CEEC-108
masculine,adj./n.,男性的；陽性的,5,CEEC-108
mask,n./v.,面具,2,CEEC-108
mass,n.,大量,2,CEEC-108
massage,n./v.,按摩,5,CEEC-108
massive,adj.,"a. 大而重的, 寬大的, 宏偉的；[醫] 大塊的, 整塊的, 大量的",5,CEEC-108
master,n./v.,主人；僱主,2,CEEC-108
masterpiece,n.,傑作；名著,5,CEEC-108
mastery,n.,控制；熟練,6,CEEC-108
mat,n.,墊；草簾,2,CEEC-108
match,n.,比賽；競賽,2,CEEC-108
mate,n./v.,同伴,2,CEEC-108
material,n.,材料,2,CEEC-108
math,n.,n. 數學,1,CEEC-108
mathematical,adj.,數學的,3,CEEC-108
mathematics,n.,n. 數學；[機] 數學,1,CEEC-108
matter,n./v.,事情；問題,1,CEEC-108
mattress,n.,"n. 床墊, 空氣墊, 沉床；[醫] 褥子, 床墊",5,CEEC-108
mature,adj.,成熟的,2,CEEC-108
maturity,n.,成熟；完成,4,CEEC-108
maximum,adj./n.,最大限度,4,CEEC-108
may,aux.,五月,1,CEEC-108
maybe,adv.,可能,1,CEEC-108
mayor,n.,市長；鎮長,3,CEEC-108
me,pron.,pron. 我,1,CEEC-108
meadow,n.,草地,3,CEEC-108
meal,n.,一餐,1,CEEC-108
mean,adj./v.,吝嗇的,1,CEEC-108
meaning,n.,意義；重要性,2,CEEC-108
meaningful,adj.,意味深長的,3,CEEC-108
means,n.,手段；方法,2,CEEC-108
meantime,adv./n.,"n. 間隔時間, 其時；adv. 其間",5,CEEC-108
meanwhile,adv./n.,其問；同時,3,CEEC-108
measurable,adj.,"a. 可測量的, 不久的, 重要的",4,CEEC-108
measure,n./v.,"n. 尺寸, 量度器, 量度標準, 測量, 量具, 程度, 範圍, 限度, 分寸, 措施, 方法；vt. 測量, 測度, 估量, 權衡, 調節, 拿(自己或自己的力量等)作較量；vi. 度量",2,CEEC-108
measurement,n.,"n. 尺寸, 度量, 度量單位；[計] 度量, 度量單位",2,CEEC-108
meat,n.,(食用的)肉,1,CEEC-108
mechanic,n.,"n. 機械工, 技工；a. 手工的",4,CEEC-108
mechanical,adj.,機械的,4,CEEC-108
mechanism,n.,"n. 機械, 機構, 結構, 機理, 技巧；[化] 機理; 歷程; 機構",5,CEEC-108
medal,n.,獎章；紀念章,3,CEEC-108
media,n.,媒體,1,CEEC-108
mediate,v.,"a. 居間的, 間接的；vt. 斡旋, 調停；vi. 處於中間, 調解",6,CEEC-108
medical,adj.,醫學的,2,CEEC-108
medication,n.,藥物治療,5,CEEC-108
medicine,n.,藥；醫學,1,CEEC-108
medieval,adj.,中古的；中世紀的,6,CEEC-108
meditate,v.,"vt. 想, 考慮, 計劃；vi. 沉思, 反省",6,CEEC-108
meditation,n.,沉思；冥想,6,CEEC-108
medium,adj./n.,中間；媒介,1,CEEC-108
meet,v.,遇見,1,CEEC-108
meeting,n.,會議,1,CEEC-108
melancholy,adj./n.,悲哀；憂鬱,6,CEEC-108
melody,n.,旋律,2,CEEC-108
melon,n.,甜瓜,3,CEEC-108
melt,v.,融化,3,CEEC-108
member,n.,成員,1,CEEC-108
membership,n.,會員(資格),2,CEEC-108
memorable,adj.,值得紀念的,4,CEEC-108
memorial,adj./n.,紀念的；紀念品,4,CEEC-108
memorize,v.,背誦；記憶,4,CEEC-108
memory,n.,"n. 記憶, 記憶力, 回憶, 紀念, 存儲；n. 內存；[計] 存儲器, 內存, 查看內存實用程式",2,CEEC-108
mend,v.,"n. 改進, 修補, 好轉；vt. 修改, 改進, 加快, 修理；vi. 好轉, 改善",3,CEEC-108
mental,adj.,精神的,3,CEEC-108
mentality,n.,智力；心性,6,CEEC-108
mention,n./v.,提及,2,CEEC-108
mentor,n.,導師,5,CEEC-108
menu,n.,菜單；項目單,1,CEEC-108
merchandise,n./v.,"n. 商品, 貨物；v. 交易, 買賣",6,CEEC-108
merchant,n.,商人,4,CEEC-108
mercy,n.,慈悲,4,CEEC-108
mere,adj.,僅僅的,4,CEEC-108
merge,v.,"vt. 使合併, 使消失, 吞沒；vi. 合併, 漸漸消失；[計] 合併",5,CEEC-108
merit,n.,價值；長處,4,CEEC-108
mermaid,n.,"n. 美人魚, 善泳的女子",6,CEEC-108
merry,adj.,歡樂的,3,CEEC-108
mess,n./v.,紊亂,3,CEEC-108
message,n.,消息,2,CEEC-108
messenger,n.,使者；信差,4,CEEC-108
messy,adj.,"a. 散亂的, 汙穢的, 麻煩的",4,CEEC-108
metal,adj./n.,金屬,2,CEEC-108
metaphor,n.,n. 隱喻,5,CEEC-108
meter,n.,測量儀表；公尺,2,CEEC-108
method,n.,方法,2,CEEC-108
metro,n.,n. 地鐵,2,CEEC-108
metropolitan,adj./n.,"n. 大都市居民, 都主教, 宗主國的公民；a. 大都市的, 都主教區的, 宗主國的",5,CEEC-108
microphone,n.,麥克風,3,CEEC-108
microscope,n.,n. 顯微鏡；[化] 顯微鏡,4,CEEC-108
microwave,n./v.,微波,3,CEEC-108
middle,adj./n.,中問的；中部,1,CEEC-108
midnight,n.,午夜,2,CEEC-108
midst,n./prep.,n. 中間；prep. 在...中間,5,CEEC-108
mighty,adj.,強大的；偉大的,3,CEEC-108
migrant,adj./n.,"n. 候鳥, 移居者；[法] 移居者",6,CEEC-108
migration,n.,遷移,5,CEEC-108
mike,n.,"vi. 偷懶, 遊手好閒；n. 休息, 遊手好閒, 擴音器, 話筒",3,CEEC-108
mild,adj.,溫和的；順口的,4,CEEC-108
mile,n.,"n. 英裡, 很大距離；[機] 英裡, 哩",2,CEEC-108
milestone,n.,"n. 裡程碑, 裡程石, 裡程標",5,CEEC-108
military,adj./n.,軍事的；軍隊,2,CEEC-108
milk,n.,牛奶,1,CEEC-108
mill,n./v.,磨坊；碾碎,4,CEEC-108
million,n.,百萬,1,CEEC-108
millionaire,n.,百萬富翁,4,CEEC-108
mimic,n./v.,"a. 模仿的, 摹擬的；n. 效顰者, 模仿者, 小丑, 仿製品；vt. 模仿, 摹擬",6,CEEC-108
mind,n./v.,頭腦；注意；留意,1,CEEC-108
mine,n./pron./v.,礦；礦山,1,CEEC-108
miner,n.,礦工,4,CEEC-108
mineral,n.,"n. 礦物, 無機物, 蘇打水；a. 礦物的, 似礦物的",4,CEEC-108
mingle,v.,混合,6,CEEC-108
miniature,adj./n.,"n. 縮圖, 小畫像；a. 小規模的, 纖小的",5,CEEC-108
minimal,adj.,最低程度的,5,CEEC-108
minimize,v.,vt. 將...減到最少；vt. 最小化；vi. 最小化；[計] 最小化,5,CEEC-108
minimum,adj./n.,最低限度；極小,4,CEEC-108
minister,n.,部長；外交使節,4,CEEC-108
ministry,n.,牧師之職；內閣,4,CEEC-108
minor,adj./n.,較小的；次要的,2,CEEC-108
minority,n.,少數,2,CEEC-108
mint,n.,"n. 薄荷, 造幣廠, 巨額；vt. 鑄造, 鑄幣, 製造",5,CEEC-108
minus,adj./n./prep.,負的,3,CEEC-108
minute,n.,分鐘,1,CEEC-108
miracle,n.,奇蹟,3,CEEC-108
miraculous,adj.,"a. 奇蹟的, 不可思議的",6,CEEC-108
mirror,n./v.,鏡子；反映,2,CEEC-108
miscellaneous,adj.,各式各樣的,6,CEEC-108
mischief,n.,危害；淘氣,4,CEEC-108
mischievous,adj.,"a. 淘氣的, 有害的, 惡作劇的, 胡攪的",6,CEEC-108
miserable,adj.,不幸的,4,CEEC-108
misery,n.,不幸；悲慘,3,CEEC-108
misfortune,n.,壞運氣；不幸,4,CEEC-108
mislead,v.,誤導,4,CEEC-108
miss,n./v.,錯過；想念,1,CEEC-108
missile,n.,飛彈,3,CEEC-108
missing,adj.,行蹤不明的,3,CEEC-108
mission,n.,使節團；使命,3,CEEC-108
missionary,adj./n.,傳教士,5,CEEC-108
mist,n./v.,霧；迷濛,3,CEEC-108
mistake,n./v.,錯誤；過失,1,CEEC-108
Mister,n.,n. 先生,1,CEEC-108
mistress,n.,女主人,6,CEEC-108
misunderstand,v.,誤會,4,CEEC-108
mix,n./v.,混和,2,CEEC-108
mixture,n.,混合物,2,CEEC-108
moan,n./v.,呻吟(聲),5,CEEC-108
mob,n./v.,烏合之眾；無秩序的民眾,3,CEEC-108
mobile,adj.,/n易；汽車,3,CEEC-108
mobilize,v.,"vt. 動員, 調動, 使流通；vi. 動員",6,CEEC-108
mock,adj./n./v.,愚弄；嘲弄,5,CEEC-108
mode,n.,"n. 模態, 調式, 樣式, 文體, 狀態, 方式, 風尚；[計] 方式; DOS外部命令:設定各種設備命令",5,CEEC-108
model,n./v.,模型；模範,2,CEEC-108
moderate,adj.,中等的,4,CEEC-108
modern,adj.,"n. 現代人, 有思想的人；a. 現代的, 時髦的",1,CEEC-108
modernization,n.,現代化,6,CEEC-108
modernize,v.,使現代化,6,CEEC-108
modest,adj.,謙虛的,4,CEEC-108
modesty,n.,謹慎；謙遜,4,CEEC-108
modify,v.,"vt. 修正, 變更, 修飾, 緩和, 減輕；vi. 被修改；[計] 修改",5,CEEC-108
moist,adj.,潮溼的,3,CEEC-108
moisture,n.,溼氣；水份,3,CEEC-108
molecule,n.,分子,5,CEEC-108
moment,n.,片刻,1,CEEC-108
momentum,n.,動量；動向,6,CEEC-108
monarch,n.,"n. 帝王, 統治者, 元首；[醫] 單原型(植)",6,CEEC-108
monetary,adj.,貨幣的,6,CEEC-108
money,n.,錢,1,CEEC-108
monitor,n./v.,監視器；監控,4,CEEC-108
monk,n.,僧侶；修道士,3,CEEC-108
monkey,n.,猴子,1,CEEC-108
monopoly,n.,壟斷；專利,5,CEEC-108
monotony,n.,單調,6,CEEC-108
monster,n.,怪物,3,CEEC-108
monstrous,adj.,怪物的；恐怖的,6,CEEC-108
month,n.,月,1,CEEC-108
monthly,adj./adv./n.,每月一次的,3,CEEC-108
monument,n.,紀念碑；紀念館,4,CEEC-108
mood,n.,情緒,2,CEEC-108
moody,adj.,"a. 心情不穩的, 鬱鬱寡歡的, 喜怒無常的",6,CEEC-108
moon,n.,月亮,1,CEEC-108
mop,n./v.,拖把,2,CEEC-108
moral,adj./n.,道德上的,3,CEEC-108
morale,n.,士氣,6,CEEC-108
morality,n.,"n. 道德, 教訓, 品行；[法] 道德, 道義",5,CEEC-108
more,adj./adv./pron.,更多的,1,CEEC-108
moreover,adv.,並且；此外,4,CEEC-108
morning,n.,早晨,1,CEEC-108
mortal,adj./n.,必死的,6,CEEC-108
mortality,n.,"n. 必死的命運, 死亡數目, 死亡率；[醫] 必死性, 死亡率",5,CEEC-108
mortgage,n.,"n. 抵押, 約束性義務, 抵押借款；vt. 抵押, 以...作擔保, 把...許給",5,CEEC-108
mosquito,n.,蚊,3,CEEC-108
most,adj./adv./pron.,最大程度地,1,CEEC-108
mostly,adv.,大部分,3,CEEC-108
motel,n.,n汽車旅館,3,CEEC-108
moth,n.,"n. 蛾害, 蛾, 烏頭葉菜豆；[醫] 蠹, 蛾",3,CEEC-108
mother,n.,"n. 母親, 修女院長；vt. 產生, 照看, 收養",1,CEEC-108
motherhood,n.,母性,6,CEEC-108
motion,n.,運動；動機,2,CEEC-108
motivate,v.,給與動機,4,CEEC-108
motivation,n.,動機,4,CEEC-108
motive,n.,"n. 動機, 目的, 主題, 基調；a. 運動的, 成為動機的",5,CEEC-108
motor,n.,馬達；原動力,3,CEEC-108
motorcycle,n.,機車,2,CEEC-108
motto,n.,箴言；座右銘,6,CEEC-108
mound,n./v.,"n. 土墩, 堤, 小山；vt. 築堤, 用土堆防衛；vi. 積成堆",6,CEEC-108
mount,n./v.,"n. 乘騎用馬, 框, 襯紙, 山；vi. 乘馬, 爬上, 增長；vt. 爬上, 使上馬, 裝上, 裝裱, 安放, 製作...的標本, 設置, 上演；[計] 安裝",5,CEEC-108
mountain,n.,山,1,CEEC-108
mountainous,adj.,多山的,4,CEEC-108
mourn,v.,悲悼,6,CEEC-108
mournful,adj.,"a. 悲慟的, 悲哀的, 令人惋惜的",6,CEEC-108
mouse,n.,鼠；滑鼠,1,CEEC-108
mouth,n./v.,嘴；口,1,CEEC-108
move,v.,"n. 移動, 遷居, 步驟；vt. 移動, 開動, 感動, 搬(家)；vi. 移動, 離開, 運行, 遷移, 搖動, 搬家, 交往, 進展, 脫手；[計] 移動; 傳送; DOS外部命令:移動文件, 它可將文件移動到指定的地方",1,CEEC-108
movement,n.,"n. 運動, 動作, 運轉, 移動, 傾向, 變化, 活動, 樂章；[醫] 運動",1,CEEC-108
movie,n.,電影,1,CEEC-108
mow,v.,"n. 草堆, 皺眉, 怪臉；vt. 割草；vi. 割草, 做怪臉",6,CEEC-108
Mr.,n.,"閣下, 先生",1,CEEC-108
Mrs.,n.,太太,1,CEEC-108
Ms.,n.,女士,1,CEEC-108
much,adj./adv./pron.,許多的,1,CEEC-108
mud,n.,泥,1,CEEC-108
muddy,adj.,泥的；骯髒的,4,CEEC-108
mug,n.,"n. 有柄大杯, 臉, 苦讀者；vt. 給...拍照, 攻擊, 苦讀；vi. 拼命用功",2,CEEC-108
mule,n.,"n. 騾, 倔強之人",4,CEEC-108
multiple,adj.,多重的,4,CEEC-108
multiply,v.,"v. 繁殖, 乘, 增加；[計] 乘",3,CEEC-108
mumble,n./v.,"n. 喃喃而語, 咕噥；v. 喃喃而語, 咕噥",5,CEEC-108
municipal,adj.,"a. 市政的, 自治區的, 內政的；[經] 市政的, 市的",5,CEEC-108
murder,n./v.,謀殺,3,CEEC-108
murderer,n.,兇手,4,CEEC-108
murmur,n./v.,私語,4,CEEC-108
muscle,n.,肌肉,3,CEEC-108
muscular,adj.,肌肉的,5,CEEC-108
muse,n.,繆思女神；詩興,6,CEEC-108
museum,n.,博物館,1,CEEC-108
mushroom,n./v.,香茹；蘑蘋狀的束西,3,CEEC-108
music,n.,音樂,1,CEEC-108
musical,adj./n.,音樂的,2,CEEC-108
musician,n.,音樂家,2,CEEC-108
must,aux./n.,"n. 必須, 未發酵葡萄汁, 絕對必要的事物；aux. 必須",1,CEEC-108
mustache,n.,鬚,6,CEEC-108
mustard,n.,芥末,5,CEEC-108
mute,adj./n./v.,沉默的,6,CEEC-108
mutual,adj.,相互的,4,CEEC-108
my,pron.,pron. 我的；[醫] 邁爾(熱容單位),1,CEEC-108
myself,pron.,"pron. 我自己, 我親自, 我獨自",1,CEEC-108
mysterious,adj.,神秘的,4,CEEC-108
mystery,n.,神秘的事物,3,CEEC-108
myth,n.,"n. 神話, 虛構的事, 虛構的人",5,CEEC-108
nag,n./v.,不斷地挑剔,6,CEEC-108
nail,n.,釘子；指甲,2,CEEC-108
naive,adj.,天真的；樸素的,5,CEEC-108
naked,adj.,裸體的,3,CEEC-108
name,n./v.,名字,1,CEEC-108
namely,adv.,"adv. 即, 就是, 換句話說",4,CEEC-108
nap,n./v.,打盹,3,CEEC-108
napkin,n.,餐巾,3,CEEC-108
narrate,v.,敘述,6,CEEC-108
narrative,adj./n.,故事,5,CEEC-108
narrator,n.,"n. 講述者, 敘述者；[法] 陳述者, 敘述者",6,CEEC-108
narrow,adj./v.,狹窄的；限制,2,CEEC-108
nasty,adj.,"a. 汙穢的, 下流的, 險惡的",5,CEEC-108
nation,n.,國家；民族,2,CEEC-108
national,adj.,國家的,1,CEEC-108
nationalism,n.,"n. 民族主義, 民族特性",6,CEEC-108
nationality,n.,國籍,4,CEEC-108
native,adj./n.,本國的,3,CEEC-108
natural,adj.,自然的,2,CEEC-108
nature,n.,自然,1,CEEC-108
naughty,adj.,頑皮的,2,CEEC-108
navigate,v.,"vi. 航行；vt. 航行於, 駕駛, 操縱, 使通過",6,CEEC-108
navigation,n.,"n. 航行, 航海, 導航；[經] 航空, 航海, 航船",6,CEEC-108
navy,n.,海軍,3,CEEC-108
near,adj./adv./prep./v.,"a. 近的, 近親的, 近似的；adv. 接近, 親近；prep. 靠近, 近似於；v. 接近, 走近",1,CEEC-108
nearby,adj./adv.,附近的,2,CEEC-108
nearly,adv.,幾乎,2,CEEC-108
nearsighted,adj.,近視的,6,CEEC-108
neat,adj.,整潔的,3,CEEC-108
necessary,adj.,必需的,2,CEEC-108
necessity,n.,必需；必需品,3,CEEC-108
neck,n.,頸；脖子,1,CEEC-108
necklace,n.,項鍊,2,CEEC-108
necktie,n.,領帶；領結,3,CEEC-108
need,aux./n./v.,需要,1,CEEC-108
needle,n.,針,2,CEEC-108
needy,adj.,非常貧窮的,4,CEEC-108
negative,adj./n.,否定的,2,CEEC-108
neglect,n./v.,忽視,4,CEEC-108
negotiate,v.,談判,4,CEEC-108
negotiation,n.,"n. 談判, 磋商, 交涉；[經] 談判, 協商",5,CEEC-108
neighbor,n.,鄰居,2,CEEC-108
neighborhood,n.,鄰近地區,3,CEEC-108
neither,adj./adv./conj./pron.,兩者都不,2,CEEC-108
nephew,n.,姪兒；外甥,2,CEEC-108
nerve,n.,神經,2,CEEC-108
nervous,adj.,緊張的,2,CEEC-108
nest,n./v.,築巢,3,CEEC-108
net,n./v.,網；用網捕,1,CEEC-108
network,n./v.,"n. 網路, 廣播網, 網狀物；[計] 網路",2,CEEC-108
neutral,adj./n.,"n. 中立者, 中立國, 非彩色, 空檔；a. 中立的, 中性的, 無色的",5,CEEC-108
never,adv.,永不,1,CEEC-108
nevertheless,adv.,仍然；不過,4,CEEC-108
new,adj.,新的,1,CEEC-108
news,n.,新聞,1,CEEC-108
newspaper,n.,報紙,1,CEEC-108
next,adj./adv.,"n. 下一個；a. 下一個的, 其次的, 貼近的；adv. 然後, 下次, 次於；[計] 近鄰幹擾",1,CEEC-108
nice,adj.,好的,1,CEEC-108
nickel,n./v.,鎳,6,CEEC-108
nickname,n./v.,綽號,3,CEEC-108
niece,n.,姪女；外甥女,2,CEEC-108
night,n.,夜,1,CEEC-108
nightmare,n.,惡夢,4,CEEC-108
no,adj./adv./n.,"n. 不, 拒絕, 否決票；a. 沒有, 不是, 絕非；adv. 不",1,CEEC-108
noble,adj./n.,高貴的；貴族的,4,CEEC-108
nobody,n./pron.,"n. 小人物, 無名小卒；pron. 無人, 沒有人",1,CEEC-108
nod,n./v.,點頭；打瞌睡,2,CEEC-108
noise,n.,噪音,1,CEEC-108
noisy,adj.,吵鬧的,1,CEEC-108
nominate,v.,提名某人；指派,5,CEEC-108
nomination,n.,提名；任命,5,CEEC-108
nominee,n.,被提名人,5,CEEC-108
none,adv./pron.,一點兒也沒,2,CEEC-108
nonprofit,adj.,"a. 非贏利的, 無利可圖的；[法] 非營利的, 無利可圖的",5,CEEC-108
nonsense,n.,胡說,4,CEEC-108
noodle,n.,麵條,2,CEEC-108
noon,n.,中午,1,CEEC-108
nope,adj./adv./n.,"adv. 不, 不是",1,CEEC-108
nor,conj.,也不,2,CEEC-108
norm,n.,"n. 基準, 模範, 標準, 準則, 平均數；[化] 定額",5,CEEC-108
normal,adj.,正常的,3,CEEC-108
north,adj./adv./n.,/adv/n.北方,1,CEEC-108
northern,adj.,北方的,2,CEEC-108
nose,n.,鼻；嗅覺,1,CEEC-108
nostril,n.,n. 鼻孔；[醫] 鼻孔,6,CEEC-108
not,adv.,"adv. 不, 非, 未；[計] 非",1,CEEC-108
notable,adj./n.,顯著的,6,CEEC-108
note,n./v.,筆記；注意,1,CEEC-108
notebook,n.,"n. 筆記本, 手冊, 期票簿",2,CEEC-108
nothing,n./pron.,"n. 無, 不關緊要之事, 零；adv. 毫不, 決不；interj. 什麼也沒有, 無",1,CEEC-108
notice,n./v.,n/v.公告；注意；通知,1,CEEC-108
noticeable,adj.,顯明的,5,CEEC-108
notify,v.,通知,5,CEEC-108
notion,n.,"n. 概念, 觀念, 想法, 打算, 別致的小東西；[經] 概念, 打算, 想法",5,CEEC-108
notorious,adj.,惡名昭彰的,6,CEEC-108
nourish,v.,"vt. 滋養, 使健壯, 懷有",6,CEEC-108
nourishment,n.,"n. 滋養品, 養料, 營養；[醫] 營養, 營養品",6,CEEC-108
novel,adj./n.,新奇的,2,CEEC-108
novelist,n.,小說家,3,CEEC-108
novice,n.,"n. 新手, 初學者",6,CEEC-108
now,adv./n.,現在,1,CEEC-108
nowadays,adv.,現在；今日,4,CEEC-108
nowhere,adv./pron.,"adv. 無處, 到處都無",5,CEEC-108
nuclear,adj.,核子的,4,CEEC-108
nucleus,n.,中心；核心,6,CEEC-108
nude,adj./n.,裸體的,6,CEEC-108
number,n./v.,數字；給…號碼,1,CEEC-108
numerous,adj.,許多的,4,CEEC-108
nun,n.,修女；尼姑,3,CEEC-108
nurse,n./v.,護士,1,CEEC-108
nursery,n.,育嬰室,4,CEEC-108
nurture,n./v.,養育；教養,6,CEEC-108
nut,n.,堅果；瘋子,2,CEEC-108
nutrient,adj./n.,"a. 營養的, 滋養的；n. 營養物, 滋養物",5,CEEC-108
nutrition,n.,營養；營養學,5,CEEC-108
nutritious,adj.,"a. 滋養的, 營養的；[醫] 有營養的",4,CEEC-108
O.K.,adj./adv./n./v.,"a. 好, 可以, 行, 對, 好嗎, 很好；adv. 好, 可以, 行, 對, 好嗎, 很好；n. 同意, 籤認, 批准, 認可；vt. 同意, 籤認, 批准, 認可",1,CEEC-108
o’clock,adv.,……點鐘,1,CEEC-108
oak,n.,橡樹,3,CEEC-108
oasis,n.,綠洲,6,CEEC-108
oath,n.,誓約；詛咒,6,CEEC-108
oatmeal,n.,"n. 燕麥片, 燕麥粥；[醫] 燕麥片",6,CEEC-108
obedience,n.,"n. 服從, 順從, 忠實；[法] 服從, 順從, 遵從",4,CEEC-108
obedient,adj.,順從的；孝順的,4,CEEC-108
obey,v.,服從；聽從,2,CEEC-108
object,n./v.,物體；目標,2,CEEC-108
objection,n.,反對,4,CEEC-108
objective,adj./n.,客觀的,4,CEEC-108
obligation,n.,"n. 義務, 責任, 約束, 契約, 恩惠, 債務；[經] 待付款, 債務, 義務",5,CEEC-108
oblige,v.,"vt. 強制, 施恩惠於, 使感激；vi. 施恩惠, 幫忙",6,CEEC-108
obscure,adj./v.,使暗；使不明顯；暗的；不明顯的,5,CEEC-108
observation,n.,觀察,4,CEEC-108
observe,v.,觀察,3,CEEC-108
observer,n.,"n. 觀察者, 遵守者, 觀察員；[法] 觀察者, 觀察員, 監場員",5,CEEC-108
obsess,v.,"vt. 迷住, 使困擾",6,CEEC-108
obstacle,n.,障礙,4,CEEC-108
obstinate,adj.,"a. 倔強的, 頑固的, 不讓步的",6,CEEC-108
obtain,v.,得到,4,CEEC-108
obvious,adj.,明顯的,2,CEEC-108
occasion,n.,場合,3,CEEC-108
occasional,adj.,偶爾的,4,CEEC-108
occupation,n.,職業；佔用,4,CEEC-108
occupy,v.,佔領,4,CEEC-108
occur,v.,發生,2,CEEC-108
occurrence,n.,"n. 發生, 事件, 出現；[醫] 發生",6,CEEC-108
ocean,n.,海洋,2,CEEC-108
octopus,n.,n. 章魚,6,CEEC-108
odd,adj.,奇特的；奇數的,3,CEEC-108
odds,n.,可能的機會,5,CEEC-108
odor,n.,"n. 氣味, 香味, 名聲, 意味；[醫] 氣味",6,CEEC-108
of,prep.,"prep. 的, 屬於",1,CEEC-108
off,adj./adv./prep.,"a. 關著的, 不再生效的, 處於...境況的, 休假的, 空閒的；adv. 走開, ...掉, ...下, 休息, 出發, 隔斷；prep. 離開, 脫落, 不在從事......, 在...之外；vi. 離開, 滾開；vt. 殺死；n. 關閉狀態；[計] 關閉, 清屏命令",1,CEEC-108
offend,v.,冒犯；觸怒,4,CEEC-108
offense,n.,罪過；冒犯,4,CEEC-108
offensive,adj.,使人不愉快,4,CEEC-108
offer,n./v.,n/v.提議；提供,2,CEEC-108
offering,n.,"n. 提供, 奉獻物, 牲禮, 上市的股票(或證券等)；[經] 出售物",5,CEEC-108
office,n.,辦公室,1,CEEC-108
officer,n.,軍官；官員,1,CEEC-108
official,adj./n.,官方的；官員,2,CEEC-108
offshore,adj.,"a. 海面的, 吹向海面的, 近海的；adv. 向海面",6,CEEC-108
offspring,n.,後代；後裔,6,CEEC-108
often,adv.,時常,1,CEEC-108
oil,n./v.,油；石油,1,CEEC-108
OK,adj./adv./n./v.,"a. 好, 不錯, 可以；adv. 好, 不錯, 可以；n. 批准, 認可；[計] 確定",1,CEEC-108
okay,adj./adv./n./v.,"a. 好, 可以, 行, 對, 好嗎, 很好；adv. 好, 可以, 行, 對, 好嗎, 很好；n. 同意, 籤認, 批准, 認可；vt. 同意, 籤認, 批准, 認可",1,CEEC-108
old,adj.,老的；舊的,1,CEEC-108
olive,adj./n.,"n. 橄欖, 橄欖樹, 橄欖色, 橄欖枝；a. 黃綠色的, 黃褐色的, 橄欖色的",5,CEEC-108
omit,v.,"vt. 省略, 刪除, 疏忽, 遺漏；[化] 省略",3,CEEC-108
on,adv./prep.,prep. 在...之上；adv. ...上去；a. 正起作用的；[計] 打開,1,CEEC-108
once,adv./conj./n.,曾經；一旦,1,CEEC-108
ongoing,adj.,"a. 前進的, 進行的, 不間斷的；n. 前進, 發展",3,CEEC-108
onion,n.,n. 洋蔥；vt. 因洋蔥使掉淚,3,CEEC-108
online,adj.,[計] 聯機,1,CEEC-108
only,adj./adv./conj.,"a. 唯一的, 僅有的, 最佳的；adv. 只有, 僅僅, 只能；conj. 但是, 不過",1,CEEC-108
onto,prep.,prep. 在...之上,3,CEEC-108
open,adj./v.,"n. 公開, 戶外, 空曠；a. 開著的, 開放的, 開闊的, 營業著的, 公開的, 懸而未決的；vt. 打開, 公開, 開放；vi. 展開, 開始, 展現；[計] 打開指令; 打開語句",1,CEEC-108
opera,n.,n. 歌劇,4,CEEC-108
operate,v.,"v. 操作, 運轉, 動手術, 活動",2,CEEC-108
operation,n.,"n. 操作, 動作, 手術, 運算, 作用, 業務；[計] 運算",3,CEEC-108
operational,adj.,操作的；管理的,5,CEEC-108
operative,adj.,"a. 動作的, 運轉的, 有效的, 關鍵的, 手術的；n. 技工, 偵探",6,CEEC-108
operator,n.,"n. 操作員, 行家, 經紀人, 算子, 運算符；[計] 運算符",2,CEEC-108
opinion,n.,"n. 意見, 評價, 主張；[經] 意見",2,CEEC-108
opponent,n.,對手,5,CEEC-108
opportunity,n.,"n. 機會, 時機",3,CEEC-108
oppose,v.,"vt. 反對, 以...對抗, 抗爭；vi. 反對",4,CEEC-108
opposite,adj./adv./n./prep.,"a. 相對的, 相反的, 對面的；prep. 對面；n. 對立面",3,CEEC-108
opposition,n.,"n. 反對, 敵對, 相反, 在野黨；[醫] 對生, 對向, 反抗, 反對症",5,CEEC-108
oppress,v.,壓迫；壓制,6,CEEC-108
oppression,n.,"n. 壓抑, 沉悶, 壓迫手段；[醫] 壓迫, 壓抑",6,CEEC-108
opt,v.,vi. 選擇,5,CEEC-108
optimism,n.,樂觀；樂天,5,CEEC-108
optimistic,adj.,樂觀的；有信心的,3,CEEC-108
option,n.,選擇權；選擇力,4,CEEC-108
optional,adj.,可選擇的；隨意的,5,CEEC-108
or,conj.,"conj. 或, 或者；[計] 或",1,CEEC-108
oral,adj./n.,"n. 口試；a. 口頭的, 口述的, 口部的",3,CEEC-108
orange,adj./n.,"n. 柑橘, 桔子, 橘色；a. 橘色的",1,CEEC-108
orbit,n./v.,"n. 軌道, 常軌, 眼眶；vt. 繞...軌道而行；vi. 進入軌道, 盤旋",4,CEEC-108
orchard,n.,"n. 果園, 果樹林",5,CEEC-108
orchestra,n.,"n. 管弦樂隊, 樂隊演奏處",4,CEEC-108
ordeal,n.,"n. 嚴酷考驗, 痛苦經歷, 煎熬；[法] 神裁判法, 嚴酷的考驗, 痛苦的經驗",6,CEEC-108
order,n./v.,"n. 次序, 規則, 命令；vi. 命令, 定貨；vt. 整理, 命令, 定購；n. 順序, 階數；[計] 順序, 階數",1,CEEC-108
orderly,adj./n.,"a. 有秩序的, 整齊的, 值班的；n. 護理員, 清道夫, 傳令兵, 勤務兵；adv. 依次地, 順序地",6,CEEC-108
ordinary,adj.,"a. 平常的, 普通的, 平凡的；n. 平常的人(或事)",2,CEEC-108
organ,n.,"n. 風琴, 器官, 元件, 機構, 機關；[電] 風琴",2,CEEC-108
organic,adj.,"a. 器官的, 有機的, 組織的, 根本的；[醫] 器官的, 有生命的, 有機的, 器質的",3,CEEC-108
organism,n.,"n. 生物, 有機體, 社會組織；[醫] 生物[體],[有]機體",5,CEEC-108
organization,n.,組織；團體,2,CEEC-108
organize,v.,組織,3,CEEC-108
organizer,n.,"n. 組織者, 編制者, 創立者, 組織導體；[醫] 組織導體, 機化中心(胚)",6,CEEC-108
orient,n./v.,使朝向東方,6,CEEC-108
oriental,adj./n.,東方人；東方的,6,CEEC-108
orientation,n.,"n. 定方位, 適應, 向東方；n. 方向；[計] 方向",4,CEEC-108
origin,n.,起源；由來,2,CEEC-108
original,adj./n.,最初的；原著,3,CEEC-108
originality,n.,創新；創造力,5,CEEC-108
originate,v.,"vt. 創始, 發明, 發起；vi. 發源, 發生, 起航；[計] 發自",6,CEEC-108
ornament,n./v.,裝飾,6,CEEC-108
orphan,n./v.,孤兒,4,CEEC-108
orphanage,n.,孤兒院,6,CEEC-108
orthodox,adj.,正統的；傳統的,6,CEEC-108
other,adj./pron.,另一個的；另一方,1,CEEC-108
otherwise,adv.,除此之外,4,CEEC-108
ounce,n.,"n. 盎司, 少量, 雪豹；[醫] 英兩, Г",6,CEEC-108
our,pron.,pron. 我們的,1,CEEC-108
ours,pron.,pron. 我們的,1,CEEC-108
ourselves,pron.,pron. 我們自己,1,CEEC-108
out,adj./adv./n./prep./v.,prep/adv.在外,1,CEEC-108
outbreak,n.,爆發；發生,6,CEEC-108
outcome,n.,結果,4,CEEC-108
outdoor,adj.,戶外的,3,CEEC-108
outdoors,adv.,在戶外,3,CEEC-108
outer,adj.,"a. 外部的, 外面的, 在外的, 遠離中心的；[機] 外部的, 外面的, 外側的",3,CEEC-108
outfit,n./v.,裝備；用具,5,CEEC-108
outgoing,adj.,"n. 外出, 開支, 流出；a. 喜歡外出的, 即將離職的, 樂於助人的",6,CEEC-108
outing,n.,遠足,6,CEEC-108
outlaw,n./v.,罪犯,6,CEEC-108
outlet,n.,出口；出路,5,CEEC-108
outline,n./v.,輪廓；綱要,3,CEEC-108
outlook,n.,"n. 觀點, 景色, 前途, 瞭望；[經] 展望",6,CEEC-108
outnumber,v.,比·多,6,CEEC-108
output,n./v.,"n. 輸出, 產品, 產量；[計] 輸出",5,CEEC-108
outrage,n./v.,暴行,6,CEEC-108
outrageous,adj.,駭人的；暴虐的,6,CEEC-108
outright,adj./adv.,"a. 率直的, 完全的, 總共的, 直率的；adv. 完全地, 率直地, 立刻地, 一直向前",6,CEEC-108
outset,n.,開始,6,CEEC-108
outside,adj./adv./n./prep.,在外面；外部的,1,CEEC-108
outsider,n.,"n. 外人, 局外人, 非會員, 外行, 門外漢, 比賽中獲勝可能性不大的選手；[經] 外船公司",5,CEEC-108
outskirts,n.,邊界；市郊,6,CEEC-108
outstanding,adj.,傑出的,4,CEEC-108
outward,adj./adv.,外面的；肉體的,6,CEEC-108
outwards,adv.,adv. 向外地,6,CEEC-108
oval,adj./n.,"n. 橢圓形；a. 卵形的, 橢圓形的",4,CEEC-108
oven,n.,烤箱,3,CEEC-108
over,adv./prep.,在…之上,1,CEEC-108
overall,adj./adv./n.,"a. 全部的, 全體的, 從頭至尾的, 一切在內的；adv. 從頭到尾, 總的說來；n. 罩衫, 工作服",5,CEEC-108
overcoat,n.,外套大衣,4,CEEC-108
overcome,v.,克服,4,CEEC-108
overdo,v.,做太多或過份,6,CEEC-108
overflow,n./v.,"n. 溢值, 超值, 泛濫；v. (使)泛濫, (使)溢出, (使)充溢；[計] 上溢; 溢出",6,CEEC-108
overhead,adj./adv./n.,"n. 經常開支, 普通用費, 天花板；a. 在頭上的, 高架的；adv. 在頭頂上, 在空中, 在高處, 從頭到腳全部沒入地；[計] 總開銷; 額外開銷",5,CEEC-108
overhear,v.,偷聽；無意中聽到,6,CEEC-108
overlap,n./v.,部分重疊；部分相同,6,CEEC-108
overlook,v.,俯視,4,CEEC-108
overnight,adj./adv.,ad v.在昨夜,4,CEEC-108
overseas,adj./adv.,/ad v.來自海外的,3,CEEC-108
oversee,v.,"vt. 向下看, 瞭望, 監督, 偷看到；[法] 監察, 監督, 俯瞰",5,CEEC-108
overtake,v.,追上,5,CEEC-108
overthrow,v.,打翻,4,CEEC-108
overturn,n./v.,使傾覆；推翻,5,CEEC-108
overwhelm,v.,壓倒；淹沒,5,CEEC-108
overwork,n./v.,操勞過度,6,CEEC-108
owe,v.,虧欠,3,CEEC-108
owl,n.,貓頭鷹,3,CEEC-108
own,adj./pron./v.,自己的,1,CEEC-108
owner,n.,持有者,2,CEEC-108
ownership,n.,所有權,3,CEEC-108
ox,n.,公牛,3,CEEC-108
oxygen,n.,氧,4,CEEC-108
oyster,n.,牡蠣,6,CEEC-108
ozone,n.,"n. 新鮮的空氣, 臭氧, 使人愉快的影響；[化] 臭氧",6,CEEC-108
p.m.,adv.,"下午, 午後",1,CEEC-108
pace,n./v.,步；踱步,4,CEEC-108
pack,n./v.,包裹；捆,1,CEEC-108
package,n.,包；包裝,1,CEEC-108
packet,n.,"n. 小包, 一批信件, 大量, 資訊包；vt. 打包, 裝進小包；[計] 分組, 分組報文, 資料分組",6,CEEC-108
pad,n./v.,"n. 填補, 襯墊, 印色盒, 路；vt. 填補, 走, 誇大；vi. 步行；[計] 焊接點; 包裝配/拆卸",3,CEEC-108
paddle,n./v.,"n. 槳, 划槳, 明輪翼；vi. 划槳, 戲水, 涉水；vt. 用槳劃, 划船運送, 攪, 拌",6,CEEC-108
page,n.,頁,1,CEEC-108
pain,n./v.,疼痛,2,CEEC-108
painful,adj.,痛苦的,2,CEEC-108
paint,n./v.,油漆；顏料,1,CEEC-108
painter,n.,畫家,3,CEEC-108
painting,n.,圖畫,2,CEEC-108
pair,n.,一對,1,CEEC-108
pajamas,n.,睡衣褲,2,CEEC-108
pal,n.,夥伴,3,CEEC-108
palace,n.,宮殿,3,CEEC-108
pale,adj.,臉色蒼白的,2,CEEC-108
palm,n.,棕櫚；椰子,3,CEEC-108
pan,n.,平底鍋,2,CEEC-108
pancake,n.,煎餅,3,CEEC-108
panda,n.,熊貓,2,CEEC-108
panel,n.,板,4,CEEC-108
panic,n./v.,恐慌,3,CEEC-108
pants,n.,褲子,1,CEEC-108
papaya,n.,木瓜,2,CEEC-108
paper,n./v.,紙,1,CEEC-108
paperback,n.,"n. 平裝本, 紙面本",6,CEEC-108
parachute,n./v.,降落傘,4,CEEC-108
parade,n./v.,遊行,3,CEEC-108
paradise,n.,天堂,3,CEEC-108
paradox,n.,"n. 似非而是的論點, 自相矛盾的話, 悖論, 怪人怪事；[化] 佯謬",6,CEEC-108
paragraph,n.,段落,4,CEEC-108
parallel,adj./n./v.,"n. 平行, 對比, 相匹敵之物；a. 平行的, 相似的；vt. 與...平行, 與...相似, 相比, 使平行；[計] 並聯; 並行",5,CEEC-108
paralyze,v.,使麻痺；使癱瘓,6,CEEC-108
parcel,n./v.,"n. 包裹, 部分, 片；vt. 分配, 打包；a. 部分的；adv. 局部地",3,CEEC-108
pardon,n./v.,原諒,2,CEEC-108
parent,n.,父母,1,CEEC-108
park,n./v.,公園,1,CEEC-108
parliament,n.,"n. 國會, 議會；[法] 會議, 國會, 議院",6,CEEC-108
parrot,n./v.,鸚鵡,3,CEEC-108
part,n./v.,一部分,1,CEEC-108
partial,adj.,局部的,4,CEEC-108
participant,n.,參與者；分享者,5,CEEC-108
participate,v.,參與,2,CEEC-108
participation,n.,"n. 參與, 分享；[經] 參與, 參股",4,CEEC-108
particle,n.,"n. 顆粒, 粒子, 質點, 極小量；[化] 粒子; 質點",5,CEEC-108
particular,adj.,獨特的,2,CEEC-108
partly,adv.,"adv. 部分地, 在一定程度上",5,CEEC-108
partner,n.,夥伴,2,CEEC-108
partnership,n.,合夥,4,CEEC-108
party,n./v.,派對,1,CEEC-108
pass,n./v.,通行許可；經過,1,CEEC-108
passage,n.,通行,3,CEEC-108
passenger,n.,乘客,3,CEEC-108
passion,n.,熱情,3,CEEC-108
passionate,adj.,熱情的,5,CEEC-108
passive,adj.,被動的,4,CEEC-108
passport,n.,護照,3,CEEC-108
password,n.,"n. 密碼, 口令, 通行手段；[計] 口令",2,CEEC-108
past,adj./adv./n./prep.,過去的,1,CEEC-108
pasta,n.,"n. 義大利麵食；[醫] 糊劑, 泥膏劑",4,CEEC-108
paste,n./v.,麵團,2,CEEC-108
pastime,n.,"n. 消遣, 娛樂, 遊戲",6,CEEC-108
pastry,n.,"n. 油酥點心, 麵粉糕餅",5,CEEC-108
pat,n./v.,拍,3,CEEC-108
patch,n./v.,"n. 片, 補綴, 碎片, 斑, 傻瓜；vt. 補綴, 掩飾, 拼湊, 平息；[計] 修補; 拼湊",5,CEEC-108
patent,adj./n./v.,"n. 專利權, 許可證, 執照, 專利品, 素質；a. 專利的, 特許的, 顯著的, 新奇的；vt. 取得...的專利權, 請準專利",5,CEEC-108
path,n.,小徑,2,CEEC-108
pathetic,adj.,悲哀的,5,CEEC-108
patience,n.,耐心,3,CEEC-108
patient,adj./n.,有耐心的,2,CEEC-108
patriot,n.,愛國者,6,CEEC-108
patriotic,adj.,愛國的,6,CEEC-108
patrol,n./v.,"n. 巡邏, 巡邏員, 偵察隊；v. 巡邏, 巡視",5,CEEC-108
patron,n.,贊助人,5,CEEC-108
pattern,n./v.,樣式,2,CEEC-108
pause,n./v.,暫停,3,CEEC-108
pave,v.,"vt. 鋪設, 安排, 鋪滿, 為...鋪路；[化] 鋪設",3,CEEC-108
pavement,n.,人行道,3,CEEC-108
paw,n./v.,腳掌；腳爪,4,CEEC-108
pay,v.,"n. 薪資, 付款, 補償；vt. 支付, 付清, 補償, 償還, 對...有利, 為...塗防水物；vi. 付款, 付出代價, 償還, 得到報應, 獲得好處",1,CEEC-108
payment,n.,"n. 付款, 支付的款項(或實物), 償還, 報應, 懲罰；[經] 支付, 繳納, 支付款額",1,CEEC-108
pea,n.,豌豆,3,CEEC-108
peace,n.,和平,2,CEEC-108
peaceful,adj.,和平的,2,CEEC-108
peach,n.,桃子,2,CEEC-108
peacock,n.,"n. 孔雀, 好炫耀的人；vi. 炫耀, 神氣活現地行走",6,CEEC-108
peak,n./v.,山頂,2,CEEC-108
peanut,n.,花生,3,CEEC-108
pear,n.,梨,2,CEEC-108
pearl,n.,珍珠,3,CEEC-108
peasant,n.,佃農,5,CEEC-108
pebble,n.,"n. 小圓石, 小鵝卵石, 水晶透鏡, 碎石花紋；[醫] 小石",6,CEEC-108
peculiar,adj.,奇怪的,4,CEEC-108
pedal,n./v.,踏板,5,CEEC-108
pedestrian,adj./n.,行人,5,CEEC-108
peek,n./v.,"vi. 偷看, 窺視；n. 偷看, 看一眼",6,CEEC-108
peel,n./v.,果皮；剝皮,3,CEEC-108
peep,n./v.,窺視；偷看,4,CEEC-108
peer,n./v.,同輩,4,CEEC-108
pen,n./v.,筆,1,CEEC-108
penalty,n.,處罰,4,CEEC-108
pencil,n.,鉛筆,1,CEEC-108
pending,adj.,"a. 未決定的, 待決的, 行將發生的, 向外伸出的；prep. 在等待...之際, 直到...時為止, 在...期間, 在...過程中",6,CEEC-108
penetrate,v.,進入；看穿,5,CEEC-108
penguin,n.,企鵝,3,CEEC-108
peninsula,n.,"n. 半島, 突出的地方, 伊比利亞半島",6,CEEC-108
penny,n.,一分錢,3,CEEC-108
pension,n./v.,養老金,5,CEEC-108
people,n./v.,人們,1,CEEC-108
pepper,n.,胡椒粉,3,CEEC-108
per,prep.,每,2,CEEC-108
perceive,v.,"vt. 感覺, 認知, 理解, 意識到",5,CEEC-108
percent,n.,百分之…,4,CEEC-108
percentage,n.,百分比,4,CEEC-108
perception,n.,"n. 知覺, 感覺, 領悟力, 獲取；[醫] 知覺",5,CEEC-108
perch,n./v.,棲木；高而安全的地位,6,CEEC-108
perfect,adj./n./v.,完美的,2,CEEC-108
perfection,n.,完備,4,CEEC-108
perform,v.,執行；演出,3,CEEC-108
performance,n.,成就；表演,3,CEEC-108
performer,n.,執行者；表演者,5,CEEC-108
perfume,n./v.,香味；香水,4,CEEC-108
perhaps,adv.,也許,1,CEEC-108
peril,n./v.,危險,6,CEEC-108
period,n.,一段時問,2,CEEC-108
perish,v.,毀滅；死亡,6,CEEC-108
permanent,adj.,長久的,4,CEEC-108
permissible,adj.,"a. 可允許的, 可容許程度的；[機] 容許, 允許",6,CEEC-108
permission,n.,準許,3,CEEC-108
permit,n./v.,許可,3,CEEC-108
persevere,v.,"vi. 堅持, 孜孜不倦, 不屈不撓, (辯論中)固執己見",6,CEEC-108
persist,v.,堅持,5,CEEC-108
persistence,n.,"n. 固執, 堅持不懈, 持續(性), 存留(狀態)；[電] 持久",6,CEEC-108
persistent,adj.,堅持的,6,CEEC-108
person,n.,人,1,CEEC-108
personal,adj.,個人的,2,CEEC-108
personality,n.,個性,2,CEEC-108
personnel,n.,"n. 人員, 人事部門, 人事科(處)；[經] 人事, 全體人員, 職工",5,CEEC-108
perspective,adj./n.,透視(畫)法,5,CEEC-108
persuade,v.,說服,3,CEEC-108
persuasion,n.,說服,4,CEEC-108
persuasive,adj.,有說服力的,4,CEEC-108
pessimism,n.,悲觀(主義),5,CEEC-108
pessimistic,adj.,"a. 悲觀的, 厭世的, 悲觀主義的",4,CEEC-108
pest,n.,害蟲,4,CEEC-108
pet,n./v.,寵物；愛撫,1,CEEC-108
petition,n.,請願(書),5,CEEC-108
petrol,n.,"n. 汽油；[經] 汽油, 揮髮油, 石油",6,CEEC-108
petroleum,n.,石油,6,CEEC-108
petty,adj.,不重要的,5,CEEC-108
pharmacist,n.,"n. 藥師, 藥品商, 藥商, 藥劑師；[醫] 藥師, 調劑員, 藥商",6,CEEC-108
pharmacy,n.,藥房,6,CEEC-108
phase,n./v.,"n. 時期, 局面, 方面, 位相, 相, 階段；vt. 使調整相位, 使定相, 使一致, 逐步執行, 實行；[計] 階段",5,CEEC-108
phenomenon,n.,現象,4,CEEC-108
philosopher,n.,哲學家,4,CEEC-108
philosophical,adj.,哲學的,4,CEEC-108
philosophy,n.,哲學,4,CEEC-108
phone,n./v.,電話,1,CEEC-108
photo,n./v.,"n. 相片, 照片, 逼真的描繪；v. 照相；a. 照相的, 攝影用的, 詳細記錄的, 逼真的, 酷似的",1,CEEC-108
photograph,n./v.,"n. 相片, 照片, 逼真的描繪；v. 照相, 攝影",1,CEEC-108
photographer,n.,攝影者,3,CEEC-108
photographic,adj.,攝影(用)的,5,CEEC-108
photography,n.,攝影術,4,CEEC-108
phrase,n./v.,片語；用語言表示,2,CEEC-108
physical,adj.,身體的,4,CEEC-108
physician,n.,"n. 醫師, 內科醫師, 解除痛苦者；[醫] 主治醫師",4,CEEC-108
physicist,n.,物理學家,4,CEEC-108
physics,n.,物理學,4,CEEC-108
pianist,n.,鋼琴家,6,CEEC-108
piano,n.,鋼琴,1,CEEC-108
pick,n./v.,十字鎬；挑選,1,CEEC-108
pickle,n.,"n. 鹽滷, 醃汁, 泡菜, 困境, 討厭鬼；vt. 醃製, 酸洗, 葬送(機會等), 泡",4,CEEC-108
pickpocket,n.,n. 扒手；[法] 扒手,6,CEEC-108
pickup,n.,"n. 拾起, 加速, 刺激, 獵物的收集, 好轉, 恢復健康, 搭車者, 興奮劑, 電視攝像；[電] 拾音器",5,CEEC-108
picnic,n./v.,野餐；去郊遊野餐,1,CEEC-108
picture,n./v.,圖畫；想像,1,CEEC-108
pie,n.,派,1,CEEC-108
piece,n./v.,破片；拼合,1,CEEC-108
pier,n.,"n. 碼頭, 橋墩, 支框, 防波堤；[醫] 橋基, 基牙",5,CEEC-108
pig,n./v.,豬,1,CEEC-108
pigeon,n.,鵲子,3,CEEC-108
pile,n./v.,堆；疊,3,CEEC-108
pilgrim,n.,朝聖者,6,CEEC-108
pill,n.,藥丸,3,CEEC-108
pillar,n.,柱子,5,CEEC-108
pillow,n.,枕頭,2,CEEC-108
pilot,n./v.,飛行員；駕駛,3,CEEC-108
pimple,n.,粉刺；面皰,6,CEEC-108
pin,n./v.,"n. 大頭針, 針, 別針, 栓, 銷子, 圖釘, 插頭, 管腳, 品(液量單位)；vt. 將...用針別住, 釘住, 壓住, 牽制, 使不能動, 歸罪於；a. 針的, 銷子的, 閂的",1,CEEC-108
pinch,n./v.,"n. 捏, 擰, 撮, 少量, 收縮, 擠壓, 夾痛, 苦惱, 逮捕, 指控, 匱乏, 緊急關頭；vt. 捏, 擰, 掐, 擠壓, 修剪, 使困苦, 使萎縮, 節制, 少量加入, 逮捕, 勒索；vi. 收縮, 節省, 擠壓, 引起苦惱",6,CEEC-108
pine,n.,松樹,3,CEEC-108
pineapple,n.,鳳梨,3,CEEC-108
pink,adj./n.,粉紅色的,1,CEEC-108
pint,n.,品脫(液量名),3,CEEC-108
pioneer,n./v.,拓荒者；開拓,4,CEEC-108
pipe,n./v.,管；用管道輸送,1,CEEC-108
pipeline,n.,管線,5,CEEC-108
pirate,n./v.,海盜,5,CEEC-108
pit,n.,坑；煤礦,3,CEEC-108
pitch,n./v.,瀝青,3,CEEC-108
pitcher,n.,大水罐；投手,5,CEEC-108
pity,n./v.,可惜,3,CEEC-108
pizza,n.,比薩,2,CEEC-108
place,n./v.,地方；放置,1,CEEC-108
placement,n.,"n. 放置, 布置, 工作安排, 編班, 定位球；[計] 放置",5,CEEC-108
plague,n.,瘟疫；折磨,6,CEEC-108
plain,adj./n.,簡單的,2,CEEC-108
plan,n./v.,計劃,1,CEEC-108
plane,n.,飛機,1,CEEC-108
planet,n.,行星,1,CEEC-108
plant,n./v.,植物；種植,1,CEEC-108
plantation,n.,種植園,6,CEEC-108
plastic,adj./n.,塑膠,3,CEEC-108
plate,n.,盤；碟,1,CEEC-108
platform,n.,月臺,2,CEEC-108
play,n./v.,玩耍；玩,1,CEEC-108
player,n.,"n. 競賽者, 上場隊員, 遊戲者, 演員；[經] 交易者",1,CEEC-108
playful,adj.,"a. 愛打趣的, 多趣的, 開玩笑的, 嬉戲的",3,CEEC-108
playground,n.,操場,2,CEEC-108
playwright,n.,劇作家,6,CEEC-108
plea,n.,懇求,5,CEEC-108
plead,v.,"vi. 辯護, 懇求；vt. 為...辯護, 提出...藉口, 託稱, 懇求",5,CEEC-108
pleasant,adj.,令人愉快的,2,CEEC-108
please,v.,(使)高興,1,CEEC-108
pleasure,n.,愉快,1,CEEC-108
pledge,n./v.,發誓；保證,5,CEEC-108
plentiful,adj.,豐富,4,CEEC-108
plenty,adv./n./pron.,大量,3,CEEC-108
plot,n./v.,情節；圖謀,4,CEEC-108
plow,n./v.,耕(地),6,CEEC-108
plug,n./v.,塞子,3,CEEC-108
plum,n.,n. 李子,4,CEEC-108
plumber,n.,管子工,4,CEEC-108
plunge,n./v.,"n. 鑽進, 跳進, 跳水, 跳水池, 猛跌, 落下, 投入, 開始從事, 盲目投資；vi. 投入, 投身於, 跳進, 陷入, 下降；vt. 使投入, 使插入, 使陷入, 使遭受",5,CEEC-108
plural,adj./n.,"n. 複數；a. 複數的, 兩個以上的",5,CEEC-108
plus,adj./n./prep.,加,2,CEEC-108
pm,adv.,"出納員, 軍需官；[計] 調相, 性能管理, 處理模塊, 程式存儲器",1,CEEC-108
pneumonia,n.,肺炎,6,CEEC-108
pocket,n./v.,口袋,1,CEEC-108
poem,n.,詩,2,CEEC-108
poet,n.,詩人,2,CEEC-108
poetic,adj.,"a. 詩的, 詩意的, 詩人的",5,CEEC-108
poetry,n.,詩,2,CEEC-108
point,n./v.,尖端；持向,1,CEEC-108
poison,n./v.,毒藥,2,CEEC-108
poisonous,adj.,有毒的,4,CEEC-108
poke,n./v.,"n. 刺, 戳, 袋子；vt. 戳, 捅, 撥弄, 刺；vi. 戳, 刺, 捅, 搜索, 伸出, 行動散慢；[計] 存數",5,CEEC-108
polar,adj.,"a. 兩極的, 極地的, 正好相反的, 極性的；n. 極線, 極面",6,CEEC-108
pole,n.,南極或北極,3,CEEC-108
police,n./v.,警察,1,CEEC-108
policeman,n.,警察,2,CEEC-108
policy,n.,政策,2,CEEC-108
polish,n./v.,波蘭的；波蘭人(語)的,4,CEEC-108
polite,adj.,有禮貌的,1,CEEC-108
political,adj.,政府的,3,CEEC-108
politician,n.,政治家,3,CEEC-108
politics,n.,政治活動,3,CEEC-108
poll,n./v.,民意調查,3,CEEC-108
pollute,v.,汙染,3,CEEC-108
pollution,n.,汙染,3,CEEC-108
pond,n.,池塘,1,CEEC-108
ponder,v.,深思,6,CEEC-108
pony,n.,小馬,6,CEEC-108
pool,n./v.,水塘,1,CEEC-108
poor,adj.,貧窮的,1,CEEC-108
pop,adj./n.,砰然(聲),2,CEEC-108
popcorn,n.,玉米花,1,CEEC-108
popular,adj.,流行的,1,CEEC-108
popularity,n.,流行,4,CEEC-108
populate,v.,移居於,6,CEEC-108
population,n.,人口,2,CEEC-108
porcelain,n.,"n. 瓷器, 瓷；a. 瓷製的",3,CEEC-108
porch,n.,"n. 門廊, 走廊",5,CEEC-108
pork,n.,豬肉,2,CEEC-108
port,n.,港,2,CEEC-108
portable,adj.,便攜的,4,CEEC-108
porter,n.,搬行李工人,6,CEEC-108
portfolio,n.,文件夾；投資組合,5,CEEC-108
portion,n./v.,一部分,3,CEEC-108
portrait,n.,肖畫像,3,CEEC-108
portray,v.,描繪,4,CEEC-108
pose,n./v.,姿勢,2,CEEC-108
position,n./v.,位置,2,CEEC-108
positive,adj./n.,確信的；積極的,2,CEEC-108
possess,v.,擁有,4,CEEC-108
possession,n.,"n. 擁有, 佔有, 所有, 財產, 領土, 領地, 自製, 著迷；[經] 佔有, 持有",4,CEEC-108
possibility,n.,可能性,2,CEEC-108
possible,adj.,可能的,1,CEEC-108
post,adv./n./v.,位置；郵局,2,CEEC-108
postage,n.,郵資,4,CEEC-108
postcard,n.,n. 明信片,2,CEEC-108
poster,n.,海報,3,CEEC-108
postpone,v.,延期,3,CEEC-108
postponement,n.,"n. 延遲, 延期；[法] 延期, 延遲",3,CEEC-108
posture,n./v.,姿勢,6,CEEC-108
pot,n./v.,罐；壺；盒,1,CEEC-108
potato,n.,馬鈴薯,1,CEEC-108
potent,adj.,有效力的,6,CEEC-108
potential,adj./n.,潛在的；僭能,4,CEEC-108
pottery,n.,n陶器,3,CEEC-108
poultry,n.,家禽(肉),6,CEEC-108
pound,n.,磅,2,CEEC-108
pour,v.,灌 v.注 v.倒,3,CEEC-108
poverty,n.,貧窮,3,CEEC-108
powder,n./v.,粉末,3,CEEC-108
power,n./v.,權力,1,CEEC-108
powerful,adj.,強健的,2,CEEC-108
practical,adj.,實踐的,3,CEEC-108
practice,n./v.,練習；實踐,1,CEEC-108
practitioner,n.,開業者,5,CEEC-108
praise,n./v.,讚美；稱讚,2,CEEC-108
pray,v.,祈禱,2,CEEC-108
prayer,n.,祈禱,2,CEEC-108
preach,v.,"v. 傳道, 講道, 說教, 宣講, 鼓吹；n. 說教, 布道",6,CEEC-108
precaution,n.,預防措施,5,CEEC-108
precede,v.,"vt. 在...之前, 優於, 較...優先；vi. 在前面",6,CEEC-108
precedent,n.,慣例,6,CEEC-108
precious,adj.,珍貴的,3,CEEC-108
precise,adj.,精確的,4,CEEC-108
precision,n.,"n. 精密, 精確, 精確度, 精度；a. 精密的, 精確的；[計] 精度",6,CEEC-108
predator,n.,"n. 食肉動物, 掠奪者；[醫] 捕食者",5,CEEC-108
predecessor,n.,前輩,6,CEEC-108
predict,v.,預言,4,CEEC-108
prediction,n.,預言,4,CEEC-108
prefer,v.,寧願選擇,2,CEEC-108
preference,n.,偏愛,5,CEEC-108
pregnancy,n.,"n. 懷孕；豐富, 多產；意義深長",4,CEEC-108
pregnant,adj.,懷孕的,4,CEEC-108
prehistoric,adj.,"a. 歷史以前的, 史前的",6,CEEC-108
prejudice,n./v.,成見,5,CEEC-108
preliminary,adj./n.,初步的；初步行動,5,CEEC-108
premature,adj.,過早的,5,CEEC-108
premier,adj./n.,首相,5,CEEC-108
premiere,n.,"v. 初次公演, 首次露面；n. 初次的演出；a. 首次的, 首位的",6,CEEC-108
premise,n.,前提,5,CEEC-108
premium,n.,保險費,5,CEEC-108
preparation,n.,準備,3,CEEC-108
prepare,v.,準備,1,CEEC-108
prescribe,v.,開(樂方),5,CEEC-108
prescription,n.,藥方,5,CEEC-108
presence,n.,出席,3,CEEC-108
present,adj./n./v.,(1) adj.出席的,1,CEEC-108
presentation,n.,表演,4,CEEC-108
preservation,n.,保持,4,CEEC-108
preserve,v.,保存,4,CEEC-108
preside,v.,主持,6,CEEC-108
presidency,n.,總統(校長)的職位,5,CEEC-108
president,n.,總統；校長,2,CEEC-108
presidential,adj.,總統(校長)的,5,CEEC-108
press,n./v.,(2) v.按,2,CEEC-108
pressure,n./v.,壓；按,2,CEEC-108
prestige,n.,"n. 聲望, 威望, 威信；[經] 商譽, 聲譽",6,CEEC-108
presumably,adv.,"adv. 推測上, 大概",5,CEEC-108
presume,v.,"vt. 假定, 推測, 擅自, 意味著；vi. 擅自行動, 相信",5,CEEC-108
pretend,v.,假裝,3,CEEC-108
pretty,adj./adv.,(1) adj.漂亮的,1,CEEC-108
prevail,v.,"vi. 獲勝, 流行, 盛行；[醫] 流行, 盛行",5,CEEC-108
prevent,v.,預防,3,CEEC-108
prevention,n.,"n. 阻止, 妨礙, 預防；[醫] 預防",4,CEEC-108
preventive,adj./n.,預防的,6,CEEC-108
preview,n./v.,預習；預演,6,CEEC-108
previous,adj.,以前的,3,CEEC-108
prey,n./v.,"n. 被掠食者, 犧牲者；vi. 捕食",5,CEEC-108
price,n./v.,價格,1,CEEC-108
priceless,adj.,"a. 無價的, 極貴重的",6,CEEC-108
pride,n./v.,自豪,2,CEEC-108
priest,n.,"n. 祭司, 牧師, 神父, 神質人員, 僧侶, 泰鬥",2,CEEC-108
primary,adj.,主要的,2,CEEC-108
prime,adj./n.,首先的,4,CEEC-108
primitive,adj.,遠古的,4,CEEC-108
prince,n.,王子,2,CEEC-108
princess,n.,公主,2,CEEC-108
principal,adj./n.,(1) adj.主要的,2,CEEC-108
principle,n.,原則,2,CEEC-108
print,n./v.,印刷；字體,2,CEEC-108
printer,n.,印刷業從業人員,2,CEEC-108
prior,adj./adv./n.,"a. 更重要的, 較早的, 在先的；n. 小隱修院院長, 大隱修院副院長",5,CEEC-108
priority,n.,居先；優先(權),4,CEEC-108
prison,n.,監獄,2,CEEC-108
prisoner,n.,"n. 囚犯, 犯人, 戰俘；[法] 犯人, 囚犯, 扣押犯",2,CEEC-108
privacy,n.,獨處(狀況),4,CEEC-108
private,adj.,個人的,2,CEEC-108
privatize,v.,vt.vi. 私有化,6,CEEC-108
privilege,n./v.,特權,4,CEEC-108
prize,n./v.,獎品；珍視,2,CEEC-108
probable,adj.,很可能的,3,CEEC-108
probably,adv.,"adv. 大概, 或許",1,CEEC-108
probe,n.,探查,6,CEEC-108
problem,n.,問題,1,CEEC-108
procedure,n.,程式,4,CEEC-108
proceed,v.,繼續進行,4,CEEC-108
process,n./v.,過程；加工,3,CEEC-108
procession,n.,"n. 隊伍, 連續, 列隊行進, 湧出",6,CEEC-108
proclaim,v.,"vt. 宣布, 公告, 宣言, 表明, 讚揚；[法] 宣布, 宣告, 公布",5,CEEC-108
produce,n./v.,生產,2,CEEC-108
producer,n.,"n. 生產者, 製作者, 製作人；[化] 發生器; (爐煤氣)發生爐; 制氣爐; 生產者",3,CEEC-108
product,n.,產品,3,CEEC-108
production,n.,生產；產量；產品,2,CEEC-108
productive,adj.,多產的,4,CEEC-108
productivity,n.,生產力,5,CEEC-108
profession,n.,職業,4,CEEC-108
professional,adj./n.,專業的,4,CEEC-108
professor,n.,教授,3,CEEC-108
proficiency,n.,"n. 精通, 熟練, 精練",6,CEEC-108
profile,n./v.,側面像；輪廓,5,CEEC-108
profit,n./v.,利益；有益於,3,CEEC-108
profitable,adj.,有益的,4,CEEC-108
profound,adj.,"a. 極深的, 深厚的, 深刻的, 淵博的",5,CEEC-108
program,n./v.,程式；編製程式,1,CEEC-108
progress,n./v.,前進,2,CEEC-108
progressive,adj./n.,不斷前進的,5,CEEC-108
prohibit,v.,禁止,5,CEEC-108
prohibition,n.,禁止,6,CEEC-108
project,n.,(1) n.項目,2,CEEC-108
projection,n.,凸出物；設計；投影,5,CEEC-108
prolong,v.,"vt. 延長, 拖延, 拖長；[化] 冷凝管",5,CEEC-108
prominent,adj.,突起的,4,CEEC-108
promise,n./v.,諾言；許諾,2,CEEC-108
promising,adj.,大有希望的,4,CEEC-108
promote,v.,提升,3,CEEC-108
promotion,n.,晉級,4,CEEC-108
prompt,adj./n./v.,促使,4,CEEC-108
prone,adj.,易於發生(不愉快事)的；有傾向的,5,CEEC-108
pronounce,v.,發音,3,CEEC-108
pronunciation,n.,"n. 發音, 讀法",4,CEEC-108
proof,n.,證據,3,CEEC-108
propaganda,n.,"n. 宣傳, 宣傳活動；[醫] 宣傳",5,CEEC-108
propel,v.,"vt. 推進, 驅使；[機] 推進",6,CEEC-108
proper,adj.,適合的,2,CEEC-108
property,n.,財產,3,CEEC-108
prophet,n.,"n. 預言者, 先知, 提倡者",5,CEEC-108
proportion,n./v.,"n. 比例, 比率, 均衡, 部分, 面積；vt. 使成比例, 使均衡",5,CEEC-108
proposal,n.,計劃；建議,4,CEEC-108
propose,v.,提議,2,CEEC-108
prose,n.,散文,6,CEEC-108
prosecute,v.,"vt. 告發, 起訴, 徹底進行, 執行, 從事；vi. 告發, 起訴, 作檢察官",6,CEEC-108
prosecution,n.,(被)起訴,5,CEEC-108
prospect,n./v.,期望,5,CEEC-108
prospective,adj.,"a. 預期的, 將來的；[經] 預期的, 未來的",6,CEEC-108
prosper,v.,興旺,4,CEEC-108
prosperity,n.,發達,4,CEEC-108
prosperous,adj.,繁榮的,4,CEEC-108
protect,v.,保護,2,CEEC-108
protection,n.,"n. 保護, 防衛, 貿易保護制度；[計] 保護",3,CEEC-108
protective,adj.,保護的,2,CEEC-108
protein,n.,蛋白質,4,CEEC-108
protest,n./v.,抗議,4,CEEC-108
prototype,n.,n. 原型；[計] 樣機; 原型,6,CEEC-108
proud,adj.,白尊的,1,CEEC-108
prove,v.,證明,2,CEEC-108
proverb,n.,諺語,6,CEEC-108
provide,v.,提供,2,CEEC-108
province,n.,"n. 省, 地方, 職權, 領域；[法] 省, 地方, 領域",5,CEEC-108
provincial,adj./n.,省的,6,CEEC-108
provision,n.,"n. (政府提供的)錢和設備, 準備, 供應品, 規定, 條款；vt. 供給...食物及必需品",5,CEEC-108
provisional,adj.,"a. 暫時的, 暫定的, 臨時的；[醫] 臨時的",6,CEEC-108
provoke,v.,激怒,5,CEEC-108
psychiatry,n.,精神病學,6,CEEC-108
psychic,adj.,"a. 靈魂的, 精神的, 心靈的；n. 巫師, 靈物, 心靈現象",6,CEEC-108
psychological,adj.,心理(上)的,4,CEEC-108
psychologist,n.,心理學家,4,CEEC-108
psychology,n.,心理學,4,CEEC-108
psychotherapy,n.,"n. 精神療法, 心理療法；[醫] 精神療法, 心理療法",6,CEEC-108
pub,n.,小酒館,3,CEEC-108
public,adj./n.,公眾的；大眾,1,CEEC-108
publication,n.,公布,4,CEEC-108
publicity,n.,眾人皆知,4,CEEC-108
publicize,v.,vt. 宣傳,6,CEEC-108
publish,v.,出版,4,CEEC-108
publisher,n.,出版社(者),4,CEEC-108
pudding,n.,n. 布丁,2,CEEC-108
puff,n./v.,"n. 一陣噴煙, 腫塊, 喘息；v. 噴出, 張開, 吹捧, (使)充氣, 喘氣, (使)驕傲, (使)膨脹",6,CEEC-108
pull,n./v.,拖；拉,1,CEEC-108
pulse,n./v.,脈搏,5,CEEC-108
pump,n./v.,泵,3,CEEC-108
pumpkin,n.,南瓜,2,CEEC-108
punch,n./v.,"n. 打洞器, 鑽孔機, 衝壓機, 衝床, 潘趣酒；vt. 以拳重擊, 開洞, 衝壓；vi. 用拳猛擊",3,CEEC-108
punctual,adj.,如期的；準時的,6,CEEC-108
punish,v.,"vt. 處罰, 懲罰, 嚴厲對待；vi. 懲罰",2,CEEC-108
punishment,n.,"n. 處罰, 刑罰, 懲罰；[法] 罰, 處罰, 刑罰",2,CEEC-108
pupil,n.,小學生,2,CEEC-108
puppet,n.,"n. 傀儡, 木偶；[法] 木偶, 傀儡, 受他人操縱的人",3,CEEC-108
puppy,n.,小狗,2,CEEC-108
purchase,n./v.,購買,5,CEEC-108
pure,adj.,純淨的,3,CEEC-108
purify,v.,"vi. 變純淨；vt. 使純淨, 淨化, 提純, 精煉",6,CEEC-108
purity,n.,純潔,6,CEEC-108
purple,adj./n.,紫色的,2,CEEC-108
purpose,n.,意圖,2,CEEC-108
purse,n.,錢包,3,CEEC-108
pursue,v.,追捕,4,CEEC-108
pursuit,n.,追趕,4,CEEC-108
push,n./v.,"n. 推, 推動, 奮鬥, 攻擊, 進取心；vt. 推, 推動, 使伸出, 推行, 逼迫, 增加；vi. 推, 推進, 增加, 努力爭取",1,CEEC-108
put,v.,安置,1,CEEC-108
puzzle,n./v.,難題；困惑,2,CEEC-108
pyramid,n.,"n. 角錐, 金字塔；v. (使)成金字塔狀, (使)漸增, (使)上漲",5,CEEC-108
quake,n./v.,震動,6,CEEC-108
qualification,n.,"n. 資格, 條件, 限制；[計] 限定",6,CEEC-108
qualify,v.,使具有資格,5,CEEC-108
quality,n.,質量,2,CEEC-108
quantity,n.,數量,2,CEEC-108
quarrel,n./v.,爭吵,4,CEEC-108
quarter,n.,四分之一,1,CEEC-108
queen,n.,王后,1,CEEC-108
queer,adj.,奇怪的,3,CEEC-108
quest,n.,探索,5,CEEC-108
question,n./v.,問題；詢問,1,CEEC-108
questionnaire,n.,問卷,5,CEEC-108
quick,adj./adv.,快速的/地,1,CEEC-108
quiet,adj./n./v.,安靜的；使安靜,1,CEEC-108
quilt,n./v.,"n. 棉被；vt. 加軟襯料後縫製, 東拼西湊地編；vi. 縫被子",4,CEEC-108
quit,v.,停止,3,CEEC-108
quite,adv.,完全；非常,1,CEEC-108
quiver,n./v.,"n. 震動, 顫抖, 箭袋；vi. 顫抖, 振動；vt. 使顫動；a. 敏捷的",5,CEEC-108
quiz,n.,問答比賽,2,CEEC-108
quota,n.,"n. 配額, 限額；[化] 定額",5,CEEC-108
quotation,n.,引語,4,CEEC-108
quote,n./v.,引用,3,CEEC-108
rabbit,n.,兔,1,CEEC-108
race,n./v.,比賽,1,CEEC-108
racial,adj.,種族的,3,CEEC-108
racism,n.,"n. 種族主義, 種族偏見；[法] 種族主義, 種族歧視, 種族歧視主張",5,CEEC-108
rack,n./v.,置物架,5,CEEC-108
radar,n.,雷達,4,CEEC-108
radiant,adj./n.,"a. 發光的, 明亮的, 輻射的, 容光煥發的；[醫] 放射的, 輻射的, 輻射物[質]",6,CEEC-108
radiate,adj./v.,發射,6,CEEC-108
radiation,n.,n. 輻射；[化] 放射,5,CEEC-108
radical,adj./n.,"n. 激進分子, 詞根, 基礎, 根式, 根；a. 激進的, 根本的, 基本的, 根的",5,CEEC-108
radio,n./v.,收音機,1,CEEC-108
radioactive,adj.,"a. 放射性的, 有放射能的；[醫] 放射性的, 放射的",6,CEEC-108
radish,n.,n. 小蘿蔔,6,CEEC-108
radius,n.,"n. 半徑, 範圍, 輻射光線；[電] 半徑",6,CEEC-108
rag,n.,破布,3,CEEC-108
rage,n./v.,發怒,4,CEEC-108
ragged,adj.,"a. 衣衫襤褸的, 參差不齊的, 不協調的, 粗糙的, 刺耳的",5,CEEC-108
raid,n./v.,突擊,5,CEEC-108
rail,n.,"n. 橫杆, 圍欄, 欄杆, 鐵軌, 扶手, 秧雞；vt. 以橫木圍欄, 給...鋪鐵軌；vi. 責罵, 抱怨",5,CEEC-108
railroad,n.,鐵路,2,CEEC-108
railway,n.,鐵路,2,CEEC-108
rain,n./v.,雨,1,CEEC-108
rainbow,n.,彩虹,1,CEEC-108
raincoat,n.,雨衣,2,CEEC-108
rainfall,n.,降雨,4,CEEC-108
rainy,adj.,多雨的,1,CEEC-108
raise,n./v.,舉起；上漲,1,CEEC-108
raisin,n.,n. 葡萄乾,4,CEEC-108
rally,n./v.,集合；開玩笑,5,CEEC-108
ranch,n./v.,n. 大牧場；v. 經營牧場,5,CEEC-108
random,adj.,"n. 隨意, 隨機；a. 任意的, 隨便的, 胡亂的, 隨機的；adv. 胡亂地",5,CEEC-108
range,n./v.,區域,2,CEEC-108
rank,n./v.,等級；並排,3,CEEC-108
rap,n.,"n. 輕敲, 拍擊, 責罵, 無價值的東西；vt. 輕敲, 厲聲說出, 叱責, 搶走, 使著迷；vi. 敲擊, 發敲擊聲, 交談, 同情；[計] 隨機存取程式, 資源分配處理器, 常駐彙編程式",6,CEEC-108
rapid,adj.,快的,2,CEEC-108
rare,adj.,珍貴的,2,CEEC-108
rash,adj./n.,"a. 輕率的, 匆忙的, 魯莽的；n. 皮疹",6,CEEC-108
rat,n.,鼠,2,CEEC-108
rate,n./v.,比率；評估,3,CEEC-108
rather,adv.,與其不如,2,CEEC-108
ratify,v.,批准,6,CEEC-108
ratio,n.,"n. 比, 比率；[醫] 比, 比率, 比例",5,CEEC-108
rational,adj.,理性的,5,CEEC-108
rattle,n./v.,"vt. 使嘎嘎響, 喋喋不休地說；vi. 格格響, 喋喋不休；n. 格格聲, 撥浪鼓, 喋喋不休的話",5,CEEC-108
raw,adj.,生的,3,CEEC-108
ray,n.,光線,3,CEEC-108
razor,n.,舌」鬍刀,3,CEEC-108
reach,n./v.,抵達,1,CEEC-108
react,v.,反應,3,CEEC-108
reaction,n.,反應,3,CEEC-108
read,v.,讀,1,CEEC-108
ready,adj./v.,有準備的,1,CEEC-108
real,adj.,真的,1,CEEC-108
realism,n.,"n. 寫實主義, 現實, 實在論；[法] 現實主義",5,CEEC-108
realistic,adj.,理論的,4,CEEC-108
reality,n.,真實性,2,CEEC-108
realization,n.,"n. 實現, 領悟, 實得；[醫] 現實化, 實現",6,CEEC-108
realize,v.,了解,2,CEEC-108
really,adv.,"adv. 實際上, 真實地, 實在",1,CEEC-108
realm,n.,"n. 王國, 領土, 領域；[計] 領域",5,CEEC-108
reap,v.,"vt. 收割, 收穫, 獲得；vi. 收割, 得到報應",6,CEEC-108
rear,adj./n.,"n. 後面, 背後, 後方；a. 後面的, 背面的, 後方的；vt. 養育, 培養, 飼養, 舉起, 樹立, 栽種；vi. 高聳, 暴跳",5,CEEC-108
reason,n./v.,理由,1,CEEC-108
reasonable,adj.,有理由的；合理的,3,CEEC-108
reassure,v.,使安心,5,CEEC-108
rebel,n./v.,反抗者,4,CEEC-108
rebellion,n.,n造反,5,CEEC-108
recall,n./v.,想出,4,CEEC-108
receipt,n.,收到；收據,3,CEEC-108
receive,v.,收到,2,CEEC-108
receiver,n.,接受者；受話器,3,CEEC-108
recent,adj.,最近的,2,CEEC-108
reception,n.,接收,4,CEEC-108
recession,n.,經濟衰退,5,CEEC-108
recipe,n.,"n. 食譜, 處方, 秘訣；[醫] 取(處方頭語), 處方",4,CEEC-108
recipient,adj./n.,接受者,5,CEEC-108
recite,v.,"v. 背誦, 朗讀, 敘述",5,CEEC-108
reckless,adj.,輕率的,6,CEEC-108
reckon,v.,推斷,6,CEEC-108
recognition,n.,承認,4,CEEC-108
recognize,v.,承認,3,CEEC-108
recommend,v.,"vt. 推薦, 介紹, 勸告, 使受歡迎, 託付；[經] 建議, 推薦",5,CEEC-108
recommendation,n.,"n. 推薦, 介紹, 推薦信, 勸告；[經] 建議書",5,CEEC-108
reconcile,v.,調解,6,CEEC-108
record,n./v.,(1) n.記錄,2,CEEC-108
recorder,n.,記錄者,3,CEEC-108
recover,v.,恢復,2,CEEC-108
recovery,n.,復原,4,CEEC-108
recreation,n.,"n. 娛樂, 消遣, 休息, 再創造；[醫] 娛樂, 休養",4,CEEC-108
recreational,adj.,"a. 消遣的, 娛樂的",6,CEEC-108
recruit,n./v.,招募,5,CEEC-108
rectangle,n.,"n. 長方形, 矩形；[化] 矩形",3,CEEC-108
recycle,v.,使再循環；使回收使用,4,CEEC-108
red,adj./n.,紅色的,1,CEEC-108
reduce,v.,減少,3,CEEC-108
reduction,n.,"n. 減少, 縮影, 變化；[化] 還原",4,CEEC-108
redundancy,n.,"n. 過多, 冗長, 累贅, 多餘, 冗餘位, 冗餘度, 冗餘碼, 多餘資訊；[計] 冗餘",6,CEEC-108
reef,n.,"n. 暗礁, 礁, 縮帆；v. 縮(帆)",6,CEEC-108
refer,v.,起因於…,4,CEEC-108
referee,n./v.,"n. 仲裁人, 調解人, 裁判員；v. 仲裁, 裁判",6,CEEC-108
reference,n.,委託,4,CEEC-108
referendum,n.,公民投票,6,CEEC-108
refine,v.,提煉,6,CEEC-108
refinement,n.,精製品,6,CEEC-108
reflect,v.,反射,4,CEEC-108
reflection,n.,反映,4,CEEC-108
reflective,adj.,"a. 反射的, 反映的, 沉思的",6,CEEC-108
reform,n./v.,改革,4,CEEC-108
refresh,v.,使給予活力,6,CEEC-108
refreshment,n.,精神恢復,6,CEEC-108
refrigerator,n.,冰箱,2,CEEC-108
refuge,n.,"n. 避難所, 安全地帶, 避難, 庇護；vi. 躲避；vt. 給予...庇護",5,CEEC-108
refugee,n.,難民,4,CEEC-108
refund,n./v.,退款,4,CEEC-108
refusal,n.,拒絕,4,CEEC-108
refuse,v.,拒絕,2,CEEC-108
refute,v.,"vt. 反駁, 駁斥；駁倒",6,CEEC-108
regard,n./v.,注目；注意,2,CEEC-108
regarding,prep.,關於…,4,CEEC-108
regardless,adj./adv.,"a. 不管, 不注意, 不顧",5,CEEC-108
regime,n.,"n. 政權, 當權期間, 政體, 社會制度, 體制, 情態；[醫] 制度, 生活制度",5,CEEC-108
region,n.,地區,2,CEEC-108
regional,adj.,地區的,3,CEEC-108
register,n./v.,記錄；登記,4,CEEC-108
registration,n.,記錄,4,CEEC-108
regret,n./v.,哀傷；遺憾,3,CEEC-108
regular,adj./n.,整齊的；規律的,2,CEEC-108
regulate,v.,限制；控管,4,CEEC-108
regulation,n.,管理；限制,4,CEEC-108
rehabilitate,v.,使恢復,6,CEEC-108
rehearsal,n.,排練；複述,5,CEEC-108
rehearse,v.,詳述；排演,6,CEEC-108
reign,n./v.,君主統治時期,6,CEEC-108
reinforce,v.,"vt. 加強, 增援, 補充；vi. 求援, 得到增援；n. 加固材料",5,CEEC-108
reject,v.,拒絕；否認,2,CEEC-108
rejection,n.,"n. 拒絕, 拋棄, 駁回, 被拋棄的東西, 嘔出物；[化] 報廢; 拒收",4,CEEC-108
rejoice,v.,高興,6,CEEC-108
relate,v.,敘述,2,CEEC-108
relation,n.,"n. 關係, 聯繫, 敘述, 故事, 家屬, 親戚；[計] 關係",2,CEEC-108
relationship,n.,(親戚)關係,2,CEEC-108
relative,adj./n.,(1) adj.比較上的,1,CEEC-108
relax,v.,放鬆,3,CEEC-108
relaxation,n.,"n. 鬆弛, 放鬆, 減輕, 緩和, 休息, 休養；[化] 鬆弛; 馳豫",4,CEEC-108
relay,n./v.,"n. 驛馬, 替班, 中繼, 接力；vt. 分程傳遞, 轉播, 使接替；vi. 接力傳送, 轉播",6,CEEC-108
release,n./v.,解放,3,CEEC-108
relentless,adj.,"a. 無情的, 冷酷的, 殘酷的",6,CEEC-108
relevant,adj.,"a. 有關聯的, 有關係的, 適當的, 相應的；[法] 有關的, 相關的",4,CEEC-108
reliable,adj.,可信賴的,3,CEEC-108
reliance,n.,"n. 信任, 信賴, 受信賴的人(或事)；[法] 信任, 信賴, 信心",6,CEEC-108
reliant,adj.,"a. 依賴的, 信賴的",6,CEEC-108
relic,n.,"n. 遺物, 遺蹟, 紀念物, 遺風, 殘留物",6,CEEC-108
relief,n.,解除,3,CEEC-108
relieve,v.,減輕(痛苦),4,CEEC-108
religion,n.,宗教,2,CEEC-108
religious,adj.,狂熱信仰的,3,CEEC-108
reluctant,adj.,不情願的；勉強的,4,CEEC-108
rely,v.,信賴,3,CEEC-108
remain,v.,殘留,3,CEEC-108
remainder,n.,"n. 剩餘物, 其他人, 殘餘, 餘數；v. 削價出售(圖書)；a. 剩餘的, 出售削價剩書的；[計] 餘數",6,CEEC-108
remark,n./v.,論述；評論,4,CEEC-108
remarkable,adj.,該注意的,4,CEEC-108
remedy,n./v.,治療,4,CEEC-108
remember,v.,記得,1,CEEC-108
remind,v.,使想起,3,CEEC-108
reminder,n.,"n. 提醒的人, 暗示；[經] 催單",5,CEEC-108
reminiscent,adj.,使人憶起…的,6,CEEC-108
remote,adj.,遠離的,3,CEEC-108
removal,n.,"n. 移動, 移居, 遷移, 排除, 切除；[醫] 切除, 除去",5,CEEC-108
remove,v.,除去,2,CEEC-108
render,v.,"vt. 回報, 給於, 付給, 匯報, 提出, 捨棄, 反映, 表示, 表演, 致使, 執行, 實施；vi. 給予補償；n. 交納, 打底",5,CEEC-108
renew,v.,回復,4,CEEC-108
renowned,adj.,著名的,6,CEEC-108
rent,n./v.,地租；承租,2,CEEC-108
rental,n.,"n. 租費, 租金收入；a. 租賃的, 收取租金的",5,CEEC-108
repair,n./v.,修理,2,CEEC-108
repay,v.,償還,5,CEEC-108
repeat,v.,重覆地說(做),1,CEEC-108
repetition,n.,重覆,4,CEEC-108
replace,v.,"vt. 代替, 替換, 放回, 歸還；[計] 替換; DOS外部命令:取代或更新文件",3,CEEC-108
replacement,n.,"n. 歸還, 更換, 代替者；[醫] 復位, 置換",3,CEEC-108
reply,n./v.,答覆,2,CEEC-108
report,n./v.,報告；述說,1,CEEC-108
reporter,n.,報告者,1,CEEC-108
represent,v.,描寫,3,CEEC-108
representation,n.,象徵,4,CEEC-108
representative,adj./n.,象徵的；例子,3,CEEC-108
reproduce,v.,"v. 繁殖, 再生, 複製, 生殖；[計] 複製",6,CEEC-108
reptile,adj./n.,"n. 爬行動物, 爬蟲, 卑鄙的人；a. 爬行的, 爬蟲類的, 卑鄙的",6,CEEC-108
republic,n.,共和國,3,CEEC-108
republican,adj./n.,共和國的；共和主義者,5,CEEC-108
reputation,n.,名聲,4,CEEC-108
request,n./v.,要求,3,CEEC-108
require,v.,"vt. 需要, 命令, 要求；[法] 需要, 要求, 命令",2,CEEC-108
requirement,n.,"n. 需求, 必要條件, 要求；[化] 要求; 合同要求",2,CEEC-108
rescue,n./v.,救助,4,CEEC-108
research,n./v.,研究,4,CEEC-108
researcher,n.,研究員,4,CEEC-108
resemblance,n.,相似,5,CEEC-108
resemble,v.,和…相似,4,CEEC-108
resent,v.,不滿,6,CEEC-108
resentment,n.,"n. 怨恨, 憤恨",6,CEEC-108
reservation,n.,保留,4,CEEC-108
reserve,n./v.,預備,3,CEEC-108
reservoir,n.,蓄水池,5,CEEC-108
reside,v.,居住,6,CEEC-108
residence,n.,"n. 住宅, 居留, 駐紮, 居住期間；[醫] 住房",5,CEEC-108
resident,adj./n.,"n. 居民, 常駐程式, 居住者, 留鳥；a. 居留的, 定居的",5,CEEC-108
residential,adj.,"a. 住宅的, 與居住有關的；[法] 有關居住的, 房產的:居所的, 適於居住的",5,CEEC-108
resign,v.,辭職,4,CEEC-108
resignation,n.,辭職；辭呈,4,CEEC-108
resist,v.,反抗,3,CEEC-108
resistance,n.,反抗,4,CEEC-108
resistant,adj.,"n. 抵抗者, 反抗者；a. 抵抗的, 反抗的, 耐...的",6,CEEC-108
resolution,n.,決心,4,CEEC-108
resolve,n./v.,決心；決定,4,CEEC-108
resort,n./v.,前往,5,CEEC-108
resource,n.,財產；資產,3,CEEC-108
respect,n./v.,尊敬,2,CEEC-108
respectable,adj.,可敬的,4,CEEC-108
respectful,adj.,尊重的,4,CEEC-108
respective,adj.,個別的,6,CEEC-108
respond,v.,回答,2,CEEC-108
respondent,n.,"a. 回答的, 應答的, 反射的；n. 應答者, 被告",5,CEEC-108
response,n.,回答,3,CEEC-108
responsibility,n.,責任,3,CEEC-108
responsible,adj.,負責的,2,CEEC-108
rest,n./v.,休息,1,CEEC-108
restaurant,n.,餐廳,1,CEEC-108
restoration,n.,恢復,6,CEEC-108
restore,v.,歸還,4,CEEC-108
restrain,v.,"vt. 抑制, 阻止, 束縛；[法] 抑制, 遏制, 制止",6,CEEC-108
restraint,n.,克制,6,CEEC-108
restrict,v.,限制,3,CEEC-108
restriction,n.,"n. 限制, 限定, 約束；[計] 限定",4,CEEC-108
restroom,n.,廁所,2,CEEC-108
result,n./v.,結果；起因於…」,2,CEEC-108
resume,n./v.,重新開始,5,CEEC-108
retail,adj./adv./n./v.,零售；零售的(地),5,CEEC-108
retain,v.,"vt. 保持, 保有, 留住, 記得, 付定金聘請；[經] 保留, 留存",4,CEEC-108
retire,v.,"n. 隱居；vi. 引退, 退役, 退休, 退去, 撤退, 退卻；vt. 使...撤退, 辭退",4,CEEC-108
retirement,n.,"n. 退休, 隱居, 撤退；[經] 退休, 退股, (固定資產)報廢",4,CEEC-108
retort,n./v.,反駁,6,CEEC-108
retreat,n./v.,後退；撒退,4,CEEC-108
retrieve,v.,找回,6,CEEC-108
return,n./v.,回復；歸還,2,CEEC-108
reunion,n.,重新結合；聚會,4,CEEC-108
reveal,v.,揭露,3,CEEC-108
revelation,n.,"n. 揭露, 洩露, 發覺, 默示, 啟示",6,CEEC-108
revenge,n./v.,報復,4,CEEC-108
revenue,n.,"n. 收入, 歲入, 稅收, 稅務局；[經] 歲入, 稅收, 稅務局",5,CEEC-108
reverse,adj./n./v.,相反的；反轉,5,CEEC-108
review,n./v.,再檢查；複習,2,CEEC-108
revise,v.,校正,4,CEEC-108
revision,n.,修正,4,CEEC-108
revival,n.,"n. 復興, 復活, 恢復精神, 甦醒；[醫] 復甦, 回生, 精神重振",6,CEEC-108
revive,v.,復活,6,CEEC-108
revolt,n./v.,"n. 叛亂, 反抗, 反感；vi. 叛亂, 反抗, 起義, 厭惡, 反感；vt. 使反感, 使噁心",6,CEEC-108
revolution,n.,革新,4,CEEC-108
revolutionary,adj./n.,革命(性)的,4,CEEC-108
revolve,v.,使旋轉,6,CEEC-108
reward,n./v.,報酬,4,CEEC-108
rhetoric,n.,修辭學,5,CEEC-108
rhyme,n./v.,"n. 韻, 押韻, 韻文；vi. 押韻；vt. 使押韻, 用韻詩表達",4,CEEC-108
rhythm,n.,節奏,4,CEEC-108
rib,n./v.,肋骨,5,CEEC-108
ribbon,n.,絲帶,3,CEEC-108
rice,n.,米,1,CEEC-108
rich,adj.,富有的,1,CEEC-108
riches,n.,"pl. 財富, 財產, 富有；[經] 財富, 財寶, 房地產",2,CEEC-108
rid,adj./v.,解除；免談,3,CEEC-108
riddle,n.,謎題,4,CEEC-108
ride,n./v.,騎；騎乘,1,CEEC-108
ridge,n./v.,"n. 脊, 山脊, 山脈；[醫] 嵴, 脊, 稜線",5,CEEC-108
ridiculous,adj.,可笑的,5,CEEC-108
rifle,n./v.,"n. 來復槍, 步槍；vt. 用步槍射擊, 搶奪；vi. (抱有不良意圖)迅速翻查",5,CEEC-108
right,adj./adv./n.,正確的,1,CEEC-108
rigid,adj.,"a. 堅硬的, 剛性的, 嚴格的, 精密的, 刻板的",5,CEEC-108
rigorous,adj.,嚴密的,6,CEEC-108
rim,n./v.,"n. 邊, 輪緣, 框；vt. 鑲邊, 為...裝邊；vi. 形成邊緣",5,CEEC-108
ring,n./v.,圈；圍住,1,CEEC-108
riot,n./v.,暴動,5,CEEC-108
rip,n./v.,"n. 裂痕, 破綻, 拉裂, 浪子, 巨浪；vi. 被拉開, 裂開, 猛衝；vt. 撕, 扯, 劈",5,CEEC-108
ripe,adj.,成熟的,3,CEEC-108
ripple,n./v.,"n. 漣波, 漣漪, 波紋, 粗鋼梳；vt. 使起漣漪；vi. 起微波, 起潺潺聲",6,CEEC-108
rise,n./v.,上升；站起來,1,CEEC-108
risk,n./v.,危險,3,CEEC-108
risky,adj.,a. 危險的,5,CEEC-108
ritual,adj./n.,(儀式的)活動,5,CEEC-108
rival,adj./n./v.,對手,5,CEEC-108
rivalry,n.,"n. 競爭, 對抗；[醫] 拮抗",6,CEEC-108
river,n.,河流,1,CEEC-108
roach,n.,蟑鄉；大麻煙卷的菸蒂,2,CEEC-108
road,n.,路,1,CEEC-108
roam,n./v.,"v. 漫遊, 閒逛, 徜徉；n. 漫步, 漫遊",6,CEEC-108
roar,n./v.,怒吼,3,CEEC-108
roast,adj./n./v.,吐司,3,CEEC-108
rob,v.,搶劫,3,CEEC-108
robber,n.,"n. 強盜, 盜賊",4,CEEC-108
robbery,n.,"n. 搶掠, 搶奪；[法] 強盜, 搶劫, 劫掠",3,CEEC-108
robe,n.,長袍,3,CEEC-108
robot,n.,機器人,1,CEEC-108
robust,adj.,"a. 健康的, 強健的, 要用力氣的, 堅定的, 粗野的；[計] 健壯性",6,CEEC-108
rock,n./v.,巖石,1,CEEC-108
rocket,n.,火箭,3,CEEC-108
rocky,adj.,"a. 巖石的, 多石的, 像巖石的, 無情的, 搖動的, 搖晃的",2,CEEC-108
rod,n.,"n. 竿, 笞鞭, 小枝；[化] 棒",5,CEEC-108
role,n.,角色,2,CEEC-108
roll,n./v.,滾動,1,CEEC-108
romance,n.,羅曼蒂克,4,CEEC-108
romantic,adj./n.,羅曼蒂克的,3,CEEC-108
roof,n./v.,屋頂,2,CEEC-108
room,n./v.,房問,1,CEEC-108
rooster,n.,公雞,2,CEEC-108
root,n.,根,1,CEEC-108
rope,n.,繩子,1,CEEC-108
rose,n.,玫瑰,1,CEEC-108
rot,n./v.,腐敗；腐朽,3,CEEC-108
rotate,v.,"a. 輻狀的；vt. 使旋轉, 使轉動, 使輪流；vi. 旋轉, 循環；[計] 旋轉",6,CEEC-108
rotation,n.,旋轉,6,CEEC-108
rotten,adj.,腐敗的,3,CEEC-108
rough,adj./adv./n.,不平的；粗魯的,3,CEEC-108
roughly,adv.,大體上,3,CEEC-108
round,adj./adv./n./prep./v.,圓的,1,CEEC-108
route,n./v.,路線,4,CEEC-108
routine,adj./n.,慣常的,3,CEEC-108
row,n./v.,爭吵,1,CEEC-108
royal,adj.,王室的,2,CEEC-108
royalty,n.,皇室成員,6,CEEC-108
rub,n./v.,摩擦,2,CEEC-108
rubber,n.,橡膠,2,CEEC-108
rubbish,n.,"n. 廢物, 垃圾, 胡說",6,CEEC-108
rude,adj.,不禮貌的,2,CEEC-108
rug,n.,小地毯,3,CEEC-108
rugged,adj.,adj崎嶇的,6,CEEC-108
ruin,n./v.,毀滅,4,CEEC-108
rule,n./v.,規則,1,CEEC-108
ruler,n.,統治者,1,CEEC-108
rumor,n./v.,謠言,3,CEEC-108
run,v.,跑,1,CEEC-108
runner,n.,奔跑的人,2,CEEC-108
rural,adj.,"a. 鄉下的, 田園的, 鄉村風味的；[法] 農村的, 鄉村的, 有關農業的",4,CEEC-108
rush,n./v.,衝；急速前進,3,CEEC-108
rust,n./v.,銹；生銹,3,CEEC-108
rusty,adj.,的鐵釘,4,CEEC-108
ruthless,adj.,"a. 無情的, 殘忍的, 毫不留情的, 徹底的；[法] 無情的, 殘忍的",6,CEEC-108
sack,n.,大袋子,3,CEEC-108
sacred,adj.,"a. 神聖的, 獻給上帝的, 莊嚴的, 祭祀的；[法] 神聖的, 不可侵犯的",5,CEEC-108
sacrifice,n./v.,"n. 犧牲, 供奉, 祭品；vt. 犧牲, 祭祀, 賤賣；vi. 獻祭",4,CEEC-108
sad,adj.,難過,1,CEEC-108
saddle,n./v.,馬鞍,5,CEEC-108
safe,adj./n.,安全的,1,CEEC-108
safety,n.,安全性,2,CEEC-108
sail,n./v.,船；坐船旅行,2,CEEC-108
sailor,n.,水手,2,CEEC-108
saint,n./v.,"n. 聖徒, 聖人；a. 神聖的；[計] 自動積分程式符號",5,CEEC-108
sake,n.,為二好處著想,3,CEEC-108
salad,n.,沙拉,1,CEEC-108
salary,n.,薪水,3,CEEC-108
sale,n.,出售；拍賣,1,CEEC-108
salesman,n.,銷售員,2,CEEC-108
salesperson,n.,n. 售貨員,2,CEEC-108
saleswoman,n.,"n. 女售貨員, 女店員",2,CEEC-108
salmon,adj./n.,"n. 鮭魚, 大麻哈魚；[醫] 鮭",5,CEEC-108
salon,n.,"n. 大會客室, 大廳, 客廳, 交誼室, 沙龍, 美術展覽館, 畫廊, 美容院, 髮廊",5,CEEC-108
salt,adj./n./v.,鹽,1,CEEC-108
salty,adj.,"a. 有鹽分的, 鹹味濃的, 海洋的, 辛辣的, 有經驗的",2,CEEC-108
salute,n./v.,行舉手禮,6,CEEC-108
salvage,v.,搶救,6,CEEC-108
same,adj./adv./pron.,同樣的,1,CEEC-108
sample,n./v.,樣品,2,CEEC-108
sand,n./v.,沙,2,CEEC-108
sandal,n.,涼鞋,5,CEEC-108
sandwich,n./v.,三明治,2,CEEC-108
sanitation,n.,衛生設備,6,CEEC-108
satellite,n.,衛星,4,CEEC-108
satisfaction,n.,滿意,4,CEEC-108
satisfactory,adj.,滿意的,3,CEEC-108
satisfy,v.,滿意,2,CEEC-108
sauce,n.,醬料,3,CEEC-108
saucer,n.,"n. 茶碟, 茶託；[醫] 碟",3,CEEC-108
sausage,n.,香腸,3,CEEC-108
savage,adj./n./v.,兇猛的,6,CEEC-108
save,v.,拯救,1,CEEC-108
saving,n.,"n. 存款, 挽救, 節約；a. 搭救的, 節約的, 保留的, 補償的；prep. 除...之外",3,CEEC-108
saw,n./v.,鋸,2,CEEC-108
say,v.,說,1,CEEC-108
scale,n.,"n. 刻度, 衡量, 比例, 比例尺, 數值範圍, 等級, 規模, 天平, 秤, 鱗, 積垢；vt. 依比例決定, 攀登, 測量, 繪製, 刮鱗, 使生垢, 過秤；vi. 剝落, 生水垢, 重量為, 攀登, 衡量；[計] 刻度",3,CEEC-108
scan,n./v.,細看；掃描,5,CEEC-108
scandal,n.,醜聞,5,CEEC-108
scar,n./v.,"n. 疤痕, 傷痕, 懸崖；vi. 結疤, 癒合, 痊癒；vt. 使有傷痕",5,CEEC-108
scarce,adj.,"a. 難得的, 稀罕的, 缺乏的",3,CEEC-108
scarcely,adv.,"adv. 簡直不, 一定不, 僅僅",4,CEEC-108
scare,n./v.,恐嚇,2,CEEC-108
scared,adj.,害怕的,2,CEEC-108
scarf,n.,領巾,3,CEEC-108
scary,adj.,可怕的,3,CEEC-108
scatter,n./v.,散開,3,CEEC-108
scenario,n.,"n. 劇本提綱, 情節, 劇本, 方案, 事態；[計] 方案",5,CEEC-108
scene,n.,場景,2,CEEC-108
scenery,n.,風景,4,CEEC-108
scenic,adj.,"a. 風景好的, 戲劇性的, 舞臺的, 布景的；n. 風光影片, 風景照片",6,CEEC-108
scent,n./v.,"n. 氣味, 香味, 香水, 蹤跡, 痕跡, 線索, 嗅覺；vt. 聞出, 嗅, 發覺, 使充滿氣味；vi. 嗅獵, 發出氣味",5,CEEC-108
schedule,n./v.,時間表,2,CEEC-108
scheme,n./v.,"n. 方案, 計劃, 組合, 系統, 圖解, 詭計, 陰謀；v. 計劃, 設計, 圖謀, 策劃",5,CEEC-108
scholar,n.,學者,3,CEEC-108
scholarship,n.,"n. 學問, 學術成就, 獎學金",3,CEEC-108
school,n./v.,學校,1,CEEC-108
science,n.,科學,1,CEEC-108
scientific,adj.,科學的,3,CEEC-108
scientist,n.,科學家,3,CEEC-108
scissors,n.,pl. 剪刀；[醫] 剪,3,CEEC-108
scold,n./v.,責備,4,CEEC-108
scoop,n./v.,"n. 鏟子, 勺子, 穴, 口, 獨家新聞；vt. 汲取, 舀取, 挖空, 搶先報導",4,CEEC-108
scooter,n.,"n. 小型摩託車, 踏板車；[機] 機車",2,CEEC-108
scope,n.,"n. 範圍, 機會, 廣度, 眼界, 觀察儀器, 飛彈射程；[計] 作用域",5,CEEC-108
score,n./v.,刻痕；作訊號,2,CEEC-108
scorn,n./v.,輕蔑；鄙視,6,CEEC-108
scout,n./v.,偵察機,3,CEEC-108
scramble,n./v.,"n. 攀緣, 爬行, 搶奪, 混亂, 緊急起飛；vi. 攀緣, 雜亂蔓延, 爭奪, 拼湊, 匆忙；vt. 攀登, 擾亂, 使混雜",5,CEEC-108
scrap,n./v.,碎片,5,CEEC-108
scrape,n./v.,把…括除,6,CEEC-108
scratch,n./v.,抓(傷),4,CEEC-108
scream,n./v.,尖叫聲；尖叫,3,CEEC-108
screen,n.,屏幕,2,CEEC-108
screw,n./v.,"n. 螺旋, 螺杆, 螺釘, 螺旋槳, 吝嗇鬼；vt. 調節, 扭緊, 旋, 擰, 加強, 壓榨, 勒索；vi. 轉動, 旋, 擰",3,CEEC-108
screwdriver,n.,n. 螺絲起子；[機] 活動扳手,6,CEEC-108
script,n./v.,原稿,5,CEEC-108
scroll,n./v.,"n. 捲軸, 畫卷, 名冊, 條幅, 滾動；v. (使)成卷形；[計] 滾動",6,CEEC-108
scrub,n./v.,"n. 用力擦洗, 矮樹, 矮人, 渺小之物；vt. 用力擦洗, 擦掉, 摩擦；vi. 擦洗乾淨, 進行手臂消毒；a. 次等的, 矮小的, 非正規球隊的, 臨時湊合的",3,CEEC-108
scrutiny,n.,細查,6,CEEC-108
sculptor,n.,n. 雕刻家,6,CEEC-108
sculpture,n./v.,雕塑(品),4,CEEC-108
sea,n.,海洋,1,CEEC-108
seafood,n.,"n. 海味, 海鮮, 魚類",2,CEEC-108
seagull,n.,n. 鷗,6,CEEC-108
seal,n./v.,(1) n.海豹；印章,3,CEEC-108
search,n./v.,搜尋,2,CEEC-108
season,n.,季節,1,CEEC-108
seat,n./v.,座位；坐下,1,CEEC-108
second,adj./adv./n.,第 v.的；秒,1,CEEC-108
secondary,adj.,次要的,2,CEEC-108
secret,adj./n.,秘密的,2,CEEC-108
secretary,n.,秘書,1,CEEC-108
section,n.,地域,2,CEEC-108
sector,n.,"n. 扇形, 部門, 部分, 函數尺, 象限儀, 段, 區段；vt. 把...分成扇形；[計] 扇面; 扇區; 段; 區段",5,CEEC-108
secure,adj./v.,安全的,4,CEEC-108
security,n.,安全,3,CEEC-108
seduce,v.,慫恿；引誘,6,CEEC-108
see,v.,"vt. 看見, 查看, 參觀, 遊覽, 理解, 知道, 同意；vi. 看, 觀看, 注意, 知道, 考慮；n. 主教的職位",1,CEEC-108
seed,n.,"n. 種子, 籽, 萌芽, 子孫, 精液；vt. 在...播種, 催...發育, 脫...籽；vi. 結實, 播種",1,CEEC-108
seek,v.,尋覓,2,CEEC-108
seem,v.,似乎,2,CEEC-108
seesaw,n.,"n. 蹺蹺板, 蹺蹺板遊戲, 起伏交替的動作；a. 上下或前後搖動的, 交互的；vi. 玩蹺蹺板, 上下或來回搖動；vt. 使上下或來回搖動",2,CEEC-108
segment,n./v.,"n. 片段, 部分, 分節, 段；v. 分割, 分裂；[計] 段",5,CEEC-108
seize,v.,扣押,4,CEEC-108
seldom,adv.,很少；不常,2,CEEC-108
select,adj./v.,挑選,2,CEEC-108
selection,n.,選擇,2,CEEC-108
selective,adj.,"a. 選擇的, 選擇性的；[經] 選擇的, 選擇性的",6,CEEC-108
self,n.,本身,2,CEEC-108
selfish,adj.,自私的,2,CEEC-108
sell,v.,賣,1,CEEC-108
semester,n.,一學期,3,CEEC-108
seminar,n.,研討會,5,CEEC-108
senator,n.,"n. 參議員, (某些大學的)理事；[法] 參議員, 上議員",5,CEEC-108
send,v.,送,1,CEEC-108
senior,adj./n.,"n. 年長者, 資深者, 畢業班學生；a. 年長的, 高級的, 資深的",3,CEEC-108
sensation,n.,感覺,5,CEEC-108
sense,n./v.,感官；覺得,2,CEEC-108
sensible,adj.,明智的,3,CEEC-108
sensitive,adj.,敏感的,2,CEEC-108
sensitivity,n.,"n. 敏感, 靈敏度；[計] 靈敏度",5,CEEC-108
sensor,n.,n. 傳感器；[計] 檢測器,5,CEEC-108
sentence,n./v.,判決,1,CEEC-108
sentiment,n.,"n. 感情, 感傷, 情操, 情緒, 感想, 意見；[醫] 情感, 情操",5,CEEC-108
sentimental,adj.,感情上的,5,CEEC-108
separate,adj./v.,分開的,2,CEEC-108
separation,n.,分開,3,CEEC-108
sequence,n./v.,"n. 序列, 續發事件, 順序, 連續；vt. 按順序排好；[計] 順序",5,CEEC-108
serene,adj.,"a. 寧靜的, 沉著的, 安詳的, 晴朗的；n. 晴朗, 平靜",6,CEEC-108
sergeant,n.,"n. 警察小隊長, 軍士",6,CEEC-108
serial,adj.,"n. 分期連載作品, 連載小說；a. 連續的, 一連串的, 連載的, 分期償還的；[計] 連續的; 串行的",6,CEEC-108
series,n.,"n. 串聯, 序列, 連續, 系列, 叢書, 套, 級數, 組；[計] 系列",5,CEEC-108
serious,adj.,嚴肅的,1,CEEC-108
sermon,n.,說教；佈道,6,CEEC-108
servant,n.,僕人,2,CEEC-108
serve,v.,侍候,2,CEEC-108
server,n.,"n. 服伺者, 上菜用具, 發球員；n. 伺服器；[計] 伺服器, 伺服器啟動程式, 服務臺程式",5,CEEC-108
service,n.,服侍,1,CEEC-108
serving,n.,"n. 服務, 招待, 上菜, 一份食物",6,CEEC-108
session,n.,"n. 期間, 開庭期, 會議, 學期；[計] 會話, 對話, 會晤, 通用任務程式",5,CEEC-108
set,n./v.,放置,1,CEEC-108
setback,n.,"n. 挫折, 退步, 逆流",6,CEEC-108
setting,n.,"n. 環境, 背景, 布景, 鑲嵌, 調整, 沉落, 一副餐具；[計] 設置",5,CEEC-108
settle,v.,"n. 有背長椅；vt. 決定, 整理, 安放, 使定居, 使平靜, 支付, 安排, 解決, 結算；vi. 停留, 下陷, 沉澱, 澄清, 安下心來, 結清, 定居, 安家",2,CEEC-108
settlement,n.,"n. 安頓, 解決, 處理, 結算, 殖民, 殖民地, 沉降；[醫] 居住區; 沉渣",2,CEEC-108
settler,n.,移民,4,CEEC-108
several,adj./pron.,幾個的；幾個,1,CEEC-108
severe,adj.,嚴格的,4,CEEC-108
sew,v.,縫,4,CEEC-108
sex,n.,性(別),2,CEEC-108
sexual,adj.,5adj.男女之問的,3,CEEC-108
sexy,adj.,"a. 有性感的, 色情的",3,CEEC-108
shabby,adj.,"a. 衣衫襤褸的, 低劣的, 破舊的, 吝嗇的, 卑鄙的",6,CEEC-108
shade,n./v.,陰蔭,4,CEEC-108
shadow,n./v.,陰影,3,CEEC-108
shady,adj.,遮蔭的,4,CEEC-108
shake,n./v.,搖動,1,CEEC-108
shall,aux.,aux. 將,1,CEEC-108
shallow,adj.,淺的,3,CEEC-108
shame,n./v.,恥辱,2,CEEC-108
shameful,adj.,可恥的,4,CEEC-108
shampoo,n./v.,洗髮(精),3,CEEC-108
shape,n.,形狀；做成,1,CEEC-108
share,n./v.,分擔；分配,1,CEEC-108
shareholder,n.,"n. 股東；[法] 股東, 股票持有人",5,CEEC-108
shark,n.,"n. 鯊魚, 騙子；v. 詐騙",2,CEEC-108
sharp,adj./adv.,尖銳的,1,CEEC-108
sharpen,v.,"vt. 使尖銳, 使敏捷, 加重, 削尖；vi. 尖銳化, 變鋒利",6,CEEC-108
shatter,v.,"n. 碎片, 粉碎, 落葉, 噴灑；vt. 打碎, 使散開, 粉碎, 破壞；vi. 粉碎, 損壞, 脫落",5,CEEC-108
shave,n./v.,刮鬍子；剃,4,CEEC-108
shaver,n.,"n. 修面的人, 電動剃刀, 刨刀, 殺價買進期票的人, 善於討價還價的人",6,CEEC-108
she,pron.,pron. 她,1,CEEC-108
shed,n./v.,使流出,5,CEEC-108
sheep,n.,羊,1,CEEC-108
sheer,adj./adv.,純粹的,5,CEEC-108
sheet,n.,"n. 床單, 張, 紙張, 印刷品, 裹屍布, 薄片；vt. 蓋上被單, 遍布；vi. 大片落下；a. 片狀的, 成薄片的；[計] 工作表",2,CEEC-108
shelf,n.,架子,2,CEEC-108
shell,n.,外觀；外表,2,CEEC-108
shelter,n./v.,避難所,4,CEEC-108
shepherd,n.,牧羊人；引導,3,CEEC-108
sheriff,n.,"n. 郡治安官, 縣治安官；[法] 司法行政官, 郡長, 執行吏",5,CEEC-108
shield,n./v.,"n. 盾, 防衛物, 保護者, 屏蔽；vt. 保護, 遮蔽, 屏蔽, 庇護, 擋開, 避開；vi. 起保護作用",5,CEEC-108
shift,n./v.,變換,4,CEEC-108
shine,n./v.,光亮,2,CEEC-108
shiny,adj.,閃爍的,3,CEEC-108
ship,n./v.,船,1,CEEC-108
shirt,n.,襯衫,1,CEEC-108
shiver,n./v.,顫抖,5,CEEC-108
shock,n./v.,震驚,2,CEEC-108
shoe,n.,鞋,1,CEEC-108
shoot,n./v.,發射,2,CEEC-108
shop,n./v.,(1) n商店,1,CEEC-108
shopkeeper,n.,"n. 零售商, 店主, 老闆",2,CEEC-108
shore,n.,岸；濱,2,CEEC-108
short,adj.,短的,1,CEEC-108
shortage,n.,短缺,5,CEEC-108
shortcoming,n.,缺點,6,CEEC-108
shorten,v.,使縮短,3,CEEC-108
shortly,adv.,"adv. 不久, 簡短, 唐突地",3,CEEC-108
shorts,n.,[pl.]短褲,1,CEEC-108
shortsighted,adj.,近視的,6,CEEC-108
shot,n.,射擊,2,CEEC-108
shoulder,n.,肩膀；肩負,1,CEEC-108
shout,n./v.,喊叫(聲),1,CEEC-108
shove,n./v.,"n. 推, 擠；vt. 推擠, 猛推, 強使；vi. 推",5,CEEC-108
shovel,n./v.,"n. 鏟, 鐵鏟；v. 鏟",3,CEEC-108
show,n./v.,表演；展現,1,CEEC-108
shower,n./v.,陣雨,1,CEEC-108
shred,n./v.,"n. 碎布條, 細片, 少量；v. 撕碎",6,CEEC-108
shriek,n./v.,"n. 尖銳的響聲；vi. 尖叫, 發尖聲；vt. 尖聲發出",6,CEEC-108
shrimp,n.,小蝦；矮子,3,CEEC-108
shrink,v.,縮小,3,CEEC-108
shrub,n.,"n. 矮樹, 灌木, 果汁甜酒",6,CEEC-108
shrug,n./v.,n. 聳肩；v. 聳肩,5,CEEC-108
shuffle,v.,"n. 拖著腳走, 曳步, 混亂, 矇混, 洗紙牌；v. 拖曳, 馬虎地做, 笨手笨腳地穿(脫)衣, 推諉, 洗牌；[計] 混洗",6,CEEC-108
shut,adj./v.,關上,2,CEEC-108
shutter,n./v.,"n. 百葉窗, 關閉物, 照相機快門, 關閉者；vt. 為...裝百葉窗, 以百葉窗遮閉",6,CEEC-108
shuttle,n./v.,"n. 穿梭, 梭子, 往返移動之物；v. (使)穿梭移動, 往返運送",5,CEEC-108
shy,adj.,羞怯的,2,CEEC-108
sibling,n.,手足,5,CEEC-108
sick,adj.,有病的,1,CEEC-108
side,n.,"n. 旁邊, 側, 方面, 脅, 側邊, 血統；a. 旁的, 側的, 次要的；vt. 同意, 支持；vi. 支持, 贊助",1,CEEC-108
sidewalk,n.,人行道,2,CEEC-108
siege,n.,"n. 包圍, 圍攻, 再三的努力；vt. 包圍, 圍攻",5,CEEC-108
sigh,n./v.,嘆息,3,CEEC-108
sight,n./v.,視力；看見,1,CEEC-108
sightseeing,n.,觀光,4,CEEC-108
sign,n./v.,記號；簽字,1,CEEC-108
signal,n./v.,信號,3,CEEC-108
signature,adj./n.,簽字,4,CEEC-108
significance,n.,重要性,4,CEEC-108
significant,adj.,重要的,3,CEEC-108
silence,n./v.,寂靜,2,CEEC-108
silent,adj.,寂靜的,2,CEEC-108
silk,n.,絲,3,CEEC-108
silly,adj.,愚蠢的,2,CEEC-108
silver,adj./n.,銀製的；銀,2,CEEC-108
similar,adj.,相似的,2,CEEC-108
similarity,n.,相似之處,3,CEEC-108
simple,adj.,簡單的,1,CEEC-108
simplicity,n.,樸素,6,CEEC-108
simplify,v.,使單純,6,CEEC-108
simply,adv.,"adv. 簡單地, 只是, 簡直, 簡樸地, 坦白地",2,CEEC-108
simultaneous,adj.,"a. 同時的, 同時發生的；[計] 同時的",6,CEEC-108
sin,n./v.,罪惡,3,CEEC-108
since,adv./conj./prep.,從…以來,1,CEEC-108
sincere,adj.,真心誠意的,3,CEEC-108
sincerity,n.,真誠,4,CEEC-108
sing,v.,歌唱,1,CEEC-108
singer,n.,歌手,1,CEEC-108
single,adj./n./v.,單一的,2,CEEC-108
singular,adj./n.,單數的,4,CEEC-108
sink,n./v.,(2) v.下沉,3,CEEC-108
sip,n./v.,"n. 啜飲, 小口喝, 抿；vi. 啜飲；vt. 啜；[計] 單列直插式組件",3,CEEC-108
sir,n.,先生,1,CEEC-108
sister,n.,姊妹,1,CEEC-108
sit,v.,坐,1,CEEC-108
site,n./v.,場所,4,CEEC-108
situation,n.,形勢,3,CEEC-108
size,n./v.,尺寸,1,CEEC-108
skate,n./v.,冰鞋；溜冰,3,CEEC-108
skeleton,n.,骨骸,5,CEEC-108
skeptical,adj.,"a. 懷疑論的, 懷疑的, 不可知論的；[法] 懷疑的, 不信的, 懷疑論者的",6,CEEC-108
sketch,n./v.,素描,4,CEEC-108
ski,n./v.,n. 滑雪橇；vi. 滑雪,3,CEEC-108
skill,n.,技巧,2,CEEC-108
skilled,adj.,"a. 熟練的；[經] 熟練的, 有技能的",2,CEEC-108
skillful,adj.,熟練的,3,CEEC-108
skim,n./v.,"vt. 撇取浮沫, 略讀, 掠過；vi. 擦過, 瀏覽；n. 脫脂乳, 擦過, 表層物；a. 撇去浮沫的",6,CEEC-108
skin,n.,皮膚；剝…的皮,2,CEEC-108
skinny,adj.,消瘦的,3,CEEC-108
skip,n./v.,輕跳；略過,3,CEEC-108
skirt,n.,裙子,1,CEEC-108
skull,n.,"n. 頭蓋骨, 頭腦, 好學生；[醫] 頭顱",5,CEEC-108
sky,n.,天空,1,CEEC-108
skyscraper,n.,"n. 摩天樓, 三角形天帆",4,CEEC-108
slam,n./v.,使勁關閉,5,CEEC-108
slang,n./v.,"n. 俚語；v. 辱罵, 用俚語說",6,CEEC-108
slap,adv./n./v.,一巴掌,5,CEEC-108
slash,n./v.,亂砍,6,CEEC-108
slaughter,n./v.,"n. 殘殺, 屠殺, 殺戮；vt. 殘殺, 屠殺, 虧本出售",6,CEEC-108
slave,n./v.,奴隸,3,CEEC-108
slavery,n.,"n. 奴隸的身分, 奴隸狀態, 奴隸制度；[法] 奴隸制度, 奴役, 苦役",5,CEEC-108
slay,v.,"v. 殺害, 殘殺",6,CEEC-108
sleep,n./v.,睡眠,1,CEEC-108
sleepy,adj.,想睡的,2,CEEC-108
sleeve,n.,衣服袖子,3,CEEC-108
slender,adj.,修長的；苗條的,3,CEEC-108
slice,n./v.,片,3,CEEC-108
slide,n./v.,打滑,2,CEEC-108
slight,adj./n./v.,輕微的,4,CEEC-108
slim,adj.,苗條的,1,CEEC-108
slip,n./v.,滑倒,2,CEEC-108
slipper,n.,拖鞋,2,CEEC-108
slippery,adj.,滑溜的,3,CEEC-108
slogan,n.,口號,4,CEEC-108
slope,n.,斜坡,3,CEEC-108
sloppy,adj.,馬虎的,6,CEEC-108
slot,n./v.,"n. 水溝, 細長孔, 硬幣投幣口, 縫, 狹槽, 狹通道, 位置, 一檔(廣播節目等)；vt. 開槽於, 把...納入機構；[計] 槽; 存儲槽",5,CEEC-108
slow,adj./adv./v.,緩慢的,1,CEEC-108
slum,n./v.,貧民窟,6,CEEC-108
slump,n./v.,"n. 暴跌, 垂頭彎腰的姿態；vi. 猛然掉落, 陷入, 衰落(經濟等)",6,CEEC-108
sly,adj.,"a. 狡猾的, 詭密的, 俏皮的, 偷偷摸摸的",6,CEEC-108
small,adj./adv./n.,小的,1,CEEC-108
smart,adj.,聰明的,1,CEEC-108
smash,n./v.,"n. 打碎, 粉碎, 打碎時譁啦聲, 猛擊, 扣球, 殺球, 經營失敗, 破產, 硬幣, 假硬幣；a. 非常轟動的, 了不起的；vt. 打碎, 粉碎, 擊潰, 使破產, 使裂變, 使用假硬幣；vi. 碎裂, 猛撞, 破產, 扣球, 殺球；adv. 轟隆一聲, 譁啦一聲",5,CEEC-108
smell,n./v.,氣味；聞,1,CEEC-108
smile,n./v.,微笑,1,CEEC-108
smog,n.,煙霧,5,CEEC-108
smoke,n./v.,煙；抽菸,1,CEEC-108
smooth,adj./v.,光滑的,2,CEEC-108
smuggle,v.,走私,6,CEEC-108
snack,n./v.,點心,2,CEEC-108
snail,n.,牛,2,CEEC-108
snake,n./v.,蛇,1,CEEC-108
snap,n./v.,快照；突然折斷,3,CEEC-108
snatch,n./v.,搶,5,CEEC-108
sneak,n./v.,鬼鬼祟祟地走,5,CEEC-108
sneaker,n.,鬼鬼祟祟做事的人,6,CEEC-108
sneaky,adj.,"a. 鬼祟的, 卑微的",6,CEEC-108
sneeze,n./v.,打噴嚏,6,CEEC-108
sniff,n./v.,"n. 以鼻吸氣, 嗅, 氣息；vi. 嗅, 蔑視, 嗤之以鼻；vt. 聞, 用力吸, 發覺",5,CEEC-108
snore,n./v.,"n. 鼾聲, 打鼾；vi. 打鼾；vt. 打鼾度過",6,CEEC-108
snow,n./v.,雪,1,CEEC-108
snowy,adj.,多雪的,2,CEEC-108
so,adv./conj.,所以,1,CEEC-108
soak,n./v.,浸泡,5,CEEC-108
soap,n./v.,肥皂,2,CEEC-108
soar,v.,"n. 高揚, 翱翔；vi. 往上飛舞, 高聳, 翱翔",5,CEEC-108
sob,n./v.,啜泣,5,CEEC-108
sober,adj./v.,清醒的,5,CEEC-108
soccer,n.,足球,2,CEEC-108
sociable,adj.,"a. 好交際的, 社交的, 過社會生活的；n. 聯誼會",6,CEEC-108
social,adj.,社會的,2,CEEC-108
socialism,n.,社會主義,6,CEEC-108
socialist,n.,"n. 社會主義者, 社會黨黨員；[法] 社會主義的",6,CEEC-108
socialize,v.,"vt. 使社會化, 使社會主義化, 使適合社會需要；vi. (美)(非正式)參加社交活動, 發生社交往來",6,CEEC-108
society,n.,社會,2,CEEC-108
sociology,n.,社會學,6,CEEC-108
sock,n.,"n. 短襪, 鞋墊, 一擊；vt. 重擊, 猛投, 給...穿襪；vi. 打擊；adv. 正著地, 不偏不倚地；a. 非常成功的",2,CEEC-108
socket,n.,"n. 窩, 穴, 插座, 眼窩；vt. 插進插座；[計] 套接字",4,CEEC-108
soda,n.,蘇打水,2,CEEC-108
sofa,n.,沙發,1,CEEC-108
soft,adj.,"a. 軟的, 溫和的, 柔和的, 柔滑的, 溫柔的, 軟弱的, 坡度小的, 笨的, 紙幣的；n. 柔軟的東西, 笨人, 紙幣；adv. 柔軟地, 溫和地",2,CEEC-108
soften,v.,"v. (使)變柔軟, (使)變柔和",5,CEEC-108
software,n.,n. 軟體；[計] 軟設備,4,CEEC-108
soil,n.,土壤；弄髒,2,CEEC-108
solar,adj.,太陽的,4,CEEC-108
soldier,n.,軍人,1,CEEC-108
sole,adj./n./v.,腳底(板)；鞋底,5,CEEC-108
solemn,adj.,"a. 嚴肅的, 鄭重的, 莊嚴的",6,CEEC-108
solid,adj.,堅固的,3,CEEC-108
solidarity,n.,團結,6,CEEC-108
solitary,adj./n.,獨居的,6,CEEC-108
solitude,n.,孤獨,6,CEEC-108
solo,adj./adv./n.,獨唱；單獨的,5,CEEC-108
solution,n.,"n. 解決, 解答, 溶液；[化] 溶液",2,CEEC-108
solve,v.,解答,2,CEEC-108
some,adj./pron.,一些,1,CEEC-108
somebody,n./pron.,有人,1,CEEC-108
someday,adv.,有朝一日,3,CEEC-108
somehow,adv.,不知怎麼地,3,CEEC-108
someone,n./pron.,某人,1,CEEC-108
something,n./pron.,某物,1,CEEC-108
sometime,adv.,在將來某個時候,3,CEEC-108
sometimes,adv.,有時,1,CEEC-108
somewhat,adv.,有點,2,CEEC-108
somewhere,adv.,某處,1,CEEC-108
son,n.,兒子,1,CEEC-108
song,n.,歌曲,1,CEEC-108
soon,adv.,很快,1,CEEC-108
soothe,v.,"vt. 緩和, 使安靜, 安慰, 奉承；vi. 起安慰作用",6,CEEC-108
sophisticated,adj.,"a. 複雜的, 久經世故的；[法] 尖端的, 高級的, 非常有經驗的",5,CEEC-108
sophomore,n.,"n. (大學)二年級生；a. 二年級學生的, 二年級的",5,CEEC-108
sore,adj./n.,疼痛的,1,CEEC-108
sorrow,n.,悲傷,3,CEEC-108
sorrowful,adj.,a. 悲傷的,6,CEEC-108
sorry,adj.,感到抱歉的；感到遺憾的,1,CEEC-108
sort,n./v.,種類；把·分類,2,CEEC-108
soul,n.,靈魂,2,CEEC-108
sound,n.,無恙的,1,CEEC-108
soup,n.,湯,1,CEEC-108
sour,adj./n./v.,酸的,2,CEEC-108
source,n.,來源,2,CEEC-108
south,adj./adv./n.,南方的,1,CEEC-108
southern,adj.,南方的,2,CEEC-108
souvenir,n.,紀念品,5,CEEC-108
sovereign,adj./n.,元首,6,CEEC-108
sovereignty,n.,主權,5,CEEC-108
sow,v.,播(種),5,CEEC-108
soybean,n.,n. 大豆；[化] 大豆,2,CEEC-108
space,n./v.,空間,1,CEEC-108
spacecraft,n.,n. 航天飛船,6,CEEC-108
spaceship,n.,n. 宇宙飛船,6,CEEC-108
spacious,adj.,"a. 廣大的, 寬廣的",5,CEEC-108
spade,n.,鏟,4,CEEC-108
spaghetti,n.,義大利麵條,3,CEEC-108
span,n./v.,"n. 指距, 全長, 跨距, 一段時間, 小範圍；vt. 以手指測量, 跨越, 架設, 持續",6,CEEC-108
spare,adj./n./v.,多餘的；撥出,4,CEEC-108
spark,n./v.,"n. 火花, 火星, 閃光, 無線電報務員, 瞬間放電, 活力, 朝氣, 花花公子, 情郎；vi. 閃光, 發火花, 求婚；vt. 發動, 鼓舞, 使有朝氣, 求婚",4,CEEC-108
sparkle,n./v.,閃耀,5,CEEC-108
sparrow,n.,麻雀,6,CEEC-108
speak,v.,說話,1,CEEC-108
speaker,n.,演講者,2,CEEC-108
spear,n./v.,"n. 矛, 槍, 持矛者, 嫩枝；vt. 用矛刺；vi. 刺, 戳；a. 父系的",4,CEEC-108
special,adj.,特別的,1,CEEC-108
specialist,n.,"n. 專門醫師, 專家；a. 專業的, 專家的",5,CEEC-108
specialize,v.,"vt. 使特殊化, 列舉, 特別指明, 限定...的範圍；vi. 成為專家, 專攻",5,CEEC-108
specialty,n.,"n. 專業, 專長, 特產, 特製品, 特性, 特點；a. 專門的, 獨立的",5,CEEC-108
species,n.,種類,4,CEEC-108
specific,adj.,明確的,3,CEEC-108
specify,v.,"vt. 詳列, 指定, 說明；[計] 指定",5,CEEC-108
specimen,n.,"n. 樣品, 標本, 試料；[化] 試樣",5,CEEC-108
spectacle,n.,"n. 引人羨慕的東西, 景象, 眼鏡, 場面, 公開展示",6,CEEC-108
spectacular,adj./n.,壯觀的,5,CEEC-108
spectator,n.,"n. 觀眾, 目擊者, 旁觀者",5,CEEC-108
spectrum,n.,"n. 光譜, 範圍, 系列；[化] 光譜",5,CEEC-108
speculate,v.,推測；投機,5,CEEC-108
speech,n.,演講,2,CEEC-108
speed,n./v.,n/v.速度；急行,2,CEEC-108
spell,v.,拼寫,1,CEEC-108
spelling,n.,拼寫能力,2,CEEC-108
spend,v.,花費,1,CEEC-108
sphere,n.,"n. 球, 球面, 球體, 天體, 地球儀, 範圍；vt. 包圍, 使成球體, 放入球內",5,CEEC-108
spice,n./v.,香料；加香料於,3,CEEC-108
spicy,adj.,"a. 香的, 多香料的, 辛辣的, 下流的",5,CEEC-108
spider,n.,蜘蛛,2,CEEC-108
spill,n./v.,溢出；濺出,3,CEEC-108
spin,n./v.,"n. 旋轉, 自旋, 疾馳, 情緒低落；vt. 紡織, 紡, 使旋轉, 編造；vi. 紡紗, 吐絲, 作繭, 結網, 旋轉, 自旋, 疾馳",3,CEEC-108
spinach,n.,菠菜,3,CEEC-108
spine,n.,"n. 背骨, 脊柱, 尖刺；[醫] 脊柱; 棘, 刺; 馬蹄嵴",5,CEEC-108
spiral,adj./n./v.,"n. 螺旋形之物, 螺線；a. 螺旋形的, 盤旋的；vi. 螺旋形下降, 螺旋形上升, 螺旋形行進；vt. 使螺旋形行進",6,CEEC-108
spirit,n.,精神；心靈,2,CEEC-108
spiritual,adj.,精神的；心靈的,4,CEEC-108
spit,n./v.,口水；吐,3,CEEC-108
spite,n.,惡意,3,CEEC-108
splash,n./v.,飛澱(聲),3,CEEC-108
splendid,adj.,輝煌的,4,CEEC-108
splendor,n.,"n. 光輝, 壯麗, 顯赫",6,CEEC-108
split,n./v.,裂縫；(使)裂開,4,CEEC-108
spoil,v.,破壞,3,CEEC-108
spokesman,n.,"n. 發言人, 代言者",6,CEEC-108
spokesperson,n.,"n. 發言人, 代言人",6,CEEC-108
spokeswoman,n.,"n. 女發言人, 女代言人",6,CEEC-108
sponge,n./v.,"n. 海綿, 海綿狀的東西；vt. 用海綿擦拭, 吸收掉, 抹掉；vi. 採集海綿, 海綿般吸收",5,CEEC-108
sponsor,n./v.,/n贊助(者),5,CEEC-108
sponsorship,n.,"n. 發起, 倡議, 主辦, 保證人的地位, 教父的地位, 教母的地位",5,CEEC-108
spontaneous,adj.,自發的,6,CEEC-108
spoon,n.,匙；用匙舀,2,CEEC-108
sport,n./v.,運動,2,CEEC-108
sportsman,n.,運動員,6,CEEC-108
sportsmanship,n.,n. 運動員精神,6,CEEC-108
sportswoman,n.,n. 女運動員,6,CEEC-108
spot,n./v.,"n. 汙點, 地點, 斑點, 點, 娛樂場所, 處境, 少量；a. 當場的, 現場的, 現貨買賣的, 現金交易的, 抽樣的；vt. 點綴, 玷汙, 認出, 準確定...的位, 用燈光照射；vi. 玷汙, (從空中)偵察敵方目標",2,CEEC-108
spotlight,n./v.,"n. 照明燈, 反光燈, 聚光燈",6,CEEC-108
spouse,n.,配偶,5,CEEC-108
spray,n./v.,噴；濺散,3,CEEC-108
spread,n./v.,擴展,2,CEEC-108
spring,n./v.,春天,1,CEEC-108
sprinkle,n./v.,"vt. 灑, 散置, 撒, 點綴；vi. 灑, 撒, 下小雨；n. 灑, 撒, 散置, 小雨, 少量",4,CEEC-108
spur,n./v.,馬刺；激勵,6,CEEC-108
spy,n./v.,間諜；秘密監視,3,CEEC-108
squad,n.,爭吵,5,CEEC-108
square,adj./n.,四方的,1,CEEC-108
squash,n./v.,"n. 擠壓, 壓碎的東西, 南瓜屬植物, 擁擠的人群；vt. 壓扁, 鎮壓, 壓制；vi. 被壓扁, 發濺潑聲, 擠入",5,CEEC-108
squat,adj./n./v.,"n. 蹲, 窩；a. 蹲著的, 矮胖的；vi. 蹲下, 蹲坐, 蹲伏；vt. 使蹲下, 擅自佔有",5,CEEC-108
squeeze,n./v.,壓；擠,3,CEEC-108
squirrel,n.,松鼠,3,CEEC-108
stab,n./v.,刺；戳,4,CEEC-108
stability,n.,穩定性,5,CEEC-108
stabilize,v.,"vt. 使安定, 使穩固；vi. 穩定, 安定",6,CEEC-108
stable,adj.,穩定的,3,CEEC-108
stack,n./v.,使成堆,5,CEEC-108
stadium,n.,(露天)運動場,3,CEEC-108
staff,n./v.,"n. 全體人員, 工作班子, 棍棒, 杆, 拐杖, 支柱, 權杖；a. 職員的, 僱員的, 參謀的；vt. 為...配備人員",3,CEEC-108
stage,n./v.,舞臺；上演,2,CEEC-108
stagger,n./v.,蹣跚,6,CEEC-108
stain,n./v.,"n. 汙染, 汙點, 著色劑；vt. 沾染, 染汙, 著色；vi. 變髒",5,CEEC-108
stair,n.,樓梯,1,CEEC-108
stake,n./v.,"n. 樁, 炮烙刑, 木柱, 賭注, 獎金；vt. 打樁, 用樁撐, 下賭注, 資助；vi. 打賭",5,CEEC-108
stale,adj.,不新鮮的,3,CEEC-108
stall,n./v.,攤位,5,CEEC-108
stamp,n./v.,郵票；跺腳,2,CEEC-108
stance,n.,"n. 準備擊球姿勢, 站立的姿勢, 位置, 姿態；[經] 地位, 形勢",5,CEEC-108
stand,n./v.,攤位；站,1,CEEC-108
standard,adj./n.,標準,2,CEEC-108
staple,n./v.,釘書針；主要的,6,CEEC-108
star,n./v.,星；明星,1,CEEC-108
stare,n./v.,瞪眼,3,CEEC-108
start,n./v.,開始,1,CEEC-108
startle,v.,使大吃一驚,5,CEEC-108
starvation,n.,"n. 飢餓, 餓死；[醫] 絕食, 飢鋨(指長時期的)",6,CEEC-108
starve,v.,(使)挨餓,3,CEEC-108
state,v.,狀態,2,CEEC-108
statement,n.,"n. 陳述, 指令, 聲明；[計] 程式語句; 語句",2,CEEC-108
statesman,n.,政治家,6,CEEC-108
station,n.,車站,1,CEEC-108
stationary,adj.,靜止的,6,CEEC-108
stationery,n.,文具,6,CEEC-108
statistic,n.,"n. 統計量；a. 統計的, 統計學的",4,CEEC-108
statistical,adj.,統計(學)的,5,CEEC-108
statue,n.,雕像,3,CEEC-108
stature,n.,高水平；身材,6,CEEC-108
status,n.,社會地位,4,CEEC-108
statute,n.,法令,6,CEEC-108
stay,n./v.,停留,1,CEEC-108
steady,adj./adv./n./v.,穩固的,3,CEEC-108
steak,n.,牛排,2,CEEC-108
steal,v.,偷,3,CEEC-108
steam,n./v.,蒸汽,3,CEEC-108
steel,n./v.,鋼鐵,2,CEEC-108
steep,adj.,陡峭的,3,CEEC-108
steer,n./v.,駕駛,5,CEEC-108
stem,n./v.,"n. 莖, 幹, 柄, 船首, 血統, 堵塞物；vt. 摘掉莖, 裝柄於, 阻止, 堵住, 逆行；vi. 堵住, 逆行",4,CEEC-108
step,n./v.,腳步；走,2,CEEC-108
stepchild,n.,妻與前夫(或夫與前妻)所生的孩子,6,CEEC-108
stepfather,n.,n. 繼父；[法] 繼父,6,CEEC-108
stepmother,n.,n. 繼母,6,CEEC-108
stereo,n.,立體聲；立體音響器材,4,CEEC-108
stereotype,n./v.,老套,5,CEEC-108
stew,n./v.,"n. 燉, 煩惱, 熱浴, 妓院, 魚塘；vi. 燉, 燜, 憂慮；vt. 燉, 燜, 使焦慮",5,CEEC-108
stick,n./v.,刺入,2,CEEC-108
sticky,adj.,黏的,3,CEEC-108
stiff,adj.,硬的,3,CEEC-108
still,adj./adv.,靜止的；仍然,1,CEEC-108
stimulate,v.,"vt. 刺激, 激勵, 鼓舞；vi. 起刺激作用",5,CEEC-108
stimulation,n.,刺激,6,CEEC-108
stimulus,n.,刺激(物),5,CEEC-108
sting,n./v.,刺傷(處)；刺,3,CEEC-108
stingy,adj.,小氣的,4,CEEC-108
stink,n./v.,"n. 臭味, 臭氣；vi. 發臭味, 名聲臭；vt. 用臭味趕",5,CEEC-108
stir,n./v.,攪動,3,CEEC-108
stitch,n./v.,"n. 一針, 疼痛, 針法, 碎布條, 針腳；v. 縫, 縫合, 裝訂",3,CEEC-108
stock,n.,"n. 樹幹, 祖先, 血統, 原料, 備料, 庫存, 牲畜, 股票, 股份, 保留劇目；a. 存貨的, 常備的, 平凡的, 普通的, 股票的, 保留劇目的, 繁殖用的；vt. 裝把手於, 進貨, 備有, 放牧；vi. 出新芽, 備貨, 囤積",5,CEEC-108
stocking,n.,n. 長襪；[醫] 馬足水腫; 長襪,4,CEEC-108
stomach,n.,胃,3,CEEC-108
stomachache,n.,"n. 胃痛, 肚子痛",2,CEEC-108
stone,n./v.,石頭,2,CEEC-108
stool,n.,凳子,3,CEEC-108
stop,n./v.,車站；停止,1,CEEC-108
storage,n.,儲存,5,CEEC-108
store,n./v.,店鋪；儲存,1,CEEC-108
storm,n./v.,暴風雨；猛烈攻擊,2,CEEC-108
stormy,adj.,有暴風雨的,3,CEEC-108
story,n.,故事,1,CEEC-108
stove,n.,火爐,3,CEEC-108
straight,adj./adv./n.,筆直的,1,CEEC-108
straighten,v.,清理,5,CEEC-108
straightforward,adj.,"a. 筆直的, 率直的, 明確的, 簡單的, 直接的",5,CEEC-108
strain,n./v.,扭傷,5,CEEC-108
strait,n.,"n. 海峽, 困境；a. 困難的, 窘迫的, 狹窄的",6,CEEC-108
strand,n./v.,"n. (繩索的)股, 繩, 串, 海濱, 河岸；vi. 擱淺；vt. 使擱淺, 使落後, 使陷於困境, 弄斷, 搓",5,CEEC-108
strange,adj.,奇怪的,1,CEEC-108
stranger,n.,陌生人,2,CEEC-108
strangle,v.,"vt. 勒死, 扼死, 壓制, 使窒息, 抑制；vi. 被扼死, 被絞死, 窒息而死",6,CEEC-108
strap,n./v.,"n. 帶, 皮帶；vt. (用皮帶)綑紮",5,CEEC-108
strategic,adj.,戰略(性)的,5,CEEC-108
strategy,n.,策略,3,CEEC-108
straw,n.,稻草；麥桿,3,CEEC-108
strawberry,n.,草莓,2,CEEC-108
stray,adj./n./v.,"n. 走失的家畜, 浪子；a. 迷途的, 偶然的；vi. 迷路, 彷徨, 流浪",6,CEEC-108
stream,n./v.,小河,2,CEEC-108
street,n.,街道,1,CEEC-108
strength,n.,力氣,3,CEEC-108
strengthen,v.,加強,4,CEEC-108
stress,n./v.,壓力,2,CEEC-108
stretch,n./v.,伸展,2,CEEC-108
strict,adj.,嚴格的,2,CEEC-108
stride,n./v.,邁大步走,6,CEEC-108
strike,n./v.,罷工；猛然攻擊,2,CEEC-108
striking,adj.,"a. 醒目的, 驚人的, 打擊的, 罷工的；[法] 罷工的, 罷市的, 罷課的",5,CEEC-108
string,n.,細繩,1,CEEC-108
strip,n./v.,"n. 長條, 條狀, 帶, 脫衣舞；vt. 脫衣, 被剝去, 剝奪, 拆卸；vi. 脫衣服",3,CEEC-108
stripe,n.,"n. 斑紋, 條紋；[醫] 紋, 條紋",4,CEEC-108
strive,v.,奮鬥,4,CEEC-108
stroke,n./v.,一擊,4,CEEC-108
stroll,n./v.,"n. 閒逛, 漫步；v. 閒逛, 漫步",6,CEEC-108
strong,adj.,強壯的,1,CEEC-108
structural,adj.,結構上的,5,CEEC-108
structure,n.,結構,3,CEEC-108
struggle,n./v.,掙扎；努力,2,CEEC-108
stubborn,adj.,固執的,3,CEEC-108
student,n.,學生,1,CEEC-108
studio,n.,工作室,3,CEEC-108
study,n./v.,學業,1,CEEC-108
stuff,n./v.,材料,3,CEEC-108
stumble,n./v.,"n. 絆倒, 蹣跚而行, 失足；vt. 使絆倒, 使困惑；vi. 絆倒, 失足, 失策, 犯錯, 蹣跚, 躊躇",5,CEEC-108
stun,v.,"vt. 使昏迷, 使震驚, 打昏；n. 昏迷, 猛擊",6,CEEC-108
stupid,adj.,愚蠢的,1,CEEC-108
sturdy,adj.,強健的,5,CEEC-108
stutter,n./v.,"n. 口吃, 結結巴巴；v. 結結巴巴地說",6,CEEC-108
style,n./v.,風格,2,CEEC-108
stylish,adj.,"a. 現代風格的, 流行的, 瀟灑的",6,CEEC-108
subject,n.,主題,1,CEEC-108
subjective,adj./n.,主觀的,6,CEEC-108
submarine,adj./n.,潛水艇,4,CEEC-108
submit,v.,提交,5,CEEC-108
subordinate,adj./n./v.,"n. 屬下, 附屬物；a. 下級的, 次要的, 附屬的；vt. 使居下位, 使服從",6,CEEC-108
subscribe,v.,訂購,6,CEEC-108
subscription,n.,"n. 捐獻, 訂金, 訂閱, 籤署, 同意；[化] 訂購",6,CEEC-108
subsequent,adj.,"a. 後來的, 接下去的；[經] 後來的",5,CEEC-108
subsidize,v.,"vt. 補助, 資助, 賄賂；[經] 資助, 津貼, 給...補助金",6,CEEC-108
subsidy,n.,補貼,5,CEEC-108
substance,n.,物質,3,CEEC-108
substantial,adj.,"n. 重要材料(或事物), 有實際價值的東西；a. 實質上的, 物質的, 有內容的, 結實的",5,CEEC-108
substitute,n./v.,"n. 代理, 代理人, 代用品, 代替者, 代替物；vt. 代替；vi. 替代, 取代, 代用；a. 代替的, 代用的, 代用品的；[計] 置換; 替代",5,CEEC-108
subtle,adj.,"a. 敏銳的, 精細的, 狡猾的, 稀薄的, 靈巧的, 微妙的；[醫] 銳敏的; 精細的",5,CEEC-108
subtract,v.,減掉,3,CEEC-108
suburb,n.,郊區,3,CEEC-108
suburban,adj.,"a. 郊外的, 郊區的, (貶)偏狹的, 土氣的, 見識不廣的；n. 郊區居民",5,CEEC-108
subway,n.,"n. 地鐵, 地道；vi. 乘地鐵",2,CEEC-108
succeed,v.,達成,2,CEEC-108
success,n.,成功,2,CEEC-108
successful,adj.,成功的,1,CEEC-108
succession,n.,"n. 連續, 繼承權, 繼位, 演替, 地層次序；[法] 繼承, 繼承權, 繼位",6,CEEC-108
successive,adj.,連續的,6,CEEC-108
successor,n.,"n. 繼承者, 接任者；[計] 後繼",5,CEEC-108
such,adj./pron.,如此的,2,CEEC-108
suck,n./v.,吸；吮,3,CEEC-108
sudden,adj./n.,突然的,2,CEEC-108
sue,v.,"vt. 控告, 起訴, 請求；vi. 提出訴訟, 提出請求",4,CEEC-108
suffer,v.,遭受,3,CEEC-108
sufficient,adj.,充足的,3,CEEC-108
suffocate,v.,(使)窒息而死,6,CEEC-108
sugar,n.,糖,1,CEEC-108
suggest,v.,建議,2,CEEC-108
suggestion,n.,提議,4,CEEC-108
suicide,n.,自殺,3,CEEC-108
suit,n./v.,一套衣服,2,CEEC-108
suitable,adj.,合適的,2,CEEC-108
suitcase,n.,手提箱,6,CEEC-108
suite,n.,"n. 隨員, 套房, (一)組, (一)套, 組曲, 繼之而來的事；[電] 程式組",5,CEEC-108
sum,n./v.,總數,3,CEEC-108
summarize,v.,概述；總結,4,CEEC-108
summary,n.,摘要,3,CEEC-108
summit,n.,山頂,3,CEEC-108
summon,v.,召喚,6,CEEC-108
sun,n./v.,太陽；曬太陽,1,CEEC-108
sunny,adj.,陽光充足的,1,CEEC-108
super,adj./adv.,極好的,2,CEEC-108
superb,adj.,極好的,5,CEEC-108
superficial,adj.,表面(皮)的,6,CEEC-108
superintendent,n.,監護人；警長,6,CEEC-108
superior,adj./n.,上等的,3,CEEC-108
superiority,n.,優越,6,CEEC-108
supermarket,n.,超級市場,1,CEEC-108
superstition,n.,迷信,5,CEEC-108
superstitious,adj.,迷信的,6,CEEC-108
supervise,v.,監督,5,CEEC-108
supervision,n.,"n. 監督, 管理；[經] 監督, 管理",5,CEEC-108
supervisor,n.,監督人,5,CEEC-108
supper,n.,晚餐,2,CEEC-108
supplement,n./v.,補充,6,CEEC-108
supply,n./v.,供應,2,CEEC-108
support,n./v.,支持,2,CEEC-108
suppose,v.,猜想,2,CEEC-108
supposedly,adv.,據推測,5,CEEC-108
suppress,n./v.,鎮壓,6,CEEC-108
supreme,adj.,"n. 至高, 霸權；a. 至高的, 終極的, 極端的, 最大的",5,CEEC-108
sure,adj./adv.,確信的,1,CEEC-108
surf,v.,"n. 海浪, 拍岸浪；vi. 作衝浪運動",2,CEEC-108
surface,n./v.,表面,2,CEEC-108
surge,n./v.,洶湧向前,6,CEEC-108
surgeon,n.,外科醫師,4,CEEC-108
surgery,n.,外科(手術),4,CEEC-108
surgical,adj.,"a. 外科的, 外科醫生的, 手術上的；n. 外科病例, 外科病房, 外科手術",6,CEEC-108
surname,n.,姓,6,CEEC-108
surpass,v.,"vt. 超越, 凌駕, 勝過",6,CEEC-108
surplus,adj./n.,"n. 剩餘, 過剩, 盈餘；a. 過剩的, 剩餘的",5,CEEC-108
surprise,n./v.,驚訝；使驚奇,1,CEEC-108
surprised,adj.,感到驚奇的,1,CEEC-108
surrender,n./v.,投降,4,CEEC-108
surround,v.,圍繞,3,CEEC-108
surroundings,n.,環境,4,CEEC-108
surveillance,n.,"n. 監視, 監督；[電] 偵測",5,CEEC-108
survey,n./v.,調查；審視,3,CEEC-108
survival,n.,殘存,2,CEEC-108
survive,v.,悻存,2,CEEC-108
survivor,n.,生還者,3,CEEC-108
suspect,adj./n./v.,"n. 被懷疑者, 嫌疑犯；a. 令人懷疑的, 不可信的, 可疑的；v. 懷疑, 猜想",3,CEEC-108
suspend,v.,"vt. 懸, 吊, 使懸浮, 暫停, 中止, 推遲；vi. 暫停, 中止, 懸浮, 停止償付債務；[計] 暫停",5,CEEC-108
suspense,n.,"n. 懸疑, 焦慮, 懸念, 懸而不決；[經] 未定, 暫記",6,CEEC-108
suspension,n.,中止,6,CEEC-108
suspicion,n.,懷疑,3,CEEC-108
suspicious,adj.,猜疑的,4,CEEC-108
sustain,v.,"vt. 承受, 支持, 供養, 繼續, 忍受, 蒙受, 證實, 準許；[電] 持續",5,CEEC-108
sustainable,adj.,"a. 足可支撐的, 養得起的, 可以忍受的",5,CEEC-108
swallow,n./v.,燕子,2,CEEC-108
swamp,n./v.,"n. 沼澤, 進退兩難的困境；vt. 淹沒, 擊潰, 清除, 使陷於沼澤；vi. 陷於沼澤, 淹沒",6,CEEC-108
swan,n.,天鵝,3,CEEC-108
swap,n./v.,"n. 以貨易貨；v. 交換, 替換, 交易；[計] 交換",5,CEEC-108
swarm,n./v.,"n. 群, 大群, 蜂群, 分蜂群；vi. 分群, 群集, 聚集一塊, 雲集, 攀；vt. 擠滿, 爬, 攀",6,CEEC-108
sway,n./v.,(使)搖動,4,CEEC-108
swear,v.,發誓,3,CEEC-108
sweat,n./v.,汗水；出汗,3,CEEC-108
sweater,n.,毛線衫,2,CEEC-108
sweep,v.,清掃；打掃,2,CEEC-108
sweet,adj.,甜的,1,CEEC-108
swell,n./v.,"n. 增大, 隆起的部分, 巨浪, 腫脹；a. 優秀的, 一流的；vi. 增大, 膨脹, 腫脹, 增強, 驕傲；vt. 使膨脹, 使增大, 使上漲, 使驕傲",3,CEEC-108
swift,adj.,迅速的,3,CEEC-108
swim,n./v.,遊泳,2,CEEC-108
swimsuit,n.,n. 遊泳衣,2,CEEC-108
swing,n./v.,鞦韆；搖擺,2,CEEC-108
switch,n./v.,開關；轉變,2,CEEC-108
sword,n.,劍,3,CEEC-108
syllable,n.,音節,4,CEEC-108
symbol,n.,象徵,2,CEEC-108
symbolic,adj.,"a. 象徵的, 符號的；[電] 符號化",5,CEEC-108
symbolize,v.,"vt. 符號化, 用符號表現；vi. 採用象徵, 使用符號",6,CEEC-108
symmetry,n.,對稱(性),6,CEEC-108
sympathetic,adj.,有同情心的,4,CEEC-108
sympathize,v.,同情,6,CEEC-108
sympathy,n.,同情心,4,CEEC-108
symphony,n.,交響樂,6,CEEC-108
symptom,n.,"n. 症狀, 徵候, 徵兆；[醫] 症狀",5,CEEC-108
syndrome,n.,"n. 併發症狀, 症候群, 同時存在的事物；[計] 校驗子; 並發位",5,CEEC-108
synonym,n.,同義詞,6,CEEC-108
synthetic,adj./n.,"n. 合成物質；a. 綜合(性)的, 人造的, 合成的",6,CEEC-108
syrup,n.,"n. 糖漿, 果汁；[化] 糖漿劑",6,CEEC-108
system,n.,系統,2,CEEC-108
systematic,adj.,有系統的,4,CEEC-108
T-shirt,n.,"n. 圓領汗衫, T恤",1,CEEC-108
table,n.,桌子,1,CEEC-108
tablet,n.,藥片,3,CEEC-108
tackle,v.,處理,5,CEEC-108
tactic,n.,"n. 一項戰術, 一條策略；a. 戰術的, 順序的, 排列的",5,CEEC-108
tag,n./v.,標籤,3,CEEC-108
tail,n.,尾巴,1,CEEC-108
tailor,n.,裁縫師,3,CEEC-108
take,v.,拿(走),1,CEEC-108
tale,n.,故事,2,CEEC-108
talent,n.,天賦,3,CEEC-108
talk,n./v.,"n. 談話, 交談, 會談, 講話, 演講, 空談, 謠言, 方言, 語言；vi. 講話, 演講, 說話, 談話, 交流, 閒聊, 說閒話；vt. 講, 說, 討論, 談論；[計] 對話類, 聊天",1,CEEC-108
talkative,adj.,健談的,3,CEEC-108
tall,adj.,高的,1,CEEC-108
tame,adj./v.,馴∣服的,3,CEEC-108
tan,adj./n./v.,(使)曬黑,6,CEEC-108
tangerine,n.,n橘子,3,CEEC-108
tangle,n./v.,"n. 纏結, 糾結的一團, 困惑, 糾紛, 混亂；vt. 使纏結, 纏住；vi. 纏結, 亂作一團",5,CEEC-108
tank,n.,大容器,3,CEEC-108
tap,n./v.,塞子；輕敲,3,CEEC-108
tape,n.,錄音帶,1,CEEC-108
target,n./v.,靶子；對·瞄準,2,CEEC-108
task,n./v.,任務,2,CEEC-108
taste,n./v.,味覺；品嚐,1,CEEC-108
tasty,adj.,美味的,3,CEEC-108
tax,n./v.,稅；對…微稅,2,CEEC-108
taxi,n.,計程車,1,CEEC-108
taxicab,n.,n. 計程車,1,CEEC-108
tea,n.,茶,1,CEEC-108
teach,v.,教導,1,CEEC-108
teacher,n.,教師,1,CEEC-108
team,n./v.,隊,1,CEEC-108
teapot,n.,n. 茶壺,2,CEEC-108
tear,n./v.,(2)、撕破,2,CEEC-108
tease,v.,"n. 揶揄, 戲弄, 逗惹；vt. 戲弄, 取笑, 強求, 梳理, 使起毛",3,CEEC-108
technical,adj.,技術性的,3,CEEC-108
technician,n.,技術人員,4,CEEC-108
technique,n.,技術,3,CEEC-108
technological,adj.,工業技術的；科技的,4,CEEC-108
technology,n.,工業技術；(一門)科技,2,CEEC-108
tedious,adj.,"a. 沉悶的, 冗長乏味的",6,CEEC-108
teenage,adj.,a. 十三歲到十九歲的,3,CEEC-108
teenager,n.,青少年,1,CEEC-108
teens,n.,n. 十三歲到十九歲,2,CEEC-108
telecommunications,n.,"n. 電信, 通訊, 電信學；[電] 電通信",6,CEEC-108
telegraph,n./v.,電報,4,CEEC-108
telephone,n./v.,電話,1,CEEC-108
telescope,n.,望遠鏡,4,CEEC-108
television,n.,電視機,1,CEEC-108
tell,v.,告訴,1,CEEC-108
teller,n.,講故事者；銀行出納員,6,CEEC-108
temper,n.,脾氣,3,CEEC-108
temperature,n.,溫度,2,CEEC-108
temple,n.,廟宇,1,CEEC-108
tempo,n.,"n. 速度, 節奏, 進行速度, (棋的)一著",6,CEEC-108
temporary,adj.,暫時的,3,CEEC-108
tempt,v.,慫恿,5,CEEC-108
temptation,n.,誘惑,5,CEEC-108
tenant,n./v.,房客,6,CEEC-108
tend,v.,有…的傾向,3,CEEC-108
tendency,n.,癖好,4,CEEC-108
tender,adj.,嫩的,3,CEEC-108
tennis,n.,網球(運動),1,CEEC-108
tense,adj./v.,緊張的,4,CEEC-108
tension,n.,緊張,4,CEEC-108
tent,n.,n帳篷,3,CEEC-108
tentative,adj.,試驗性的,6,CEEC-108
term,n./v.,"n. 術語, 專有名詞, 期限, 學期, 任期, 條件, 價錢, 關係, 地位, 項, 界石；vt. 稱, 呼；[計] 檢索詞; 項",2,CEEC-108
terminal,adj./n.,終點；總站,5,CEEC-108
terrace,n./v.,陽臺,6,CEEC-108
terrible,adj.,可怕的,1,CEEC-108
terrific,adj.,極好的；嚇人的,3,CEEC-108
terrify,v.,使驚恐,5,CEEC-108
territory,n.,領土,3,CEEC-108
terror,n.,"n. 恐怖, 可怕的人；[醫] 驚嚇, 驚悸",4,CEEC-108
terrorism,n.,"n. 恐怖主義, 恐怖統治, 恐怖狀態；[法] 脅迫, 暴政, 恐怖政治",2,CEEC-108
terrorist,adj.,"n. 恐怖分子；[法] 恐怖份子, 恐怖主義",2,CEEC-108
test,n./v.,小考；考驗,1,CEEC-108
testify,v.,作證,5,CEEC-108
text,n.,本文,2,CEEC-108
textbook,n.,教科書,2,CEEC-108
textile,adj./n.,"n. 紡織品, 紡織業；a. 織的, 紡織的",6,CEEC-108
texture,n./v.,"n. (織物的)密度, (材料等的)結構, 紋理；[化] 紋理",5,CEEC-108
than,conj./prep.,比；比較,1,CEEC-108
thank,n./v.,感謝,1,CEEC-108
thankful,adj.,感謝的,3,CEEC-108
that,adj./adv./conj./pron.,"a. 那, 那個；conj. 以致, 因為；pron. 那；adv. 那麼, 那樣",1,CEEC-108
the,art.,art. 那,1,CEEC-108
theater,n.,戲院,1,CEEC-108
theft,n.,偷竊,5,CEEC-108
their,pron.,pron. 他們的,1,CEEC-108
theirs,pron.,pron. 他們的,1,CEEC-108
them,pron.,"pron. 他們, 她們, 它們",1,CEEC-108
theme,n.,主題,4,CEEC-108
themselves,pron.,"pron. 他們自己, 她們自己, 它們自己",1,CEEC-108
then,adj./adv.,那時,1,CEEC-108
theology,n.,n. 神學,5,CEEC-108
theoretical,adj.,理論(上)的,5,CEEC-108
theory,n.,理論,3,CEEC-108
therapist,n.,治療專家,5,CEEC-108
therapy,n.,"n. 治療；[醫] 療法, 治療",5,CEEC-108
there,adv./n.,n/adv.那裡,1,CEEC-108
thereafter,adv.,"adv. 其後, 從那時以後",6,CEEC-108
thereby,adv.,adv. 因此,5,CEEC-108
therefore,adv.,因此,2,CEEC-108
thermometer,n.,"n. 溫度計, 體溫計；[化] 溫度計",6,CEEC-108
these,adj./pron.,這些,1,CEEC-108
thesis,n.,論文,5,CEEC-108
they,pron.,"pron. 他們, 它們",1,CEEC-108
thick,adj.,厚的,1,CEEC-108
thief,n.,小偷,2,CEEC-108
thigh,n.,大腿,5,CEEC-108
thin,adj.,薄的,1,CEEC-108
thing,n.,束西,1,CEEC-108
think,v.,想,1,CEEC-108
third,adj./adv./n.,第三,1,CEEC-108
thirst,n.,口渴,3,CEEC-108
thirsty,adj.,口渴的,2,CEEC-108
this,adj./adv./pron.,"pron. 這, 本；a. 這, 本；adv. 這麼",1,CEEC-108
thorough,adj.,徹底的,4,CEEC-108
those,adj./pron.,那些,1,CEEC-108
though,adv./conj.,然而；雖然,1,CEEC-108
thought,n.,思想,2,CEEC-108
thoughtful,adj.,體貼的；沉思的,4,CEEC-108
thousand,adj./n.,一千,1,CEEC-108
thread,n./v.,線；穿線於,3,CEEC-108
threat,n.,威脅,3,CEEC-108
threaten,v.,恐嚇,3,CEEC-108
threshold,n.,門檻；開端,5,CEEC-108
thrill,n./v.,使激動；興奮,5,CEEC-108
thriller,n.,"n. 使人激動的東西, 使人毛骨悚然的東西, 使人毛骨悚然的小說",5,CEEC-108
thrive,v.,興旺,5,CEEC-108
throat,n.,喉嚨,1,CEEC-108
throne,n.,"n. 王座, 君主",5,CEEC-108
through,adv./prep.,通過,1,CEEC-108
throughout,adv./prep.,遍及,2,CEEC-108
throw,n./v.,投；扔,1,CEEC-108
thrust,n./v.,"n. 插, 戳, 刺, 猛推, 口頭攻擊, 推力；vt. 插入, 猛推, 刺, 戳, 強加, 延伸；vi. 插, 刺, 戳, 延伸, (用力)推",5,CEEC-108
thumb,n./v.,拇指,3,CEEC-108
thunder,n./v.,雷聲；打雷,2,CEEC-108
thus,adv.,這樣,2,CEEC-108
tick,n./v.,"n. 滴答聲, 一瞬間, 壁蝨, 褥套, 信用, 賒欠；vi. 滴答響, 活動；vt. 滴答地記錄, 標記號於",5,CEEC-108
ticket,n.,票,1,CEEC-108
tickle,n./v.,"n. 胳肢, 癢；vt. 胳肢, 使發癢, 使快樂, 逗樂；vi. 覺得癢, 使人癢",4,CEEC-108
tide,n.,潮汐,3,CEEC-108
tidy,adj./v.,整潔的,1,CEEC-108
tie,n./v.,領帶,1,CEEC-108
tiger,n.,老虎,1,CEEC-108
tight,adj./adv.,緊的；緊緊地,3,CEEC-108
tighten,v.,(使)繃緊,3,CEEC-108
tile,n./v.,"n. 磚瓦, 瓷磚, 瓦片；vt. 鋪以瓦, 鋪以瓷磚；[計] 平鋪",5,CEEC-108
till,conj./prep.,直到,2,CEEC-108
tilt,n./v.,"n. 傾斜, 傾向, 船篷, 車篷；vt. 使傾斜, 使傾側, 用帆布篷遮蓋；vi. 傾斜, 翹起, 衝, 評擊；[計] 傾斜",6,CEEC-108
timber,n.,木材,3,CEEC-108
time,n./v.,時間,1,CEEC-108
timetable,n.,n. 時間表,4,CEEC-108
timid,adj.,膽小的,4,CEEC-108
tin,n./v.,"n. 錫, 馬口鐵, 罐頭；vt. 在...鍍錫於；a. 錫制的；[計] tin閱讀程式",5,CEEC-108
tiny,adj.,非常小的,2,CEEC-108
tip,n./v.,小費,1,CEEC-108
tiptoe,n./v.,"n. 腳尖；vi. 用腳尖走；adv. 踮著腳；a. 踮著腳走的, 偷偷摸摸的",6,CEEC-108
tire,n./v.,輪胎,2,CEEC-108
tired,adj.,疲倦的,1,CEEC-108
tiresome,adj.,令人厭煩的,6,CEEC-108
tissue,n.,組織,2,CEEC-108
title,n./v.,標題,2,CEEC-108
to,prep.,"prep. 到, 向, 趨於；adv. 向前",1,CEEC-108
toast,n./v.,吐司；烤；烘,2,CEEC-108
tobacco,n.,菸草,3,CEEC-108
today,adv./n.,今天,1,CEEC-108
toe,n.,腳趾,1,CEEC-108
tofu,n.,豆腐,2,CEEC-108
together,adv.,一起,1,CEEC-108
toilet,n.,洗手間；廁所,1,CEEC-108
token,n.,記號,6,CEEC-108
tolerable,adj.,"a. 可容忍的, 可以的",4,CEEC-108
tolerance,n.,"n. 寬容, 忍受, 容忍, 容許量, 公差；[計] 允許誤差",4,CEEC-108
tolerant,adj.,"a. 寬容的, 容忍的, (對冷、熱)能耐的；[醫] 能耐受的",4,CEEC-108
tolerate,v.,容忍,4,CEEC-108
toll,n./v.,通行費,5,CEEC-108
tomato,n.,蕃茄,1,CEEC-108
tomb,n.,墳,4,CEEC-108
tomorrow,adv./n.,明天,1,CEEC-108
ton,n.,噸,3,CEEC-108
tone,n.,音調,2,CEEC-108
tongue,n.,舌(頭),2,CEEC-108
tonight,adv./n.,今晚,1,CEEC-108
too,adv.,"adv. 也, 非常, 太",1,CEEC-108
tool,n.,工具,1,CEEC-108
tooth,n.,牙齒,1,CEEC-108
toothache,n.,n. 牙痛；[醫] 牙痛,2,CEEC-108
toothbrush,n.,牙刷,2,CEEC-108
top,adj./n./v.,頂端的；頂部,1,CEEC-108
topic,n.,題目,1,CEEC-108
torch,n./v.,"n. 火把, 啟發之物；[化] 火炬",5,CEEC-108
torment,n./v.,"n. 使人痛苦的東西, 折磨者, 苦痛；vt. 使苦惱, 糾纏, 歪曲, 拷問",5,CEEC-108
tornado,n.,"n. 旋風, 龍捲風, 大雷雨",6,CEEC-108
torrent,n.,"n. 奔流, 傾盆大雨, 傾注, 迸發",6,CEEC-108
tortoise,n.,(陸)龜,4,CEEC-108
torture,n./v.,拷打；折磨,4,CEEC-108
toss,n./v.,扔；擲,3,CEEC-108
total,adj./n./v.,完全的；總數,1,CEEC-108
touch,n./v.,觸覺；觸摸,1,CEEC-108
tough,adj.,堅韌的,3,CEEC-108
tour,n./v.,旅遊,2,CEEC-108
tourism,n.,觀光業,3,CEEC-108
tourist,n.,觀光客,3,CEEC-108
tournament,n.,錦標賽,5,CEEC-108
tow,n./v.,拖,3,CEEC-108
toward,prep.,"prep. 向, 對於, 為了；a. 即將來臨的, 進行中的",2,CEEC-108
towards,prep.,"prep. 向, 對於, 為了",2,CEEC-108
towel,n./v.,毛巾,1,CEEC-108
tower,n.,塔樓；屹立,3,CEEC-108
town,n.,城鎮,1,CEEC-108
toxic,adj.,有毒的,5,CEEC-108
toy,n.,玩具；玩弄,1,CEEC-108
trace,n./v.,蹤跡；追溯,3,CEEC-108
track,n./v.,軌道；追蹤,2,CEEC-108
trade,n./v.,貿易,2,CEEC-108
trademark,n.,n. 商標；[法] 商標,6,CEEC-108
trader,n.,"n. 商人, 商船；[經] 交易者, 商船",3,CEEC-108
tradition,n.,傳統,2,CEEC-108
traditional,adj.,傳統的,2,CEEC-108
traffic,n./v.,交通,1,CEEC-108
tragedy,n.,悲劇,4,CEEC-108
tragic,adj.,悲慘的,4,CEEC-108
trail,n./v.,"n. 蹤跡, 痕跡, 一串, 尾部, 小徑, 持槍姿勢；vt. 拖, 尾隨, 追蹤, 落後於, 開出路；vi. 拖曳, 垂下, 落後, 飄出, 蔓生",3,CEEC-108
train,n./v.,火車,1,CEEC-108
trait,n.,"n. 特徵, 特性, 一筆, 少許",5,CEEC-108
traitor,n.,"n. 叛逆者, 叛國者；[法] 叛徒, 叛逆, 背信者",5,CEEC-108
transaction,n.,"n. 交易, 辦理, 學報, 和解協議；[計] 事務處理",5,CEEC-108
transcript,n.,"n. 抄本, 副本, 成績單；[法] 法院文本, 官方記錄, 記錄的副本",6,CEEC-108
transfer,n./v.,調動,4,CEEC-108
transform,v.,"vt. 使轉換, 改變, 改造, 使...變形；vi. 改變, 轉化, 變換；[計] 變換",4,CEEC-108
transformation,n.,轉變,5,CEEC-108
transit,n./v.,運輸,5,CEEC-108
transition,n.,過渡(期),5,CEEC-108
translate,v.,翻譯,4,CEEC-108
translation,n.,翻譯,4,CEEC-108
translator,n.,翻譯者,4,CEEC-108
transmission,n.,傳播,5,CEEC-108
transmit,v.,傳播,6,CEEC-108
transparent,adj.,"a. 透明的, 顯然的, 清晰的；[計] 透明",5,CEEC-108
transplant,n./v.,移植,6,CEEC-108
transport,n./v.,運輸(系統),3,CEEC-108
transportation,n.,"n. 運輸, 輸送, 交通車輛；[經] 運轉, 運輸, 運輸費",4,CEEC-108
trap,n./v.,"n. 圈套, 陷阱, 詭計, 存水彎；vi. 設圈套, 設陷阱；vt. 誘捕, 誘騙, 抓住, 使受限制；[計] 俘獲; 陷井",2,CEEC-108
trash,n./v.,"n. 垃圾, 廢物；vt. 丟棄",2,CEEC-108
trauma,n.,精神創傷；外傷,5,CEEC-108
travel,n./v.,旅行,2,CEEC-108
traveler,n.,旅行者,3,CEEC-108
tray,n.,盤子,3,CEEC-108
treasure,n./v.,金銀財寶；珍惜,2,CEEC-108
treasury,n.,"n. 國庫, 寶庫, 財政部, 國庫券；[經] 庫存, 國庫, 金庫",6,CEEC-108
treat,v.,請客；對待,1,CEEC-108
treatment,n.,"n. 治療, 待遇, 處理；[醫] 療法, 治療; 處理",1,CEEC-108
treaty,n.,"n. 條約, 談判；[經] 協議, 協定, 協商",5,CEEC-108
tree,n.,樹,1,CEEC-108
trek,n./v.,"vi. 牛拉貨車, 艱苦跋涉；n. 牛車旅行, 艱苦跋涉",6,CEEC-108
tremble,n./v.,發抖,4,CEEC-108
tremendous,adj.,極大的,4,CEEC-108
trend,n.,趨勢,3,CEEC-108
trial,n.,審判,2,CEEC-108
triangle,n.,三角形,2,CEEC-108
tribal,adj.,"a. 部落的, 宗族的",4,CEEC-108
tribe,n.,部落,3,CEEC-108
tribute,n.,"n. 貢物, 禮物, 頌辭",5,CEEC-108
trick,n./v.,詭計；欺騙,2,CEEC-108
tricky,adj.,狡猾的,3,CEEC-108
trifle,n./v.,"n. 瑣事, 少量；vt. 浪費；vi. 開玩笑, 翻弄, 虛度光陰",6,CEEC-108
trigger,n./v.,扳機；引發,5,CEEC-108
trillion,n.,n. 大量；[經] 兆,6,CEEC-108
trim,adj./n./v.,修剪,5,CEEC-108
trip,n./v.,旅行,1,CEEC-108
triple,adj./n./v.,"n. 三倍數, 三個一組；a. 三倍的；vt. 使增至三倍；vi. 增至三倍",5,CEEC-108
triumph,n./v.,勝利；戰勝,4,CEEC-108
trivial,adj.,瑣碎的,5,CEEC-108
troop,n.,部隊,3,CEEC-108
trophy,n.,獎品,5,CEEC-108
tropic,adj./n.,n. 回歸線,6,CEEC-108
tropical,adj.,熱帶的,3,CEEC-108
trouble,n./v.,憂慮,1,CEEC-108
troublesome,adj.,令人討厭的,4,CEEC-108
trout,n.,n. 鮭魚,6,CEEC-108
truck,n.,卡車；用卡車裝運,1,CEEC-108
true,adj./adv./v.,真實的,2,CEEC-108
trumpet,n.,喇叭；鼓吹,3,CEEC-108
trunk,n.,樹幹,3,CEEC-108
trust,n./v.,信任,2,CEEC-108
trustee,n.,"n. 受託人, 理事；[計] 委託者",6,CEEC-108
truth,n.,事實,2,CEEC-108
truthful,adj.,"a. 說真話的, 誠實的, 真實的, 如實的；[法] 真實的, 說實話的, 誠實的",3,CEEC-108
try,n./v.,嘗試,1,CEEC-108
tub,n.,n浴缸；盆,3,CEEC-108
tube,n.,管子,2,CEEC-108
tuck,n./v.,"n. 縫褶, 活力, 鼓聲, 船尾突出部, 食品；vt. 打褶, 捲起, 擠進, 塞, 收藏；vi. 縫褶襉, 縮攏",6,CEEC-108
tug,n./v.,"n. 用力拉, 拖曳, 苦幹, 掙扎, 繩索；v. 用力拉",3,CEEC-108
tuition,n.,學費,5,CEEC-108
tumble,n./v.,跌倒,4,CEEC-108
tumor,n.,腫瘤,5,CEEC-108
tuna,n.,"n. 金槍魚, 金槍魚肉",5,CEEC-108
tune,n./v.,曲調,3,CEEC-108
tunnel,n./v.,隧道,3,CEEC-108
turmoil,n.,混亂,6,CEEC-108
turn,n./v.,轉動,1,CEEC-108
turtle,n.,(海)龜,2,CEEC-108
tutor,n./v.,家庭教師,3,CEEC-108
TV,n.,"電視；[計] 電視, 轉移向量",1,CEEC-108
twice,adv.,兩次,1,CEEC-108
twig,n.,細枝,4,CEEC-108
twilight,n.,"n. 暮光, 曙光, 黎明, 黃昏, 微光, 朦朧狀態；a. 微明的",6,CEEC-108
twin,n.,孿生子之一,3,CEEC-108
twinkle,n./v.,閃爍,6,CEEC-108
twist,n./v.,彎曲；扭曲,3,CEEC-108
type,n./v.,類型,1,CEEC-108
typhoon,n.,颱風,2,CEEC-108
typical,adj.,典型的,2,CEEC-108
ugly,adj.,醜陋的,2,CEEC-108
ultimate,adj./n.,"n. 終極, 根本, 頂點, 基本原則；a. 終極的, 根本的, 極限的, 最遠的, 最後的, 最大的",5,CEEC-108
umbrella,n.,雨傘,2,CEEC-108
unanimous,adj.,"a. 意見一致的, 無異議的",6,CEEC-108
uncle,n.,伯父,1,CEEC-108
unconditional,adj.,"a. 無條件的, 無限制的, 絕對的；[經] 無條件的, 無保留的",6,CEEC-108
uncover,v.,"vt. 揭露, 揭開, 暴露, 脫帽致敬；vi. 脫帽致敬, 揭去蓋子",5,CEEC-108
under,adv./prep.,在…下面,1,CEEC-108
underestimate,n./v.,低估,6,CEEC-108
undergo,v.,接受；經歷,5,CEEC-108
undergraduate,n.,大學肄業生,5,CEEC-108
underground,n.,地(面)下的；秘密的,2,CEEC-108
underline,n./v.,"vt. 在...下面劃線, 作...的襯裡, 強調；n. 下劃線, 圖下說明文字；[計] 加下劃線; 下劃線",5,CEEC-108
underlying,v.,"a. 在下面的；[經] 優先的, 基礎的, 放在下面的",3,CEEC-108
undermine,v.,"vt. 在...下面挖, 漸漸破壞, 暗地裡破壞；[法] 暗中破壞, 以陰謀中傷傷害",5,CEEC-108
underneath,adj./adv./n./prep.,adv. 在下面；prep. 在...的下面,6,CEEC-108
underpass,n.,n. 地道,6,CEEC-108
understand,v.,"vt. 理解, 了解, 領會, 聽說, 懂；vi. 懂得, 認為",1,CEEC-108
undertake,v.,承擔,5,CEEC-108
underway,adv.,a. 航行中的；進行中的；起步的,6,CEEC-108
underwear,n.,內衣,3,CEEC-108
undo,v.,"vt. 解開, 取消, 破壞, 毀滅, 擾亂；vi. 鬆開；[計] 撤消",5,CEEC-108
undoubtedly,adv.,"adv. 無疑, 必定, 確實地",5,CEEC-108
unemployment,n.,失業人數,5,CEEC-108
unfold,v.,"vt. 展開, 打開, 披露, 開展, 挑明；vi. 伸展, 開花, 呈現",5,CEEC-108
unification,n.,"n. 統一, 聯合, 一致；[醫] 連結; 統一",6,CEEC-108
uniform,n.,相同的；制服,1,CEEC-108
unify,v.,統一,6,CEEC-108
union,n.,結合,3,CEEC-108
unique,adj./n.,"a. 獨一無二的, 獨特的, 稀罕的",3,CEEC-108
unit,n.,單位,2,CEEC-108
unite,v.,合併,3,CEEC-108
unity,n.,統一,3,CEEC-108
universal,adj./n.,"a. 全世界的, 普遍的, 宇宙的, 通用的；n. 一般概念",4,CEEC-108
universe,n.,宇宙,2,CEEC-108
university,n.,大學,2,CEEC-108
unless,conj.,除非,2,CEEC-108
unlock,v.,開啟,5,CEEC-108
unprecedented,adj.,前所未有的,5,CEEC-108
until,conj./prep.,直到…時,1,CEEC-108
unveil,v.,"vt. 揭開, 揭幕, 除去...的面紗；vi. 顯露, 除去面紗",6,CEEC-108
up,adj./adv./n./prep./v.,向上地,1,CEEC-108
update,n./v.,"vt. 更新, 使現代化；n. 更新；[計] 更新",5,CEEC-108
upgrade,n./v.,提升,5,CEEC-108
upload,v.,"[計] 上裝, 加載, 儲入",2,CEEC-108
upon,prep.,"prep. 在...之上, 迫近, 緊接著",2,CEEC-108
upper,adj.,較高的,2,CEEC-108
upright,adj./adv./n.,"a. 正直的, 誠實的, 公正的, 垂直的, 豎式的；[化] 立杆",6,CEEC-108
uprising,n.,"n. 起義, 升起；[法] 起義, 暴動",6,CEEC-108
upset,adj./n./v.,心煩的；使生氣,2,CEEC-108
upstairs,adj./adv./n.,在樓上,2,CEEC-108
upward,adj./adv.,a. 向上的；adv. 以上,6,CEEC-108
upwards,adv.,"adv. 以上, 向上",6,CEEC-108
urban,adj.,城市的,3,CEEC-108
urge,n./v.,衝動；催促,4,CEEC-108
urgency,n.,緊急,6,CEEC-108
urgent,adj.,緊急的,4,CEEC-108
us,pron.,我們,1,CEEC-108
usage,n.,使用方法,4,CEEC-108
use,n./v.,益處；使用,1,CEEC-108
used,adj.,舊的,2,CEEC-108
useful,adj.,有用的,1,CEEC-108
user,n.,n. 使用者；[計] 用戶,2,CEEC-108
usher,n./v.,迎賓員,6,CEEC-108
usual,adj.,通常的,2,CEEC-108
usually,adv.,"adv. 通常, 大抵",1,CEEC-108
utensil,n.,器皿,6,CEEC-108
utility,n.,"n. 功用, 有用之物, 實用, 公用事業, 實用程式；a. 實用的, 有多種用途的；[計] 實用程式, 工具",5,CEEC-108
utilize,v.,vt. 利用,5,CEEC-108
utter,adj./v.,"a. 全然的, 絕對的, 完全的；vt. 發出聲音, 做聲, 發表, 發射, 流通",6,CEEC-108
vacancy,n.,空位,4,CEEC-108
vacant,adj.,空的,3,CEEC-108
vacation,n./v.,假期,2,CEEC-108
vaccine,n.,疫苗,6,CEEC-108
vacuum,n./v.,真空；空虛(感),5,CEEC-108
vague,adj.,"a. 含糊的, 不清楚的, 茫然的",5,CEEC-108
vain,adj.,無效的,4,CEEC-108
valid,adj.,"a. 有確實根據的, 有法律效力的, 正當的, 正確的；[經] 有效的",5,CEEC-108
valley,n.,山谷,2,CEEC-108
valuable,adj.,珍貴的,2,CEEC-108
value,n./v.,價值；估價,2,CEEC-108
van,n.,"n. 貨車, 篷車, 先鋒, 前驅, 前衛；vt. 用貨車搬運；[計] 增值網",3,CEEC-108
vanilla,n.,香草,6,CEEC-108
vanish,v.,消失,3,CEEC-108
vanity,n.,自負,6,CEEC-108
vapor,n.,水蒸氣,6,CEEC-108
variable,adj./n.,易變的,5,CEEC-108
variation,n.,變化,5,CEEC-108
variety,n.,n多樣化,3,CEEC-108
various,adj.,各式各樣的,3,CEEC-108
vary,v.,變化,3,CEEC-108
vase,n.,花瓶,3,CEEC-108
vast,adj.,廣闊的,4,CEEC-108
vegetable,n.,蔬菜,1,CEEC-108
vegetarian,n.,素食者,4,CEEC-108
vehicle,n.,車輛,3,CEEC-108
veil,n./v.,面紗,6,CEEC-108
vein,n.,"n. 血管, 靜脈, 紋理, 氣質, 情緒；vt. 使有脈絡, 像脈絡般分布於",5,CEEC-108
velvet,adj./n.,n. 天鵝絨；a. 天鵝絨的,6,CEEC-108
vendor,n.,"n. 小販, 賣主, 自動售貨機；[計] 計算機銷售商",5,CEEC-108
venture,n./v.,冒險(行為)；投機,5,CEEC-108
venue,n.,"n. 犯罪地點, 審判地, 發生地點",5,CEEC-108
verbal,adj./n.,口頭的,5,CEEC-108
verdict,n.,判決,5,CEEC-108
versatile,adj.,多才多藝的,6,CEEC-108
verse,n.,詩節,3,CEEC-108
version,n.,"n. 一種描述, 版本, 譯文；[計] 版本",5,CEEC-108
versus,prep.,"prep. 對...；[法] 訴, 對, 相形",5,CEEC-108
vertical,adj./n.,垂直的,5,CEEC-108
very,adv.,非常,1,CEEC-108
vessel,n.,"n. 船, 容器, 脈管；[醫] 管, 脈管, (容)器",4,CEEC-108
vest,n.,"n. 背心, 汗背心；vt. 使穿衣服, 授予；vi. 穿衣服, 歸屬",3,CEEC-108
vet,n.,獸醫；審查,6,CEEC-108
veteran,n.,"n. 老手, 退伍軍人, 老兵, 老樹；a. 老兵的, 老練的, 經驗豐富的",5,CEEC-108
veterinarian,n.,n. 獸醫；[醫] 獸醫,6,CEEC-108
veto,n./v.,"n. 否決權；vt. 否決, 禁止",6,CEEC-108
via,prep.,取道,5,CEEC-108
viable,adj.,切實可行的,5,CEEC-108
vibrate,v.,"vi. 振動, 顫動, 激動, 搖擺, 躊躇；vt. 使顫動, 使振動, 使擺動",6,CEEC-108
vibration,n.,振動,6,CEEC-108
vice,n.,"n. 惡習, 惡行, 罪惡, 墮落, 缺陷, 惡癖, 老虎鉗；vt. 鉗住；prep. 代替",6,CEEC-108
vicious,adj.,惡意的,5,CEEC-108
victim,n.,受害者,3,CEEC-108
victor,n.,n. 勝利者；a. 勝利的,6,CEEC-108
victory,n.,勝利,2,CEEC-108
video,adj./n./v.,錄影帶,1,CEEC-108
view,n./v.,景色；看,2,CEEC-108
viewer,n.,"n. 觀察者, 看電視者, 視察員, 觀察器；[化] 指示器",5,CEEC-108
viewpoint,n.,n. 觀點,5,CEEC-108
vigor,n.,"n. 精力, 活力",6,CEEC-108
vigorous,adj.,"a. 精力充沛的, 元氣旺盛的, 茁壯的, 有力的",6,CEEC-108
villa,n.,別墅,6,CEEC-108
village,n.,村莊,2,CEEC-108
villain,n.,反派角色,6,CEEC-108
vine,n.,葡萄(藤),6,CEEC-108
vinegar,n.,醋,5,CEEC-108
vineyard,n.,葡萄園,6,CEEC-108
violate,v.,違背；侵犯,4,CEEC-108
violation,n.,"n. 違反, 違背, 妨礙；[法] 違犯, 違背, 違反",4,CEEC-108
violence,n.,暴力,3,CEEC-108
violent,adj.,兇暴的,3,CEEC-108
violet,adj./n.,紫羅蘭,3,CEEC-108
violin,n.,小提琴,1,CEEC-108
violinist,n.,"n. 小提琴演奏者, 小提琴家",6,CEEC-108
virgin,adj./n.,"n. 處女；a. 處女的, 貞潔的, 純潔的, 初始的, 純的",6,CEEC-108
virtual,adj.,"a. 實際上起作用的, 虛的, 實質的, 有效的, 事實上生效的；[計] 虛擬",5,CEEC-108
virtue,n.,"n. 德行, 美德, 優點, 功效, 效力；[法] 美德, 貞操, 優點",4,CEEC-108
virus,n.,病毒,4,CEEC-108
visa,n.,簽證,5,CEEC-108
visible,adj.,看得見的,3,CEEC-108
vision,n.,視力,3,CEEC-108
visit,n./v.,探望,1,CEEC-108
visitor,n.,探訪者,1,CEEC-108
visual,adj.,視覺的,4,CEEC-108
vital,adj.,維持生命所必需的,4,CEEC-108
vitality,n.,"n. 活力, 生命力；[醫] 生機, 活力, 生活",6,CEEC-108
vitamin,n.,維他命,3,CEEC-108
vivid,adj.,adj生動的,3,CEEC-108
vocabulary,n.,詞彙,3,CEEC-108
vocal,adj./n.,發音的,5,CEEC-108
vocation,n.,職業,6,CEEC-108
vocational,adj.,"a. 職業的；[法] 職業上的, 天職的",6,CEEC-108
voice,n.,聲音；表達,1,CEEC-108
volcano,n.,火山,5,CEEC-108
volleyball,n.,排球,3,CEEC-108
volume,n.,音量,3,CEEC-108
voluntary,adj.,自願的,4,CEEC-108
volunteer,n./v.,志願者；自願,4,CEEC-108
vomit,n./v.,嘔吐,5,CEEC-108
vote,n./v.,投票,2,CEEC-108
voter,n.,選民,3,CEEC-108
voucher,n.,"n. 證人, 保證人, 證明者, 憑證, 憑單；vt. 證實...的可靠性",5,CEEC-108
vow,n./v.,誓言,5,CEEC-108
vowel,n.,母音,6,CEEC-108
voyage,n./v.,航行,4,CEEC-108
vulnerable,adj.,脆弱的,5,CEEC-108
wag,n./v.,"vt. 搖擺, 搖動, 饒舌；vi. 擺動, 喋喋不休；n. 搖擺, 愛說笑打趣的人",6,CEEC-108
wage,n.,"n. 工資, 報應, 報償；vt. 開展, 進行；vi. 進行",3,CEEC-108
wagon,n.,四輪運貨馬車,3,CEEC-108
waist,n.,腰,2,CEEC-108
wait,n./v.,等候,1,CEEC-108
waiter,n.,侍者,2,CEEC-108
waitress,n.,女侍,2,CEEC-108
wake,v.,醒來,1,CEEC-108
waken,v.,弄醒,4,CEEC-108
walk,n./v.,走,1,CEEC-108
wall,n.,牆,1,CEEC-108
wallet,n.,皮夾子,2,CEEC-108
walnut,n.,胡桃(樹),6,CEEC-108
wander,n./v.,徘徊(於),3,CEEC-108
want,n./v.,想要,1,CEEC-108
war,n.,"n. 戰爭, 戰爭狀態, 戰術, 軍事, 衝突, 鬥爭, 競爭；vi. 進行戰爭, 作戰, 打仗, 戰鬥；a. 戰爭的, 戰時用的",2,CEEC-108
ward,n./v.,"n. 病房, 守衛, 保衛, 保護, 監護, 牢房, 行政區, 鎖孔內的榫舌；vt. 使入病房, 守護, 保衛",6,CEEC-108
wardrobe,n.,"n. 衣櫥, 衣室, 全部衣服",6,CEEC-108
warehouse,n./v.,"n. 倉庫, 貨棧, 大商店；vt. 儲入倉庫",5,CEEC-108
warm,adj./v.,"a. 暖和的, 暖的, 溫暖的, 熱烈的, 興奮的, 激烈的, 多情的, 色情的；vt. 使溫暖, 弄熱, 使興奮, 使充滿仇恨；vi. 變暖和, 變溫暖, 取暖, 激動, 同情, 愛好；n. 暖, 保暖物",1,CEEC-108
warmth,n.,"n. 溫暖, 溫情, 暖和, 激動, 生氣",3,CEEC-108
warn,v.,警告,3,CEEC-108
warrant,n.,搜查令,6,CEEC-108
warranty,n.,"n. 正當理由, 授權, 擔保, 保證, 根據；[經] 保單, 擔保書, 保證書",6,CEEC-108
warrior,n.,戰士,5,CEEC-108
wary,adj.,"a. 謹慎的, 小心的, 機警的, 周到的, 唯恐的",5,CEEC-108
wash,n./v.,洗滌,2,CEEC-108
waste,n./v.,浪費,2,CEEC-108
watch,n./v.,手錶,1,CEEC-108
water,n./v.,水,1,CEEC-108
waterfall,n.,瀑布,3,CEEC-108
watermelon,n.,西瓜,2,CEEC-108
waterproof,adj./v.,"n. 防水材料；a. 不透水的, 防水的；vt. 使防水",6,CEEC-108
wave,n./v.,n/v.波；揮動,1,CEEC-108
wax,n./v.,蠟,3,CEEC-108
way,n.,路,1,CEEC-108
we,pron.,pron. 我們,1,CEEC-108
weak,adj.,虛弱的,1,CEEC-108
weaken,v.,削弱,3,CEEC-108
wealth,n.,財富,2,CEEC-108
wealthy,adj.,富裕的,3,CEEC-108
weapon,n.,武器,3,CEEC-108
wear,v.,穿；戴,1,CEEC-108
weary,adj./v.,筋疲力竭的,6,CEEC-108
weather,n./v.,天氣,1,CEEC-108
weave,n./v.,紡織,3,CEEC-108
web,n.,網,3,CEEC-108
website,n.,n. 網站（全球資訊網的主機站）,4,CEEC-108
wed,v.,"vt. 與...結婚, 使結合；vi. 結婚",3,CEEC-108
wedding,n.,婚禮,2,CEEC-108
weed,n./v.,雜草,3,CEEC-108
week,n.,週,1,CEEC-108
weekday,n.,"n. 周日, 平日；[計] 工作日",2,CEEC-108
weekend,n./v.,週末,1,CEEC-108
weekly,adj./adv./n.,一週一次的,3,CEEC-108
weep,v.,哭泣,3,CEEC-108
weigh,v.,稱…的重量,2,CEEC-108
weight,n.,重量,2,CEEC-108
weird,adj.,"a. 怪異的, 超自然的, 不可思議的；n. 命運, 預言, 符咒",5,CEEC-108
welcome,adj./n./v.,歡迎,1,CEEC-108
welfare,n.,福利,4,CEEC-108
well,adj./adv./n.,很好地,1,CEEC-108
west,adj./adv./n.,西方的,1,CEEC-108
western,adj./n.,西方世界,2,CEEC-108
wet,adj./v.,溼的,1,CEEC-108
whale,n.,鯨,2,CEEC-108
wharf,n./v.,"n. 碼頭；vt. 卸在碼頭上, 靠碼頭；vi. 靠碼頭, 入塢",6,CEEC-108
what,adj./pron.,什麼,1,CEEC-108
whatever,adj./pron.,任何的；無論什麼,2,CEEC-108
whatsoever,adj./pron.,任何的,5,CEEC-108
wheat,n.,小麥,3,CEEC-108
wheel,n.,輪子；旋轉,2,CEEC-108
wheelchair,n.,n:輪椅,5,CEEC-108
when,adv./conj./pron.,那時；什麼時候,1,CEEC-108
whenever,adv./conj.,無論什麼時候；每當,2,CEEC-108
where,adv./conj./n./pron.,在哪裡；哪裡,1,CEEC-108
whereabouts,adv./n.,在哪兒,5,CEEC-108
whereas,conj.,"conj. 然而, 鑑於；[法] 考慮到, 鑑於, 就...而論",5,CEEC-108
wherever,adv./conj.,無論到哪裡,2,CEEC-108
whether,conj.,是否,1,CEEC-108
which,adj./pron.,哪一個,1,CEEC-108
while,conj./n./v.,conj/n.當…的時候,1,CEEC-108
whine,n./v.,"n. 哀叫聲, 嘎嘎聲, 哀鳴；vi. 哭訴, 嘎嘎響, 發嗚嗚聲；vt. 哀訴",5,CEEC-108
whip,n./v.,"n. 鞭子, 抽打, 車夫, 攪拌器；vt. 鞭打, 攪拌, 煽動, 召集, 倉促製成；vi. 拍擊, 急走, 抽打",3,CEEC-108
whiskey,n.,n. 威士忌酒；a. 威士忌酒的,6,CEEC-108
whisky,n.,"n. 威士忌酒, 輕便馬車；[化] 威士忌酒",6,CEEC-108
whisper,n./v.,低語,2,CEEC-108
whistle,n./v.,哨子；吹口哨,3,CEEC-108
white,adj./n.,白色的,1,CEEC-108
who,pron.,誰,1,CEEC-108
whoever,pron.,無論是誰,2,CEEC-108
whole,adj./n.,全部的,2,CEEC-108
wholesale,adj./adv./n./v.,批發；大批的,6,CEEC-108
wholesome,adj.,"a. 有益健康的, 合乎衛生的, 健全的, 有益的, 有生氣的, 審慎的",6,CEEC-108
whom,pron.,誰,2,CEEC-108
whose,pron.,誰的,1,CEEC-108
why,adv./n.,為什麼,1,CEEC-108
wicked,adj.,邪惡的,3,CEEC-108
wide,adj./adv.,寬的,1,CEEC-108
widen,v.,(使)變寬,3,CEEC-108
widespread,adj.,"a. 充分伸展的, 廣布的, 普及的, 流傳廣的",5,CEEC-108
widow,n.,"n. 寡婦, 孀婦；vt. 使成寡婦",6,CEEC-108
widower,n.,n. 鰥夫；[法] 鰥夫,6,CEEC-108
width,n.,"n. 寬度, 寬廣, 廣博；[醫] 寬度",2,CEEC-108
wife,n.,"n. 妻子, 太太, 夫人；[法] 妻子, 已婚婦女",1,CEEC-108
wig,n.,"n. 假髮, 斥責；vt. 給...戴假髮, 激怒, 使發狂；vi. 激動, 發狂",5,CEEC-108
wild,adj./adv./n.,"n. 荒野, 荒地；a. 野性的, 野蠻的, 野生的, 失控的, 任性的, 雜亂的, 輕率的, 狂熱的, 瘋狂的；adv. 狂暴地, 失控地",2,CEEC-108
wilderness,n.,"n. 荒野, 荒地, 大量",5,CEEC-108
wildlife,n.,n. 野生動植物,5,CEEC-108
will,aux./n.,"n. 意志, 決心, 意願, 意向, 幹勁, 遺囑；vt. 用意志的力量驅使, 決意, 願意, 立遺囑；vi. 下決心, 願意；aux. 將, 願意, 必須",1,CEEC-108
willing,adj.,"a. 樂意的, 自願的, 甘願的",2,CEEC-108
win,n./v.,"vt. 贏得, 打勝, 成功；vi. 獲勝, 達到, 影響；n. 勝利, 贏, 收益",1,CEEC-108
wind,n./v.,"n. 風, 氣息, 氣味, 呼吸, 風聲, 趨勢, 空談, 卷繞, 彎曲；vt. 使通風, 嗅出, 使喘氣, 吹號角, 上發條, 纏繞, 包, 絞起, 吊起, 使彎曲, 使迂迴；vi. 嗅出獵物, 吹響號角, 捲曲, 蜿蜒, 迂迴, 纏繞",1,CEEC-108
window,n.,"n. 窗戶, 窗子, 窗口；vt. 給...開窗；[計] 窗口",1,CEEC-108
windshield,n.,n. 擋風玻璃；[電] 風遮蔽,5,CEEC-108
windy,adj.,"a. 多風的, 風強的, 腹脹的, 吹牛的",2,CEEC-108
wine,n.,"n. 葡萄酒, 果酒, 暗紅色；v. (請)喝酒",2,CEEC-108
wing,n.,"n. 翅膀, 翼, 機翼, 派別；vt. 給...裝上翼, 飛過, 使飛, 空運, 增加...速度；vi. 飛行",2,CEEC-108
wink,n./v.,"n. 眨眼, 使眼色, 瞬間；vi. 眨眼, 使眼色, 閃爍；vt. 眨",4,CEEC-108
wipe,n./v.,"n. 擦拭, 用力打, 凸輪；vt. 擦, 揩, 消滅, 塗上, 拭去；vi. 擦, 打",3,CEEC-108
wire,n.,"n. 電線, 電報, 電信, 鐵絲網, 金屬絲；vt. 用金屬絲綑紮, 拍電報；vi. 打電報",2,CEEC-108
wisdom,n.,"n. 智慧, 明智行為, 學識, 名言, 賢人",3,CEEC-108
wise,adj.,"a. 明智的, 慎慮的, 聰明的, 博學的, 狡猾的, 機靈的；vi. 知道；vt. 教導, 告訴, 勸導；n. 方法, 方式；[計] 教育資訊系統",1,CEEC-108
wish,n./v.,"n. 希望, 願望, 祝願, 命令, 請求；vt. 願, 想要, 希望, 祝願；vi. 希望",1,CEEC-108
wit,n.,"n. 機智, 智力, 頭腦, 理智, 妙語, 機智的人",4,CEEC-108
witch,n.,"n. 巫婆, 女巫；vt. 施巫術, 迷惑",4,CEEC-108
with,prep.,"prep. 和...在一起, 以, 由於",1,CEEC-108
withdraw,v.,"vt. 撤回, 取回, 撤消, 使撤退, 拉開, 移開；vi. 撤退, 離開",4,CEEC-108
wither,v.,"vt. 使凋謝, 使消亡, 使畏縮；vi. 枯萎, 衰退",5,CEEC-108
withhold,v.,"vt. 使停止, 扣留, 保留, 拒給；vi. 克制, 忍住",6,CEEC-108
within,adv./prep.,"n. 內部, 裡頭；adv. 在內部, 在內心裡；prep. 在...之內",2,CEEC-108
without,adv./prep.,"prep. 沒有, 不, 在...之外；adv. 在外面, 戶外；n. 外面, 外部",1,CEEC-108
witness,n./v.,"n. 證人, 目擊者, 證據, 證詞；vt. 目擊, 作證, 證明, 表明；vi. 作證人, 作為證據",4,CEEC-108
witty,adj.,"a. 富於機智的, 詼諧的",5,CEEC-108
wizard,n.,"n. 男巫, 術士, 奇才；a. 男巫的, 巫術的；[計] 嚮導",4,CEEC-108
woe,n.,"n. 悲哀, 悲痛, 苦痛",6,CEEC-108
wolf,n.,"n. 狼, 殘忍貪婪之人, 極度窮困；vt. 狼吞虎咽, 大吃",2,CEEC-108
woman,n.,"n. 女人, 婦女, 女僕；a. 女用的, 女性的, 婦女的；vt. 貶稱...為女人, 使成女人腔",1,CEEC-108
wonder,n./v.,"n. 奇蹟, 驚奇, 驚愕；vt. 驚奇, 想知道；vi. 驚訝, 懷疑",2,CEEC-108
wonderful,adj.,"a. 令人驚奇的, 奇妙的, 極好的",1,CEEC-108
wood,n.,"n. 木材, 木製品；vt. 植林於, 給...添加木柴；vi. 收集木材",2,CEEC-108
wooden,adj.,"a. 木製的, 呆笨的, 木然的",2,CEEC-108
woodpecker,n.,n. 啄木鳥,6,CEEC-108
wool,n.,"n. 羊毛, 毛織物, 毛線, 絨線；[醫] 羊毛, 絨毛, 棉[花]",2,CEEC-108
word,n.,"n. 話, 消息, 詞, 諾言, 命令；vt. 用言辭表達；[計] 字",1,CEEC-108
work,n./v.,"n. 工作, 勞動, 職業, 行為, 功, 作品, 成果, 產品, 工程；vi. 工作, 勞動, 做, 運轉, 起作用, 被加工；vt. 使工作, 使轉動, 開動, 使用, 經營, 使逐漸變得, 造成",1,CEEC-108
workbook,n.,"n. 輔助練習冊, 工作規程書, 工作記事簿, 筆記本, 工作手冊；[計] 工作簿",2,CEEC-108
worker,n.,"n. 工人, 勞動者；[經] 工人, 勞工, 勞動者",1,CEEC-108
workforce,n.,"n. 勞動力；工人總數, 職工總數",6,CEEC-108
workout,n.,"n. 試驗, 試用, 鍛鍊",4,CEEC-108
workplace,n.,"n. 工作場所, 工廠, 車間",4,CEEC-108
workshop,n.,"n. 工場, 車間, 研討會；[計] 討論會; 專題研究組",5,CEEC-108
world,n.,"n. 世界, 地球, 宇宙, 萬物, 世人, 人間, 領域, 世事, 世故, 社會生活, 大量；[法] 世界, 地球, 世人",1,CEEC-108
worm,n./v.,"n. 蟲, 蠕蟲, 小人物, 螺紋, 蝸杆；vi. 蠕行, 慢慢前進；vt. 使蠕行, 慢慢地走, 除蟲；[計] 蠕蟲病毒",2,CEEC-108
worry,n./v.,"n. 擔心, 煩惱, 憂慮, 苦惱, 撕咬；vt. 使煩惱, 使焦慮, 使苦惱, 困擾, 折磨, 撕咬；vi. 煩惱, 擔心, 撕咬",1,CEEC-108
worse,adj./adv./n.,"n. 更壞的事, 更惡劣的事, 敗局；a. 更壞的, 更惡劣的；adv. 更壞地, 更惡劣地",2,CEEC-108
worship,n./v.,"n. 崇拜, 禮拜, 尊敬；vi. 參加禮拜；vt. 崇拜, 尊敬",5,CEEC-108
worst,adj./adv./n.,"n. 最壞, 最壞的時候；a. 最壞的, 最惡劣的, 最不利的；adv. 最壞, 最糟",2,CEEC-108
worth,adj./n.,"n. 價值, 財產；a. 值...的, 值得的",2,CEEC-108
worthwhile,adj.,"a. 值得花時間的, 值得做的, 有真實價值的",5,CEEC-108
worthy,adj.,"n. 傑出人物；a. 有價值的, 可敬的, 值得的",5,CEEC-108
wound,n./v.,"n. 創傷, 傷口, 傷疤, 傷害, 痛苦；vt. 傷害, 損害, 使受傷；vi. 打傷, 傷害；wind的過去式和過去分詞",2,CEEC-108
wrap,n./v.,"n. 外套, 圍巾, 包裹物, 限制, 約束, 秘密, 換行；vt. 包裝, 卷, 纏繞, 包, 裹, 覆蓋, 遮蔽, 隱藏, 掩護；vi. 纏繞, 穿外衣, 包起來；[計] 換行",3,CEEC-108
wreck,n./v.,"n. 失事, 殘骸, 破壞；vt. 使失事, 拆毀, 破壞；vi. (船)失事, 營救失事船隻",4,CEEC-108
wrestle,n./v.,"n. 摔跤, 角力, 扭鬥；vi. 摔跤, 搏鬥, 鬥爭, 斟酌；vt. 與(對手)摔跤",6,CEEC-108
wrinkle,n./v.,"n. 皺紋, 妙計, 方法, 技巧；vi. 起皺；vt. 使起皺紋",6,CEEC-108
wrist,n.,"n. 手腕, 腕關節；[醫] 腕",3,CEEC-108
write,v.,"vt. 書寫, 著述, 寫, 寫滿, 寫信給；vi. 寫, 寫字, 寫信, 寫作, 作曲；[計] 書寫器",1,CEEC-108
writer,n.,"n. 作家, 撰稿者, 抄寫員；[化] 記錄器",1,CEEC-108
wrong,adj./adv./n./v.,"a. 錯誤的, 不正當的, 失常的；adv. 錯誤地",1,CEEC-108
yacht,n./v.,"n. 快艇, 遊艇；vi. 駕遊艇, 乘遊艇",5,CEEC-108
yam,n.,"n. 山藥, 薯蕷；[醫] 薯蕷屬植物",2,CEEC-108
yard,n.,"n. 碼, 庭院, 工場；[化] 堆置場",1,CEEC-108
yawn,n./v.,"n. 哈欠；vi. 打哈欠, 裂開；vt. 打著哈欠說",4,CEEC-108
yeah,adv./n.,"adv. (非正式)是, 是的",1,CEEC-108
year,n.,"n. 年, 年度, 年齡；[經] 年度",1,CEEC-108
yearly,adj./adv.,"a. 每年的, 一年一度的；adv. 一年一次, 每年",3,CEEC-108
yearn,v.,"vi. 渴望, 想念, 懷念, 同情",6,CEEC-108
yell,n./v.,"vi. 叫喊, 大叫, (齊聲)吶喊歡呼；vt. 喊叫著說；n. 叫聲, 喊聲, 吶喊",3,CEEC-108
yellow,adj./n./v.,n. 黃色；a. 黃色的,1,CEEC-108
yes,adv./n.,"adv. 是；n. 是, 同意；v. 同意",1,CEEC-108
yesterday,adv./n.,n. 昨天；adv. 昨天,1,CEEC-108
yet,adv./conj.,"adv. 還, 尚, 仍然, 已經, 然而；conj. 然而",1,CEEC-108
yield,n./v.,"n. 生產量, 投資收益；vt. 出產, 給予, 讓出, 放棄, 使屈服；vi. 出產, 屈服, 投降, 倒塌",5,CEEC-108
yoga,n.,n. 瑜珈,6,CEEC-108
yogurt,n.,n. 酸乳酪；[醫] 酸乳,6,CEEC-108
yolk,n.,"n. 蛋黃, 卵黃；[醫] 卵黃, 羊毛脂",3,CEEC-108
you,pron.,"pron. 你, 你們",1,CEEC-108
young,adj./n.,"a. 年輕的, 無經驗的, 朝氣蓬勃的；n. 青年們, 幼小動物, 崽",1,CEEC-108
youngster,n.,"n. 小孩, 年輕人, 少年；[法] 兒童, 少年, 青年",3,CEEC-108
your,pron.,"pron. 你的, 你們的",1,CEEC-108
yours,pron.,"pron. 你的(東西), 你們的(東西)",1,CEEC-108
yourself,pron.,pron. 你自己,1,CEEC-108
yourselves,pron.,pron. 你們自己,1,CEEC-108
youth,n.,"n. 年輕, 青年時代, 青年們, 青春；[法] 青年, 青年時期, 青春時期",2,CEEC-108
youthful,adj.,"a. 年輕的, 青年的；[法] 青年的, 年輕的",4,CEEC-108
zebra,n.,n. 斑馬,2,CEEC-108
zero,n.,"n. 零, 零點, 零度, 無, 烏有, 最低點；a. 零的, 沒有的；vt. 調零, 對(炮火等)作協調校正；[計] 零",1,CEEC-108
zipper,n./v.,n. 拉鏈,3,CEEC-108
zone,n./v.,"n. 地帶, 帶, 地區；vt. 環繞, 使分成地帶；vi. 分成區；[計] 卡片頂部的三行區; 區; 區域",3,CEEC-108
zoo,n.,n. 動物園,1,CEEC-108
zoom,n./v.,"n. 急速上升, 變焦攝影, 嗡嗡聲；vi. 猛增, 急速上升, 攝象機移動；vt. 使攝象機移動；[計] 縮放",6,CEEC-108
